datetime,CarCount,BikeCount,BusCount,TruckCount,Total
2024-10-10 00:00:00,-1.1719749236801247,-0.8807732109220944,-0.8732691665594505,0.48792899125830425,-1.2173513364746114
2024-10-10 00:15:00,-1.149626345230506,-0.9674510461332897,-0.9532903827949687,1.5816004261126306,-1.020893322977677
2024-10-10 00:30:00,-1.2390206590289803,-0.8807732109220944,-0.8732691665594505,1.2170432811611887,-1.1280522394305503
2024-10-10 00:45:00,-1.2390206590289803,-0.8807732109220944,-0.8732691665594505,1.5816004261126306,-1.0566129617953015
2024-10-10 01:00:00,-1.2166720805793618,-0.8807732109220944,-0.9532903827949687,1.3993218536369096,-1.092332600612926
2024-10-10 01:15:00,-1.1272777667808875,-0.9674510461332897,-0.9532903827949687,1.8550182848262124,-0.9494540453424282
2024-10-10 01:30:00,-1.149626345230506,-0.8807732109220944,-0.8732691665594505,0.7613468499718858,-1.1459120588393625
2024-10-10 01:45:00,-1.1719749236801247,-0.8807732109220944,-0.9532903827949687,0.12337184630686211,-1.3066504335186724
2024-10-10 02:00:00,-1.3060663943778361,-1.054128881344485,-1.0333115990304869,0.6702075637340253,-1.360229891745109
2024-10-10 02:15:00,-1.1719749236801247,-1.054128881344485,-1.0333115990304869,1.3993218536369096,-1.1101924200217381
2024-10-10 02:30:00,-1.1272777667808875,-0.8807732109220944,-1.0333115990304869,1.7638789985883518,-0.9673138647512404
2024-10-10 02:45:00,-1.3507635512770733,-0.8807732109220944,-1.0333115990304869,1.6727397123504912,-1.1637718782481747
2024-10-10 03:00:00,-1.261369237478599,-0.9674510461332897,-1.0333115990304869,1.3993218536369096,-1.1637718782481747
2024-10-10 03:15:00,-1.2837178159282177,-1.054128881344485,-0.8732691665594505,1.4904611398747702,-1.1459120588393625
2024-10-10 03:30:00,-1.3060663943778361,-1.054128881344485,-1.0333115990304869,1.3993218536369096,-1.2173513364746114
2024-10-10 03:45:00,-1.2390206590289803,-0.9674510461332897,-0.8732691665594505,1.7638789985883518,-1.0387531423864893
2024-10-10 04:00:00,0.3700769893435582,-0.44738403486611766,-0.7932479503239322,-0.7880210160717432,-0.12790235253706653
2024-10-10 04:15:00,0.12424262639775369,-0.7940953757108989,-1.0333115990304869,1.0347647086854674,-0.0921827137194421
2024-10-10 04:30:00,0.5265170384908884,-0.18735052923253165,-0.8732691665594505,-0.7880210160717432,0.03283602214224337
2024-10-10 04:45:00,0.25833409709546523,-0.7940953757108989,-1.0333115990304869,-0.058906726168858975,-0.19934163017231535
2024-10-10 05:00:00,0.548865616940507,-0.8807732109220944,-1.0333115990304869,0.3056504187825832,0.08641548036867999
2024-10-10 05:15:00,0.4147741462427954,-0.9674510461332897,-0.47316308538185947,0.39678970502044375,0.10427529977749221
2024-10-10 05:30:00,0.5041684600412697,-0.3607061996549223,-0.5531843016173776,-0.7880210160717432,0.050695841551055575
2024-10-10 05:45:00,0.7053056660878371,1.286172669357789,0.16700664450228622,-0.9702995885474643,0.675789520859483
2024-10-10 06:00:00,0.928791450584023,-0.18735052923253165,0.8871975906219501,-0.6968817298338827,0.765088617903544
2024-10-10 06:15:00,0.3700769893435582,1.1994948341465936,-0.1530782204397866,-1.243717447261046,0.2650136744568021
2024-10-10 06:30:00,0.6159113522893627,0.3327164820346404,0.8871975906219501,-0.7880210160717432,0.604350243224234
2024-10-10 06:45:00,1.3981115980260135,0.5060721524570311,0.08698542826676801,-1.1525781610231856,1.015126089626915
2024-10-10 07:00:00,0.9958371859328787,0.5927499876682264,-0.0730570042042684,-0.42346387112030115,0.8186680761299806
2024-10-10 07:15:00,1.2640201273283018,0.07268297640105437,-0.23309943667530483,-1.243717447261046,0.7293689790859196
2024-10-10 07:30:00,0.5935627738397441,0.15936081161224971,0.24702786073780442,-0.6057424435960223,0.4436118685449242
2024-10-10 07:45:00,1.7333402747702922,1.546206174991375,0.32704907697332264,-0.6057424435960223,1.6580795883441544
2024-10-10 08:00:00,1.532203068723725,0.5060721524570311,0.6471339419153954,-0.6968817298338827,1.3366028389855347
2024-10-10 08:15:00,1.532203068723725,1.546206174991375,0.16700664450228622,-0.42346387112030115,1.4973412136648445
2024-10-10 08:30:00,1.196974391979446,0.07268297640105437,0.08698542826676801,-0.5146031573581616,0.8901073537652294
2024-10-10 08:45:00,1.6439459609718179,-0.013994858810140965,0.7271551581509137,-0.5146031573581616,1.372322477803159
2024-10-10 09:00:00,0.16893978329699086,-0.27402836444372697,0.08698542826676801,-0.15004601240671953,0.06855566095986779
2024-10-10 09:15:00,-0.7250033546877528,-0.013994858810140965,-0.313120652910823,-1.1525781610231856,-0.8780147677071793
2024-10-10 09:30:00,0.0795454694985165,-0.27402836444372697,1.0472400230929866,-0.8791603023096038,0.06855566095986779
2024-10-10 09:45:00,0.0795454694985165,-0.013994858810140965,-0.23309943667530483,-1.243717447261046,-0.2350612689899398
2024-10-10 10:00:00,-0.23333462879614378,-0.1006726940213363,-0.313120652910823,-0.15004601240671953,-0.3065005466251886
2024-10-10 10:15:00,-0.7473519331373714,-0.44738403486611766,1.1272612393285046,-0.6057424435960223,-0.5565380183485595
2024-10-10 10:30:00,-0.27803178569538095,0.07268297640105437,-0.47316308538185947,-1.243717447261046,-0.5565380183485595
2024-10-10 10:45:00,-0.7026547762381342,-0.18735052923253165,-0.313120652910823,1.4904611398747702,-0.3779398242604375
2024-10-10 11:00:00,-0.7473519331373714,-0.18735052923253165,-0.23309943667530483,0.6702075637340253,-0.5565380183485595
2024-10-10 11:15:00,-0.4121232563930925,-0.18735052923253165,-0.6332055178528959,0.5790682774961649,-0.3957996436692497
2024-10-10 11:30:00,-0.8367462469358458,-1.054128881344485,-0.6332055178528959,0.9436254224476069,-0.8422951288895549
2024-10-10 11:45:00,-0.6803061977885156,-0.44738403486611766,0.006964212031249799,1.3993218536369096,-0.3600800048516252
2024-10-10 12:00:00,-0.6132604624396598,-0.18735052923253165,-0.39314186914634125,1.125903994923328,-0.3957996436692497
2024-10-10 12:15:00,-0.7473519331373714,-0.7940953757108989,-0.0730570042042684,1.4904611398747702,-0.4850987407133107
2024-10-10 12:30:00,-0.2556832072457624,-0.6207397052885083,-0.0730570042042684,0.9436254224476069,-0.16362199135469094
2024-10-10 12:45:00,-0.3003803641449995,-0.8807732109220944,-0.0730570042042684,0.9436254224476069,-0.252921088398752
2024-10-10 13:00:00,0.05719689104889791,0.5927499876682264,0.40707029320884086,1.0347647086854674,0.4614716879537364
2024-10-10 13:15:00,0.16893978329699086,0.24603864682344503,-0.7932479503239322,-0.15004601240671953,-0.020743436084193264
2024-10-10 13:30:00,-0.9931862960831759,0.5060721524570311,0.40707029320884086,0.39678970502044375,-0.5208183795309351
2024-10-10 13:45:00,-0.05454600119919504,-0.1006726940213363,0.24702786073780442,-0.6968817298338827,-0.14576217194587873
2024-10-10 14:00:00,-1.3060663943778361,0.4193943172458357,0.5671127256798772,-0.058906726168858975,-0.8422951288895549
2024-10-10 14:15:00,0.23598551864584666,0.24603864682344503,1.5273673205060956,-0.15004601240671953,0.5507707849977974
2024-10-10 14:30:00,-0.1439403149976694,0.15936081161224971,0.40707029320884086,0.8524861362097464,0.17571457741274105
2024-10-10 14:45:00,0.548865616940507,-0.27402836444372697,-0.7932479503239322,-0.42346387112030115,0.12213511918630442
2024-10-10 15:00:00,-1.3507635512770733,0.07268297640105437,-0.7132267340884141,0.12337184630686211,-1.1994915170657992
2024-10-10 15:15:00,-0.7250033546877528,0.5060721524570311,0.7271551581509137,0.39678970502044375,-0.2350612689899398
2024-10-10 15:30:00,-0.5909118839900412,0.5927499876682264,0.006964212031249799,0.39678970502044375,-0.2707809078075642
2024-10-10 15:45:00,1.8897803239176225,0.766105658090617,-0.23309943667530483,-0.42346387112030115,1.533060852482469
2024-10-10 16:00:00,1.3534144411267761,1.286172669357789,2.167537050390241,0.03223256006900157,1.8366777824322766
2024-10-10 16:15:00,1.7556888532199109,-0.44738403486611766,1.7674309692126502,-0.15004601240671953,1.6759394077529666
2024-10-10 16:30:00,1.7780374316695295,0.07268297640105437,-0.0730570042042684,-0.058906726168858975,1.4080421166207835
2024-10-10 16:45:00,1.2416715488786834,1.4595283397801795,1.1272612393285046,-0.3323245848824406,1.4794813942560323
2024-10-10 17:00:00,1.8897803239176225,0.766105658090617,1.9274734016836867,0.03223256006900157,2.1045750735644595
2024-10-10 17:15:00,1.2640201273283018,-0.3607061996549223,-0.23309943667530483,-0.6968817298338827,0.7472287984947318
2024-10-10 17:30:00,1.420460176475632,0.6794278228794217,1.7674309692126502,-0.058906726168858975,1.6580795883441544
2024-10-10 17:45:00,1.085231499731353,-0.44738403486611766,2.087515834154723,0.03223256006900157,1.2473037419414736
2024-10-10 18:00:00,0.9734886074832602,-0.18735052923253165,1.0472400230929866,-0.15004601240671953,0.943686811991666
2024-10-10 18:15:00,0.7946999798863115,0.8527834933018124,0.8871975906219501,-0.058906726168858975,0.9972662702181027
2024-10-10 18:30:00,0.5712141953901255,0.07268297640105437,-0.39314186914634125,-0.6057424435960223,0.2650136744568021
2024-10-10 18:45:00,0.548865616940507,0.4193943172458357,-0.23309943667530483,-0.6968817298338827,0.33645295209205095
2024-10-10 19:00:00,0.928791450584023,-0.8807732109220944,0.16700664450228622,1.4904611398747702,0.8901073537652294
2024-10-10 19:15:00,0.012499734149660732,-0.44738403486611766,-0.6332055178528959,0.3056504187825832,-0.16362199135469094
2024-10-10 19:30:00,0.7276542445374556,-0.6207397052885083,-0.47316308538185947,1.0347647086854674,0.5507707849977974
2024-10-10 19:45:00,0.5712141953901255,-0.18735052923253165,0.32704907697332264,0.8524861362097464,0.6579297014506708
2024-10-10 20:00:00,0.3700769893435582,-0.7074175404997036,-0.313120652910823,0.12337184630686211,0.10427529977749221
2024-10-10 20:15:00,-0.00984884429995786,-0.18735052923253165,0.487091509444359,-0.058906726168858975,0.050695841551055575
2024-10-10 20:30:00,-0.2556832072457624,-0.7940953757108989,0.5671127256798772,-0.3323245848824406,-0.3065005466251886
2024-10-10 20:45:00,0.2806826755450838,-0.534061870077313,0.24702786073780442,1.4904611398747702,0.4614716879537364
2024-10-10 21:00:00,0.1018940479481351,0.6794278228794217,-0.23309943667530483,1.308182567399049,0.425752049136112
2024-10-10 21:15:00,0.548865616940507,-0.27402836444372697,-0.1530782204397866,-0.6968817298338827,0.21143421623036546
2024-10-10 21:30:00,0.6829570876382185,-1.054128881344485,0.487091509444359,0.39678970502044375,0.515051146180173
2024-10-10 21:45:00,-1.149626345230506,-0.9674510461332897,-1.0333115990304869,0.7613468499718858,-1.1994915170657992
2024-10-10 22:00:00,-1.3060663943778361,-0.9674510461332897,-1.0333115990304869,1.5816004261126306,-1.1637718782481747
2024-10-10 22:15:00,-1.261369237478599,-1.054128881344485,-0.8732691665594505,1.4904611398747702,-1.1280522394305503
2024-10-10 22:30:00,-1.3060663943778361,-1.054128881344485,-1.0333115990304869,1.3993218536369096,-1.2173513364746114
2024-10-10 22:45:00,-1.2166720805793618,-1.054128881344485,-0.9532903827949687,1.308182567399049,-1.1459120588393625
2024-10-10 23:00:00,-1.2166720805793618,-0.8807732109220944,-0.8732691665594505,1.9461575710640728,-0.9673138647512404
2024-10-10 23:15:00,-1.2166720805793618,-0.9674510461332897,-1.0333115990304869,1.125903994923328,-1.181631697656987
2024-10-10 23:30:00,-1.261369237478599,-0.8807732109220944,-0.9532903827949687,0.12337184630686211,-1.3780897111539212
2024-10-10 23:45:00,-1.2837178159282177,-0.9674510461332897,-0.8732691665594505,1.125903994923328,-1.1994915170657992
2024-10-11 00:00:00,-1.261369237478599,-0.9674510461332897,-0.8732691665594505,0.9436254224476069,-1.2173513364746114
2024-10-11 00:15:00,-1.1943235021297431,-0.8807732109220944,-0.9532903827949687,1.2170432811611887,-1.1101924200217381
2024-10-11 00:30:00,-1.2166720805793618,-0.8807732109220944,-0.9532903827949687,1.308182567399049,-1.1101924200217381
2024-10-11 00:45:00,-1.3060663943778361,-1.054128881344485,-1.0333115990304869,0.9436254224476069,-1.3066504335186724
2024-10-11 01:00:00,-1.3507635512770733,-0.9674510461332897,-0.8732691665594505,0.21451113254472265,-1.4316691693803578
2024-10-11 01:15:00,-1.1719749236801247,-0.9674510461332897,-0.8732691665594505,0.12337184630686211,-1.3066504335186724
2024-10-11 01:30:00,-1.3060663943778361,-0.9674510461332897,-1.0333115990304869,1.9461575710640728,-1.092332600612926
2024-10-11 01:45:00,-1.1719749236801247,-0.8807732109220944,-0.8732691665594505,1.0347647086854674,-1.1101924200217381
2024-10-11 02:00:00,-1.2390206590289803,-1.054128881344485,-0.8732691665594505,1.4904611398747702,-1.1101924200217381
2024-10-11 02:15:00,-1.1272777667808875,-0.8807732109220944,-0.8732691665594505,1.2170432811611887,-1.0387531423864893
2024-10-11 02:30:00,-1.2837178159282177,-0.8807732109220944,-0.8732691665594505,0.6702075637340253,-1.270930794701048
2024-10-11 02:45:00,-1.2166720805793618,-1.054128881344485,-1.0333115990304869,0.8524861362097464,-1.2530709752922358
2024-10-11 03:00:00,-1.3060663943778361,-1.054128881344485,-0.9532903827949687,1.5816004261126306,-1.1637718782481747
2024-10-11 03:15:00,-1.2837178159282177,-1.054128881344485,-0.9532903827949687,1.2170432811611887,-1.2173513364746114
2024-10-11 03:30:00,-1.1272777667808875,-0.9674510461332897,-1.0333115990304869,1.4904611398747702,-1.0387531423864893
2024-10-11 03:45:00,-1.261369237478599,-0.9674510461332897,-1.0333115990304869,1.308182567399049,-1.181631697656987
2024-10-11 04:00:00,0.1465912048473723,-0.44738403486611766,-0.8732691665594505,-0.42346387112030115,-0.252921088398752
2024-10-11 04:15:00,-0.03219742274957645,-0.44738403486611766,-0.47316308538185947,0.12337184630686211,-0.19934163017231535
2024-10-11 04:30:00,0.437122724692414,-0.3607061996549223,-0.6332055178528959,-0.42346387112030115,0.050695841551055575
2024-10-11 04:45:00,0.16893978329699086,-0.534061870077313,-0.5531843016173776,-0.3323245848824406,-0.16362199135469094
2024-10-11 05:00:00,-0.18863747189690658,-1.054128881344485,-1.0333115990304869,-0.3323245848824406,-0.6636969348014328
2024-10-11 05:15:00,0.3477284108939396,-0.7074175404997036,-0.7132267340884141,0.48792899125830425,0.06855566095986779
2024-10-11 05:30:00,-0.2556832072457624,-0.534061870077313,-0.7932479503239322,-0.058906726168858975,-0.5029585601221229
2024-10-11 05:45:00,0.7053056660878371,0.8527834933018124,0.8071763743864319,-0.6057424435960223,0.8008082567211684
2024-10-11 06:00:00,0.9734886074832602,-0.18735052923253165,0.08698542826676801,-0.5146031573581616,0.6579297014506708
2024-10-11 06:15:00,0.81704855833593,0.9394613285130077,0.8071763743864319,-0.6968817298338827,0.8901073537652294
2024-10-11 06:30:00,1.5545516471733436,0.07268297640105437,0.40707029320884086,-1.1525781610231856,1.1222850060797882
2024-10-11 06:45:00,0.8840942936847858,-0.013994858810140965,0.006964212031249799,-0.8791603023096038,0.5329109655889852
2024-10-11 07:00:00,0.548865616940507,0.4193943172458357,0.487091509444359,-0.9702995885474643,0.4436118685449242
2024-10-11 07:15:00,0.8617457152351672,0.15936081161224971,0.487091509444359,-1.061438874785325,0.6222100626330462
2024-10-11 07:30:00,1.532203068723725,0.6794278228794217,0.8871975906219501,-0.9702995885474643,1.372322477803159
2024-10-11 07:45:00,1.2193229704290647,1.1994948341465936,0.32704907697332264,-0.9702995885474643,1.104425186670976
2024-10-11 08:00:00,1.7109916963206737,0.5927499876682264,0.24702786073780442,-1.243717447261046,1.3008832001679103
2024-10-11 08:15:00,1.2416715488786834,1.3728505045689845,0.5671127256798772,-0.3323245848824406,1.3366028389855347
2024-10-11 08:30:00,0.437122724692414,1.1994948341465936,0.32704907697332264,-0.8791603023096038,0.4971913267713608
2024-10-11 08:45:00,1.6662945394214366,0.24603864682344503,0.08698542826676801,-0.6057424435960223,1.283023380759098
2024-10-11 09:00:00,0.05719689104889791,-0.013994858810140965,1.287303671799541,-0.6057424435960223,0.21143421623036546
2024-10-11 09:15:00,-0.21098605034652518,-0.44738403486611766,0.08698542826676801,-0.3323245848824406,-0.3065005466251886
2024-10-11 09:30:00,-0.7250033546877528,0.15936081161224971,-0.0730570042042684,0.03223256006900157,-0.5565380183485595
2024-10-11 09:45:00,-0.09924315809843222,-0.27402836444372697,0.40707029320884086,-1.1525781610231856,-0.2707809078075642
2024-10-11 10:00:00,-0.657957619338897,-0.18735052923253165,0.8871975906219501,-0.42346387112030115,-0.4493791018956863
2024-10-11 10:15:00,-0.18863747189690658,0.07268297640105437,0.7271551581509137,0.03223256006900157,0.03283602214224337
2024-10-11 10:30:00,-0.03219742274957645,-0.27402836444372697,0.5671127256798772,0.03223256006900157,0.050695841551055575
2024-10-11 10:45:00,-0.7920490900366085,-0.44738403486611766,-0.9532903827949687,1.125903994923328,-0.7172763930278695
2024-10-11 11:00:00,-0.2556832072457624,-0.18735052923253165,-0.23309943667530483,0.8524861362097464,-0.12790235253706653
2024-10-11 11:15:00,-0.8367462469358458,-0.6207397052885083,-0.0730570042042684,0.9436254224476069,-0.6279772959838084
2024-10-11 11:30:00,-0.3450775210442367,-0.8807732109220944,-0.7132267340884141,1.0347647086854674,-0.4136594630780619
2024-10-11 11:45:00,-0.12159173654805082,-0.7074175404997036,-0.7932479503239322,0.6702075637340253,-0.2886407272163764
2024-10-11 12:00:00,-0.5909118839900412,-0.7074175404997036,-0.7132267340884141,1.0347647086854674,-0.5743978377573717
2024-10-11 12:15:00,-0.7473519331373714,-0.9674510461332897,-0.0730570042042684,0.7613468499718858,-0.6636969348014328
2024-10-11 12:30:00,-0.1439403149976694,-0.7940953757108989,-0.0730570042042684,0.8524861362097464,-0.12790235253706653
2024-10-11 12:45:00,-0.03219742274957645,-0.27402836444372697,-0.313120652910823,0.5790682774961649,-0.03860325549300547
2024-10-11 13:00:00,-0.3003803641449995,0.4193943172458357,0.32704907697332264,0.21451113254472265,-0.03860325549300547
2024-10-11 13:15:00,0.6829570876382185,0.15936081161224971,-0.7932479503239322,0.3056504187825832,0.4614716879537364
2024-10-11 13:30:00,-0.09924315809843222,-0.3607061996549223,0.6471339419153954,0.48792899125830425,0.08641548036867999
2024-10-11 13:45:00,0.7723514014366928,-0.44738403486611766,-0.1530782204397866,0.3056504187825832,0.5507707849977974
2024-10-11 14:00:00,-1.3284149728274548,-0.3607061996549223,1.5273673205060956,0.48792899125830425,-0.6994165736190572
2024-10-11 14:15:00,0.5041684600412697,0.15936081161224971,1.5273673205060956,0.6702075637340253,0.9079671731740416
2024-10-11 14:30:00,-0.8590948253854643,0.15936081161224971,0.16700664450228622,0.39678970502044375,-0.5386781989397473
2024-10-11 14:45:00,-0.9708377176335573,0.24603864682344503,0.6471339419153954,-0.7880210160717432,-0.7351362124366817
2024-10-11 15:00:00,-0.27803178569538095,-0.6207397052885083,0.32704907697332264,0.21451113254472265,-0.2350612689899398
2024-10-11 15:15:00,-0.09924315809843222,-0.1006726940213363,1.1272612393285046,0.3056504187825832,0.21143421623036546
2024-10-11 15:30:00,0.19128836174660946,0.07268297640105437,-0.6332055178528959,0.6702075637340253,0.15785475800392884
2024-10-11 15:45:00,1.2416715488786834,-0.44738403486611766,0.24702786073780442,0.12337184630686211,0.9794064508092905
2024-10-11 16:00:00,0.9958371859328787,-0.27402836444372697,1.9274734016836867,-0.5146031573581616,1.0687055478533516
2024-10-11 16:15:00,1.1299286566305904,-0.013994858810140965,2.087515834154723,-0.6057424435960223,1.2473037419414736
2024-10-11 16:30:00,0.7723514014366928,1.286172669357789,2.087515834154723,-0.5146031573581616,1.2473037419414736
2024-10-11 16:45:00,1.1746258135298275,-0.1006726940213363,1.207282455564023,-0.6968817298338827,1.0508457284445394
2024-10-11 17:00:00,1.5992488040725807,0.15936081161224971,0.006964212031249799,-0.5146031573581616,1.2115841031238492
2024-10-11 17:15:00,1.4428087549252506,0.9394613285130077,0.08698542826676801,-0.058906726168858975,1.3544626583943469
2024-10-11 17:30:00,1.800386010119148,0.07268297640105437,-0.23309943667530483,-0.058906726168858975,1.3901822972119713
2024-10-11 17:45:00,1.085231499731353,0.9394613285130077,0.487091509444359,-0.6968817298338827,1.0329859090357272
2024-10-11 18:00:00,0.8617457152351672,0.5060721524570311,0.16700664450228622,-0.3323245848824406,0.765088617903544
2024-10-11 18:15:00,1.085231499731353,1.026139163724203,1.4473461042705773,-0.7880210160717432,1.2473037419414736
2024-10-11 18:30:00,0.548865616940507,-1.054128881344485,0.40707029320884086,-0.6968817298338827,0.17571457741274105
2024-10-11 18:45:00,0.6606085091885999,-0.8807732109220944,-0.313120652910823,-0.3323245848824406,0.21143421623036546
2024-10-11 19:00:00,-0.12159173654805082,-0.7074175404997036,-0.47316308538185947,0.8524861362097464,-0.18148181076350314
2024-10-11 19:15:00,0.1465912048473723,-0.9674510461332897,-0.313120652910823,1.2170432811611887,0.08641548036867999
2024-10-11 19:30:00,0.5935627738397441,0.6794278228794217,-0.1530782204397866,1.125903994923328,0.8008082567211684
2024-10-11 19:45:00,0.1018940479481351,0.5060721524570311,-0.313120652910823,0.39678970502044375,0.19357439682155325
2024-10-11 20:00:00,0.7053056660878371,-0.3607061996549223,0.32704907697332264,-0.7880210160717432,0.40789222972729977
2024-10-11 20:15:00,0.1465912048473723,-0.1006726940213363,-0.6332055178528959,0.48792899125830425,0.050695841551055575
2024-10-11 20:30:00,-0.12159173654805082,-0.013994858810140965,0.5671127256798772,0.8524861362097464,0.19357439682155325
2024-10-11 20:45:00,-0.07689457964881363,-0.44738403486611766,-0.47316308538185947,-0.5146031573581616,-0.3600800048516252
2024-10-11 21:00:00,0.30303125399470243,0.5927499876682264,0.006964212031249799,-0.15004601240671953,0.33645295209205095
2024-10-11 21:15:00,0.5935627738397441,-0.27402836444372697,0.16700664450228622,0.03223256006900157,0.4614716879537364
2024-10-11 21:30:00,-0.07689457964881363,-0.9674510461332897,-0.6332055178528959,-0.7880210160717432,-0.5565380183485595
2024-10-11 21:45:00,-1.1719749236801247,-1.054128881344485,-0.9532903827949687,1.8550182848262124,-1.003033503568865
2024-10-11 22:00:00,-1.1272777667808875,-0.8807732109220944,-0.9532903827949687,0.48792899125830425,-1.1994915170657992
2024-10-11 22:15:00,-1.1943235021297431,-0.8807732109220944,-0.8732691665594505,0.3056504187825832,-1.270930794701048
2024-10-11 22:30:00,-1.3507635512770733,-1.054128881344485,-1.0333115990304869,1.5816004261126306,-1.2173513364746114
2024-10-11 22:45:00,-1.2166720805793618,-0.9674510461332897,-0.8732691665594505,0.6702075637340253,-1.2352111558834236
2024-10-11 23:00:00,-1.3284149728274548,-0.9674510461332897,-0.8732691665594505,0.8524861362097464,-1.2887906141098602
2024-10-11 23:15:00,-1.3284149728274548,-1.054128881344485,-0.9532903827949687,0.7613468499718858,-1.3423700723362968
2024-10-11 23:30:00,-1.2390206590289803,-1.054128881344485,-0.8732691665594505,1.308182567399049,-1.1459120588393625
2024-10-11 23:45:00,-1.3507635512770733,-1.054128881344485,-0.9532903827949687,0.7613468499718858,-1.360229891745109
2024-10-12 00:00:00,-1.3284149728274548,-0.9674510461332897,-0.8732691665594505,1.6727397123504912,-1.1280522394305503
2024-10-12 00:15:00,-1.3507635512770733,-0.8807732109220944,-0.9532903827949687,1.5816004261126306,-1.1637718782481747
2024-10-12 00:30:00,-1.3284149728274548,-0.9674510461332897,-1.0333115990304869,0.6702075637340253,-1.360229891745109
2024-10-12 00:45:00,-1.261369237478599,-0.8807732109220944,-1.0333115990304869,0.21451113254472265,-1.3780897111539212
2024-10-12 01:00:00,-1.2166720805793618,-0.8807732109220944,-0.8732691665594505,1.4904611398747702,-1.0566129617953015
2024-10-12 01:15:00,-1.2837178159282177,-0.8807732109220944,-1.0333115990304869,1.3993218536369096,-1.1637718782481747
2024-10-12 01:30:00,-1.149626345230506,-0.8807732109220944,-1.0333115990304869,1.4904611398747702,-1.0387531423864893
2024-10-12 01:45:00,-1.2837178159282177,-1.054128881344485,-1.0333115990304869,1.5816004261126306,-1.1637718782481747
2024-10-12 02:00:00,-1.2390206590289803,-0.9674510461332897,-1.0333115990304869,0.21451113254472265,-1.3780897111539212
2024-10-12 02:15:00,-1.149626345230506,-1.054128881344485,-0.9532903827949687,1.4904611398747702,-1.0566129617953015
2024-10-12 02:30:00,-1.2837178159282177,-0.9674510461332897,-1.0333115990304869,0.21451113254472265,-1.4138093499715456
2024-10-12 02:45:00,-1.1943235021297431,-0.8807732109220944,-0.9532903827949687,1.6727397123504912,-1.020893322977677
2024-10-12 03:00:00,-1.1272777667808875,-0.8807732109220944,-0.9532903827949687,1.0347647086854674,-1.092332600612926
2024-10-12 03:15:00,-1.1943235021297431,-0.8807732109220944,-0.9532903827949687,1.308182567399049,-1.092332600612926
2024-10-12 03:30:00,-1.2837178159282177,-1.054128881344485,-0.8732691665594505,1.7638789985883518,-1.092332600612926
2024-10-12 03:45:00,-1.2390206590289803,-0.9674510461332897,-0.8732691665594505,1.8550182848262124,-1.020893322977677
2024-10-12 04:00:00,0.548865616940507,-0.6207397052885083,-1.0333115990304869,0.8524861362097464,0.2471538550479899
2024-10-12 04:15:00,-0.18863747189690658,-0.27402836444372697,-1.0333115990304869,-0.3323245848824406,-0.5029585601221229
2024-10-12 04:30:00,-0.09924315809843222,-0.6207397052885083,-1.0333115990304869,-0.6968817298338827,-0.5743978377573717
2024-10-12 04:45:00,0.4147741462427954,-0.18735052923253165,-0.5531843016173776,-0.24118529864458005,0.12213511918630442
2024-10-12 05:00:00,-0.1439403149976694,-0.3607061996549223,-0.6332055178528959,-0.058906726168858975,-0.342220185442813
2024-10-12 05:15:00,-0.03219742274957645,-0.6207397052885083,-0.7932479503239322,0.7613468499718858,-0.18148181076350314
2024-10-12 05:30:00,0.1465912048473723,-0.7940953757108989,-0.6332055178528959,-0.7880210160717432,-0.342220185442813
2024-10-12 05:45:00,0.81704855833593,-0.013994858810140965,0.08698542826676801,-1.061438874785325,0.4614716879537364
2024-10-12 06:00:00,1.4875059118244878,0.3327164820346404,0.8071763743864319,-0.8791603023096038,1.2651635613502858
2024-10-12 06:15:00,1.085231499731353,-0.1006726940213363,0.9672188068574683,-1.061438874785325,0.854387714947605
2024-10-12 06:30:00,1.1522772350802089,0.5060721524570311,0.7271551581509137,-0.6057424435960223,1.0687055478533516
2024-10-12 06:45:00,1.8674317454680038,0.24603864682344503,-0.23309943667530483,-0.3323245848824406,1.4259019360295957
2024-10-12 07:00:00,0.8393971367855486,1.4595283397801795,-0.0730570042042684,-1.1525781610231856,0.7293689790859196
2024-10-12 07:15:00,0.3477284108939396,1.546206174991375,0.24702786073780442,-1.243717447261046,0.40789222972729977
2024-10-12 07:30:00,1.6662945394214366,0.15936081161224971,-0.0730570042042684,-0.6057424435960223,1.2294439225326614
2024-10-12 07:45:00,0.5041684600412697,1.1128169989353984,0.8071763743864319,-1.243717447261046,0.5686306044066096
2024-10-12 08:00:00,1.800386010119148,0.4193943172458357,0.5671127256798772,-1.1525781610231856,1.4259019360295957
2024-10-12 08:15:00,1.8450831670183852,0.3327164820346404,0.9672188068574683,-1.1525781610231856,1.533060852482469
2024-10-12 08:30:00,1.3310658626771577,0.766105658090617,0.7271551581509137,-0.6968817298338827,1.2473037419414736
2024-10-12 08:45:00,0.5041684600412697,1.546206174991375,0.8071763743864319,-1.243717447261046,0.6579297014506708
2024-10-12 09:00:00,0.03484831259927933,0.15936081161224971,0.8871975906219501,0.03223256006900157,0.2650136744568021
2024-10-12 09:15:00,-0.21098605034652518,-0.013994858810140965,1.3673248880350592,-0.24118529864458005,0.08641548036867999
2024-10-12 09:30:00,0.21363694019622806,-0.27402836444372697,0.16700664450228622,0.03223256006900157,0.15785475800392884
2024-10-12 09:45:00,-0.3003803641449995,-0.3607061996549223,-0.6332055178528959,-0.6057424435960223,-0.5743978377573717
2024-10-12 10:00:00,-0.5685633055404227,-0.27402836444372697,0.9672188068574683,-0.6057424435960223,-0.4136594630780619
2024-10-12 10:15:00,-0.4344718348427111,-0.44738403486611766,1.3673248880350592,-0.5146031573581616,-0.2350612689899398
2024-10-12 10:30:00,0.23598551864584666,-0.534061870077313,-0.39314186914634125,-0.42346387112030115,-0.0921827137194421
2024-10-12 10:45:00,-0.07689457964881363,-0.534061870077313,-0.5531843016173776,0.5790682774961649,-0.18148181076350314
2024-10-12 11:00:00,-0.05454600119919504,-0.3607061996549223,-0.313120652910823,0.7613468499718858,-0.03860325549300547
2024-10-12 11:15:00,-0.5909118839900412,-0.8807732109220944,-0.0730570042042684,0.5790682774961649,-0.5565380183485595
2024-10-12 11:30:00,-0.23333462879614378,-0.44738403486611766,-0.7132267340884141,1.4904611398747702,-0.14576217194587873
2024-10-12 11:45:00,-0.03219742274957645,-0.27402836444372697,-0.39314186914634125,1.3993218536369096,0.10427529977749221
2024-10-12 12:00:00,-0.21098605034652518,-0.9674510461332897,-0.6332055178528959,0.7613468499718858,-0.3600800048516252
2024-10-12 12:15:00,-0.5015175701915668,-0.7940953757108989,-0.7132267340884141,1.4904611398747702,-0.4315192824868741
2024-10-12 12:30:00,-0.3003803641449995,-1.054128881344485,-0.7932479503239322,1.0347647086854674,-0.4315192824868741
2024-10-12 12:45:00,-0.9037919822847015,-0.44738403486611766,-0.7132267340884141,1.308182567399049,-0.7172763930278695
2024-10-12 13:00:00,-0.4121232563930925,0.07268297640105437,-1.0333115990304869,-0.058906726168858975,-0.5565380183485595
2024-10-12 13:15:00,-0.8814434038350829,0.3327164820346404,1.4473461042705773,0.6702075637340253,-0.18148181076350314
2024-10-12 13:30:00,0.45947130314203255,-0.7940953757108989,-0.313120652910823,1.0347647086854674,0.33645295209205095
2024-10-12 13:45:00,-0.4344718348427111,-0.534061870077313,0.6471339419153954,-0.6968817298338827,-0.4493791018956863
2024-10-12 14:00:00,0.012499734149660732,0.07268297640105437,-0.7932479503239322,0.6702075637340253,-0.020743436084193264
2024-10-12 14:15:00,0.5265170384908884,0.5927499876682264,0.6471339419153954,-0.058906726168858975,0.675789520859483
2024-10-12 14:30:00,0.5041684600412697,-0.9674510461332897,-0.23309943667530483,0.21451113254472265,0.19357439682155325
2024-10-12 14:45:00,0.5041684600412697,-0.3607061996549223,-0.39314186914634125,0.48792899125830425,0.33645295209205095
2024-10-12 15:00:00,0.6829570876382185,0.6794278228794217,1.207282455564023,-0.42346387112030115,0.8722475343564172
2024-10-12 15:15:00,0.1018940479481351,-0.9674510461332897,0.5671127256798772,-0.24118529864458005,-0.03860325549300547
2024-10-12 15:30:00,0.30303125399470243,-0.7940953757108989,0.08698542826676801,0.3056504187825832,0.15785475800392884
2024-10-12 15:45:00,1.5098544902741065,-0.534061870077313,0.6471339419153954,-0.3323245848824406,1.1758644643062248
2024-10-12 16:00:00,1.3981115980260135,-0.1006726940213363,2.007494617919205,-0.42346387112030115,1.46162157484722
2024-10-12 16:15:00,1.2863687057779205,1.286172669357789,1.687409752977132,-0.5146031573581616,1.5687804913000933
2024-10-12 16:30:00,1.420460176475632,0.9394613285130077,0.32704907697332264,-0.24118529864458005,1.3544626583943469
2024-10-12 16:45:00,0.8617457152351672,0.8527834933018124,2.167537050390241,-0.6968817298338827,1.2115841031238492
2024-10-12 17:00:00,1.3981115980260135,-0.27402836444372697,0.487091509444359,-0.42346387112030115,1.0865653672621638
2024-10-12 17:15:00,1.4428087549252506,-0.18735052923253165,2.007494617919205,-0.6968817298338827,1.4259019360295957
2024-10-12 17:30:00,1.800386010119148,0.15936081161224971,1.7674309692126502,-0.3323245848824406,1.8009581436146522
2024-10-12 17:45:00,1.2193229704290647,0.8527834933018124,1.5273673205060956,-0.15004601240671953,1.46162157484722
2024-10-12 18:00:00,0.81704855833593,1.1128169989353984,1.4473461042705773,-0.42346387112030115,1.1222850060797882
2024-10-12 18:15:00,1.1299286566305904,-0.1006726940213363,0.40707029320884086,-0.058906726168858975,0.9615466314004782
2024-10-12 18:30:00,0.3924255677931768,0.5927499876682264,0.16700664450228622,0.3056504187825832,0.5329109655889852
2024-10-12 18:45:00,0.03484831259927933,-0.18735052923253165,-0.1530782204397866,0.48792899125830425,0.050695841551055575
2024-10-12 19:00:00,0.7276542445374556,-0.6207397052885083,-0.313120652910823,0.5790682774961649,0.4971913267713608
2024-10-12 19:15:00,-0.09924315809843222,-0.8807732109220944,-0.1530782204397866,1.125903994923328,-0.0743228943106299
2024-10-12 19:30:00,0.325379832444321,0.15936081161224971,-0.6332055178528959,-0.3323245848824406,0.08641548036867999
2024-10-12 19:45:00,-0.1439403149976694,-0.6207397052885083,-0.5531843016173776,-0.6968817298338827,-0.5029585601221229
2024-10-12 20:00:00,0.05719689104889791,0.15936081161224971,0.5671127256798772,-0.7880210160717432,0.050695841551055575
2024-10-12 20:15:00,0.4147741462427954,0.24603864682344503,-0.0730570042042684,-0.24118529864458005,0.31859313268323874
2024-10-12 20:30:00,0.03484831259927933,0.5927499876682264,0.24702786073780442,-0.15004601240671953,0.17571457741274105
2024-10-12 20:45:00,-0.27803178569538095,0.15936081161224971,0.487091509444359,1.308182567399049,0.17571457741274105
2024-10-12 21:00:00,-0.3450775210442367,-0.9674510461332897,-0.5531843016173776,0.12337184630686211,-0.5743978377573717
2024-10-12 21:15:00,-0.03219742274957645,-1.054128881344485,-0.313120652910823,1.2170432811611887,-0.0743228943106299
2024-10-12 21:30:00,0.1018940479481351,-0.7074175404997036,-0.6332055178528959,0.48792899125830425,-0.11004253312825431
2024-10-12 21:45:00,-1.3507635512770733,-1.054128881344485,-1.0333115990304869,1.7638789985883518,-1.181631697656987
2024-10-12 22:00:00,-1.2166720805793618,-0.8807732109220944,-1.0333115990304869,1.7638789985883518,-1.0387531423864893
2024-10-12 22:15:00,-1.2166720805793618,-0.9674510461332897,-0.9532903827949687,1.9461575710640728,-1.003033503568865
2024-10-12 22:30:00,-1.1943235021297431,-0.9674510461332897,-0.8732691665594505,1.125903994923328,-1.1280522394305503
2024-10-12 22:45:00,-1.3507635512770733,-0.9674510461332897,-1.0333115990304869,1.5816004261126306,-1.1994915170657992
2024-10-12 23:00:00,-1.3507635512770733,-1.054128881344485,-1.0333115990304869,0.39678970502044375,-1.44952898878917
2024-10-12 23:15:00,-1.3284149728274548,-1.054128881344485,-0.8732691665594505,0.6702075637340253,-1.3423700723362968
2024-10-12 23:30:00,-1.1272777667808875,-0.9674510461332897,-0.8732691665594505,0.12337184630686211,-1.270930794701048
2024-10-12 23:45:00,-1.3284149728274548,-0.8807732109220944,-1.0333115990304869,0.48792899125830425,-1.3780897111539212
2024-10-13 00:00:00,-1.3284149728274548,-0.9674510461332897,-0.8732691665594505,1.9461575710640728,-1.0744727812041137
2024-10-13 00:15:00,-1.3284149728274548,-0.9674510461332897,-1.0333115990304869,1.8550182848262124,-1.1280522394305503
2024-10-13 00:30:00,-1.1272777667808875,-0.9674510461332897,-0.8732691665594505,0.39678970502044375,-1.2173513364746114
2024-10-13 00:45:00,-1.3060663943778361,-0.9674510461332897,-0.8732691665594505,1.4904611398747702,-1.1459120588393625
2024-10-13 01:00:00,-1.1272777667808875,-1.054128881344485,-1.0333115990304869,0.3056504187825832,-1.2887906141098602
2024-10-13 01:15:00,-1.2166720805793618,-0.8807732109220944,-0.8732691665594505,1.308182567399049,-1.092332600612926
2024-10-13 01:30:00,-1.149626345230506,-0.8807732109220944,-0.9532903827949687,0.48792899125830425,-1.2173513364746114
2024-10-13 01:45:00,-1.3507635512770733,-0.8807732109220944,-0.8732691665594505,1.5816004261126306,-1.1459120588393625
2024-10-13 02:00:00,-1.261369237478599,-1.054128881344485,-0.8732691665594505,1.4904611398747702,-1.1280522394305503
2024-10-13 02:15:00,-1.149626345230506,-1.054128881344485,-1.0333115990304869,1.0347647086854674,-1.1637718782481747
2024-10-13 02:30:00,-1.3507635512770733,-1.054128881344485,-1.0333115990304869,0.9436254224476069,-1.3423700723362968
2024-10-13 02:45:00,-1.261369237478599,-1.054128881344485,-0.9532903827949687,1.5816004261126306,-1.1280522394305503
2024-10-13 03:00:00,-1.1272777667808875,-0.9674510461332897,-0.8732691665594505,1.5816004261126306,-0.9851736841600526
2024-10-13 03:15:00,-1.2166720805793618,-0.9674510461332897,-1.0333115990304869,0.12337184630686211,-1.3780897111539212
2024-10-13 03:30:00,-1.149626345230506,-0.9674510461332897,-0.8732691665594505,0.9436254224476069,-1.1280522394305503
2024-10-13 03:45:00,-1.3507635512770733,-1.054128881344485,-0.9532903827949687,1.7638789985883518,-1.1637718782481747
2024-10-13 04:00:00,-0.2556832072457624,-0.44738403486611766,-0.8732691665594505,0.7613468499718858,-0.342220185442813
2024-10-13 04:15:00,-0.3003803641449995,-0.6207397052885083,-0.8732691665594505,3.222107578394121,0.06855566095986779
2024-10-13 04:30:00,-0.03219742274957645,-0.44738403486611766,-0.7932479503239322,3.6778040095834235,0.425752049136112
2024-10-13 04:45:00,-0.8367462469358458,-0.44738403486611766,-0.7132267340884141,1.4904611398747702,-0.6279772959838084
2024-10-13 05:00:00,0.30303125399470243,-0.8807732109220944,-0.8732691665594505,2.6752718609669572,0.39003241031848757
2024-10-13 05:15:00,-0.166288893447288,-1.054128881344485,-0.7932479503239322,1.4904611398747702,-0.2350612689899398
2024-10-13 05:30:00,-0.5015175701915668,-0.7074175404997036,-1.0333115990304869,2.6752718609669572,-0.252921088398752
2024-10-13 05:45:00,0.1465912048473723,-0.6207397052885083,-0.7932479503239322,3.4955254371077022,0.4971913267713608
2024-10-13 06:00:00,-0.05454600119919504,-1.054128881344485,-1.0333115990304869,2.2195754297776547,-0.056463074901817685
2024-10-13 06:15:00,-0.166288893447288,-0.18735052923253165,-0.9532903827949687,3.586664723345563,0.31859313268323874
2024-10-13 06:30:00,-0.9037919822847015,-0.8807732109220944,-0.7932479503239322,0.6702075637340253,-0.9494540453424282
2024-10-13 06:45:00,-0.8814434038350829,-0.534061870077313,-0.8732691665594505,3.4043861508698416,-0.342220185442813
2024-10-13 07:00:00,-0.27803178569538095,-0.6207397052885083,-0.6332055178528959,0.5790682774961649,-0.3779398242604375
2024-10-13 07:15:00,-0.7026547762381342,-0.534061870077313,-0.9532903827949687,1.3993218536369096,-0.6101174765749962
2024-10-13 07:30:00,-0.8590948253854643,-0.7940953757108989,-0.6332055178528959,3.1309682921562603,-0.3779398242604375
2024-10-13 07:45:00,0.25833409709546523,-1.054128881344485,-0.7932479503239322,2.3107147160155153,0.2650136744568021
2024-10-13 08:00:00,-0.00984884429995786,-0.18735052923253165,-0.9532903827949687,3.0398290059183997,0.33645295209205095
2024-10-13 08:15:00,-0.00984884429995786,-0.534061870077313,-0.7932479503239322,3.3132468646319815,0.35431277150086316
2024-10-13 08:30:00,0.2806826755450838,-0.534061870077313,-0.8732691665594505,1.4904611398747702,0.21143421623036546
2024-10-13 08:45:00,-0.657957619338897,-0.534061870077313,-0.6332055178528959,3.4955254371077022,-0.0921827137194421
2024-10-13 09:00:00,1.7556888532199109,2.5863401975257188,-0.1530782204397866,-1.061438874785325,1.6937992271617788
2024-10-13 09:15:00,1.3310658626771577,1.4595283397801795,0.487091509444359,-1.1525781610231856,1.2473037419414736
2024-10-13 09:30:00,1.085231499731353,3.2797628792152818,-0.5531843016173776,-0.9702995885474643,1.2294439225326614
2024-10-13 09:45:00,1.576900225622962,1.026139163724203,0.5671127256798772,-1.1525781610231856,1.372322477803159
2024-10-13 10:00:00,1.085231499731353,2.1529510214697423,0.487091509444359,-1.061438874785325,1.2115841031238492
2024-10-13 10:15:00,1.688643117871055,3.2797628792152818,0.24702786073780442,-1.243717447261046,1.8366777824322766
2024-10-13 10:30:00,1.1522772350802089,3.2797628792152818,0.5671127256798772,-0.7880210160717432,1.5687804913000933
2024-10-13 10:45:00,0.8393971367855486,2.4129845271033283,-0.1530782204397866,-0.8791603023096038,0.9615466314004782
2024-10-13 11:00:00,1.465157333374869,2.326306691892133,-0.6332055178528959,-1.243717447261046,1.2651635613502858
2024-10-13 11:15:00,1.196974391979446,0.8527834933018124,-0.5531843016173776,-0.9702995885474643,0.8186680761299806
2024-10-13 11:30:00,0.8617457152351672,1.9795953510473516,0.487091509444359,-0.8791603023096038,1.0329859090357272
2024-10-13 11:45:00,1.800386010119148,1.026139163724203,0.006964212031249799,-1.1525781610231856,1.4259019360295957
2024-10-13 12:00:00,1.532203068723725,1.1994948341465936,0.08698542826676801,-1.1525781610231856,1.2651635613502858
2024-10-13 12:15:00,1.0181857643824974,2.9330515383705005,0.487091509444359,-0.9702995885474643,1.3366028389855347
2024-10-13 12:30:00,0.9064428721344044,2.1529510214697423,0.487091509444359,-0.9702995885474643,1.0865653672621638
2024-10-13 12:45:00,1.3981115980260135,2.066273186258547,-0.0730570042042684,-0.8791603023096038,1.3544626583943469
2024-10-13 13:00:00,0.7946999798863115,2.066273186258547,-0.1530782204397866,-0.8791603023096038,0.854387714947605
2024-10-13 13:15:00,1.7109916963206737,0.766105658090617,-0.47316308538185947,-0.8791603023096038,1.2473037419414736
2024-10-13 13:30:00,1.308717284227539,0.766105658090617,-0.23309943667530483,-1.243717447261046,0.9079671731740416
2024-10-13 13:45:00,0.8393971367855486,0.8527834933018124,0.5671127256798772,-1.061438874785325,0.765088617903544
2024-10-13 14:00:00,1.6439459609718179,3.0197293735816957,-0.47316308538185947,-0.9702995885474643,1.6402197689353422
2024-10-13 14:15:00,1.3757630195763948,1.3728505045689845,0.5671127256798772,-0.7880210160717432,1.3544626583943469
2024-10-13 14:30:00,1.3534144411267761,2.326306691892133,0.006964212031249799,-1.061438874785325,1.3544626583943469
2024-10-13 14:45:00,0.7723514014366928,2.4996623623145235,0.16700664450228622,-0.9702995885474643,0.9794064508092905
2024-10-13 15:00:00,0.012499734149660732,-0.6207397052885083,-0.6332055178528959,-0.15004601240671953,-0.2886407272163764
2024-10-13 15:15:00,0.3924255677931768,0.07268297640105437,-0.313120652910823,-0.7880210160717432,0.10427529977749221
2024-10-13 15:30:00,-0.3450775210442367,-0.534061870077313,0.16700664450228622,-0.8791603023096038,-0.5208183795309351
2024-10-13 15:45:00,-0.3450775210442367,0.07268297640105437,-0.9532903827949687,-0.6968817298338827,-0.6101174765749962
2024-10-13 16:00:00,-0.00984884429995786,-0.6207397052885083,-0.9532903827949687,0.12337184630686211,-0.3243603660340008
2024-10-13 16:15:00,0.1465912048473723,-0.3607061996549223,-0.0730570042042684,0.03223256006900157,0.03283602214224337
2024-10-13 16:30:00,0.325379832444321,-0.44738403486611766,-1.0333115990304869,-0.8791603023096038,-0.2350612689899398
2024-10-13 16:45:00,0.12424262639775369,-0.6207397052885083,-0.23309943667530483,-1.243717447261046,-0.3243603660340008
2024-10-13 17:00:00,0.3924255677931768,-0.1006726940213363,-0.8732691665594505,-0.6057424435960223,-0.020743436084193264
2024-10-13 17:15:00,-0.2556832072457624,-0.6207397052885083,-0.5531843016173776,-0.7880210160717432,-0.6101174765749962
2024-10-13 17:30:00,-0.23333462879614378,-0.534061870077313,-0.7132267340884141,-0.7880210160717432,-0.6101174765749962
2024-10-13 17:45:00,-0.21098605034652518,0.24603864682344503,0.08698542826676801,-1.243717447261046,-0.342220185442813
2024-10-13 18:00:00,0.12424262639775369,-0.3607061996549223,0.006964212031249799,-0.6057424435960223,-0.0921827137194421
2024-10-13 18:15:00,-0.1439403149976694,-0.6207397052885083,0.006964212031249799,-0.058906726168858975,-0.252921088398752
2024-10-13 18:30:00,-0.07689457964881363,0.15936081161224971,-0.7132267340884141,-0.7880210160717432,-0.342220185442813
2024-10-13 18:45:00,0.05719689104889791,-0.18735052923253165,-0.313120652910823,0.12337184630686211,-0.03860325549300547
2024-10-13 19:00:00,-0.8590948253854643,-1.054128881344485,-0.7932479503239322,1.9461575710640728,-0.6994165736190572
2024-10-13 19:15:00,-0.4568204132923297,-0.7940953757108989,-0.9532903827949687,2.3107147160155153,-0.2886407272163764
2024-10-13 19:30:00,-0.9484891391839387,-0.7940953757108989,-0.9532903827949687,1.8550182848262124,-0.7708558512543061
2024-10-13 19:45:00,-0.3450775210442367,-0.7074175404997036,-0.7132267340884141,1.9461575710640728,-0.19934163017231535
2024-10-13 20:00:00,-0.8143976684862272,-0.8807732109220944,-0.7132267340884141,1.8550182848262124,-0.6279772959838084
2024-10-13 20:15:00,-0.8814434038350829,-0.9674510461332897,-0.6332055178528959,1.0347647086854674,-0.8422951288895549
2024-10-13 20:30:00,-0.5015175701915668,-0.7074175404997036,-0.6332055178528959,1.8550182848262124,-0.3243603660340008
2024-10-13 20:45:00,-0.7250033546877528,-0.6207397052885083,-1.0333115990304869,0.5790682774961649,-0.8244353094807427
2024-10-13 21:00:00,-0.9931862960831759,-0.8807732109220944,-0.7132267340884141,1.0347647086854674,-0.931594225933616
2024-10-13 21:15:00,-0.4121232563930925,-0.8807732109220944,-0.7132267340884141,1.9461575710640728,-0.2886407272163764
2024-10-13 21:30:00,-0.9261405607343202,-0.7074175404997036,-0.7132267340884141,2.0372968573019334,-0.6458371153926206
2024-10-13 21:45:00,-1.2166720805793618,-1.054128881344485,-0.8732691665594505,0.7613468499718858,-1.2352111558834236
2024-10-13 22:00:00,-1.3507635512770733,-0.9674510461332897,-0.9532903827949687,1.6727397123504912,-1.1637718782481747
2024-10-13 22:15:00,-1.149626345230506,-0.8807732109220944,-0.9532903827949687,0.3056504187825832,-1.2530709752922358
2024-10-13 22:30:00,-1.3284149728274548,-0.8807732109220944,-1.0333115990304869,1.8550182848262124,-1.1101924200217381
2024-10-13 22:45:00,-1.1272777667808875,-0.8807732109220944,-0.8732691665594505,1.6727397123504912,-0.9494540453424282
2024-10-13 23:00:00,-1.261369237478599,-0.8807732109220944,-0.8732691665594505,1.5816004261126306,-1.0744727812041137
2024-10-13 23:15:00,-1.2166720805793618,-1.054128881344485,-1.0333115990304869,1.3993218536369096,-1.1459120588393625
2024-10-13 23:30:00,-1.1719749236801247,-0.9674510461332897,-0.8732691665594505,0.5790682774961649,-1.2173513364746114
2024-10-13 23:45:00,-1.1719749236801247,-0.9674510461332897,-0.8732691665594505,1.125903994923328,-1.1101924200217381
2024-10-14 00:00:00,-1.2390206590289803,-1.054128881344485,-1.0333115990304869,1.6727397123504912,-1.1101924200217381
2024-10-14 00:15:00,-1.3284149728274548,-0.8807732109220944,-1.0333115990304869,0.12337184630686211,-1.44952898878917
2024-10-14 00:30:00,-1.1943235021297431,-0.9674510461332897,-0.9532903827949687,1.5816004261126306,-1.0566129617953015
2024-10-14 00:45:00,-1.261369237478599,-0.8807732109220944,-1.0333115990304869,0.7613468499718858,-1.270930794701048
2024-10-14 01:00:00,-1.1719749236801247,-0.9674510461332897,-1.0333115990304869,1.4904611398747702,-1.0744727812041137
2024-10-14 01:15:00,-1.3060663943778361,-1.054128881344485,-0.9532903827949687,1.9461575710640728,-1.092332600612926
2024-10-14 01:30:00,-1.3284149728274548,-0.9674510461332897,-0.9532903827949687,1.6727397123504912,-1.1459120588393625
2024-10-14 01:45:00,-1.2837178159282177,-0.9674510461332897,-0.9532903827949687,0.7613468499718858,-1.2887906141098602
2024-10-14 02:00:00,-1.261369237478599,-0.8807732109220944,-0.8732691665594505,1.0347647086854674,-1.181631697656987
2024-10-14 02:15:00,-1.3060663943778361,-0.9674510461332897,-1.0333115990304869,1.7638789985883518,-1.1280522394305503
2024-10-14 02:30:00,-1.3284149728274548,-1.054128881344485,-0.9532903827949687,1.4904611398747702,-1.1994915170657992
2024-10-14 02:45:00,-1.3060663943778361,-1.054128881344485,-0.8732691665594505,0.7613468499718858,-1.3066504335186724
2024-10-14 03:00:00,-1.3507635512770733,-1.054128881344485,-1.0333115990304869,1.5816004261126306,-1.2173513364746114
2024-10-14 03:15:00,-1.2166720805793618,-0.8807732109220944,-0.8732691665594505,0.5790682774961649,-1.2352111558834236
2024-10-14 03:30:00,-1.3507635512770733,-0.9674510461332897,-0.8732691665594505,0.3056504187825832,-1.4138093499715456
2024-10-14 03:45:00,-1.149626345230506,-1.054128881344485,-0.9532903827949687,1.0347647086854674,-1.1459120588393625
2024-10-14 04:00:00,-0.23333462879614378,-0.9674510461332897,-0.9532903827949687,1.0347647086854674,-0.3957996436692497
2024-10-14 04:15:00,0.19128836174660946,-0.18735052923253165,-0.9532903827949687,-0.7880210160717432,-0.252921088398752
2024-10-14 04:30:00,0.5265170384908884,-0.44738403486611766,-0.9532903827949687,0.21451113254472265,0.15785475800392884
2024-10-14 04:45:00,0.4818198815916512,-0.27402836444372697,-0.5531843016173776,-0.15004601240671953,0.17571457741274105
2024-10-14 05:00:00,0.325379832444321,-0.18735052923253165,-0.7932479503239322,0.03223256006900157,0.050695841551055575
2024-10-14 05:15:00,0.5265170384908884,-0.44738403486611766,-1.0333115990304869,0.5790682774961649,0.21143421623036546
2024-10-14 05:30:00,0.5265170384908884,-0.534061870077313,-0.5531843016173776,-0.15004601240671953,0.15785475800392884
2024-10-14 05:45:00,1.532203068723725,-0.013994858810140965,0.5671127256798772,-1.243717447261046,1.104425186670976
2024-10-14 06:00:00,0.8617457152351672,0.3327164820346404,-0.1530782204397866,-0.3323245848824406,0.6579297014506708
2024-10-14 06:15:00,1.4875059118244878,-0.18735052923253165,0.5671127256798772,-0.5146031573581616,1.1758644643062248
2024-10-14 06:30:00,1.0405343428321159,0.3327164820346404,0.40707029320884086,-0.6057424435960223,0.8722475343564172
2024-10-14 06:45:00,0.4147741462427954,1.1128169989353984,-0.1530782204397866,-0.3323245848824406,0.4614716879537364
2024-10-14 07:00:00,0.7946999798863115,1.1128169989353984,0.6471339419153954,-0.3323245848824406,0.943686811991666
2024-10-14 07:15:00,1.688643117871055,0.3327164820346404,0.9672188068574683,-0.7880210160717432,1.4794813942560323
2024-10-14 07:30:00,0.9511400290336416,1.4595283397801795,0.8071763743864319,-0.6968817298338827,1.104425186670976
2024-10-14 07:45:00,1.8227345885687667,1.286172669357789,0.9672188068574683,-1.061438874785325,1.7295188659794032
2024-10-14 08:00:00,0.81704855833593,-0.18735052923253165,0.40707029320884086,-0.6057424435960223,0.5864904238154218
2024-10-14 08:15:00,1.688643117871055,1.546206174991375,0.487091509444359,-1.061438874785325,1.5687804913000933
2024-10-14 08:30:00,1.1746258135298275,0.9394613285130077,0.487091509444359,-0.3323245848824406,1.1758644643062248
2024-10-14 08:45:00,0.548865616940507,1.286172669357789,-0.0730570042042684,-0.7880210160717432,0.5329109655889852
2024-10-14 09:00:00,-0.6803061977885156,-0.6207397052885083,0.9672188068574683,-0.6968817298338827,-0.592257657166184
2024-10-14 09:15:00,0.325379832444321,-0.1006726940213363,-0.39314186914634125,0.03223256006900157,0.15785475800392884
2024-10-14 09:30:00,0.12424262639775369,0.24603864682344503,-0.47316308538185947,-0.7880210160717432,-0.11004253312825431
2024-10-14 09:45:00,-0.166288893447288,-0.6207397052885083,-0.6332055178528959,-1.061438874785325,-0.6101174765749962
2024-10-14 10:00:00,-0.657957619338897,-0.6207397052885083,0.16700664450228622,0.03223256006900157,-0.6101174765749962
2024-10-14 10:15:00,-0.657957619338897,0.24603864682344503,0.7271551581509137,-0.6968817298338827,-0.4493791018956863
2024-10-14 10:30:00,-0.7920490900366085,-0.013994858810140965,0.5671127256798772,-0.15004601240671953,-0.5386781989397473
2024-10-14 10:45:00,-0.8143976684862272,-0.6207397052885083,-0.1530782204397866,0.9436254224476069,-0.6279772959838084
2024-10-14 11:00:00,-0.7026547762381342,-0.3607061996549223,-0.23309943667530483,0.5790682774961649,-0.5743978377573717
2024-10-14 11:15:00,-0.09924315809843222,-0.7940953757108989,-0.5531843016173776,1.125903994923328,-0.14576217194587873
2024-10-14 11:30:00,-0.3003803641449995,-0.44738403486611766,-0.6332055178528959,0.7613468499718858,-0.3243603660340008
2024-10-14 11:45:00,-0.9261405607343202,-1.054128881344485,-0.0730570042042684,1.3993218536369096,-0.6994165736190572
2024-10-14 12:00:00,-0.8367462469358458,-0.27402836444372697,-0.6332055178528959,0.5790682774961649,-0.7529960318454939
2024-10-14 12:15:00,-0.5238661486411854,-1.054128881344485,-0.7132267340884141,1.308182567399049,-0.5386781989397473
2024-10-14 12:30:00,-0.7697005115869899,-0.7074175404997036,-0.313120652910823,0.6702075637340253,-0.6994165736190572
2024-10-14 12:45:00,-0.8143976684862272,-0.8807732109220944,-0.7132267340884141,1.3993218536369096,-0.7172763930278695
2024-10-14 13:00:00,-0.03219742274957645,0.5927499876682264,0.7271551581509137,-0.5146031573581616,0.15785475800392884
2024-10-14 13:15:00,0.4147741462427954,-0.9674510461332897,-0.1530782204397866,-0.24118529864458005,0.050695841551055575
2024-10-14 13:30:00,-1.0155348745327946,-1.054128881344485,0.32704907697332264,0.48792899125830425,-0.8601549482983671
2024-10-14 13:45:00,0.3700769893435582,0.3327164820346404,1.5273673205060956,0.3056504187825832,0.765088617903544
2024-10-14 14:00:00,0.325379832444321,0.15936081161224971,0.7271551581509137,0.5790682774961649,0.5686306044066096
2024-10-14 14:15:00,-1.0602320314320317,0.3327164820346404,-0.23309943667530483,-0.42346387112030115,-0.9137344065248038
2024-10-14 14:30:00,-0.18863747189690658,-0.013994858810140965,1.3673248880350592,-0.3323245848824406,0.08641548036867999
2024-10-14 14:45:00,-0.3450775210442367,-0.9674510461332897,0.6471339419153954,0.5790682774961649,-0.21720144958112758
2024-10-14 15:00:00,-1.3284149728274548,-0.7074175404997036,-0.6332055178528959,-0.7880210160717432,-1.5031084470156066
2024-10-14 15:15:00,0.2806826755450838,0.5927499876682264,1.3673248880350592,0.39678970502044375,0.7293689790859196
2024-10-14 15:30:00,-0.6132604624396598,-0.3607061996549223,0.40707029320884086,1.0347647086854674,-0.2707809078075642
2024-10-14 15:45:00,1.420460176475632,0.5060721524570311,-0.0730570042042684,-0.15004601240671953,1.193724283715037
2024-10-14 16:00:00,1.085231499731353,-0.27402836444372697,2.087515834154723,-0.6968817298338827,1.1401448254886004
2024-10-14 16:15:00,1.6439459609718179,-0.3607061996549223,2.167537050390241,-0.15004601240671953,1.6937992271617788
2024-10-14 16:30:00,0.9511400290336416,0.6794278228794217,-0.23309943667530483,-0.3323245848824406,0.7829484373123562
2024-10-14 16:45:00,1.420460176475632,-0.1006726940213363,-0.0730570042042684,0.12337184630686211,1.1222850060797882
2024-10-14 17:00:00,1.8674317454680038,0.8527834933018124,1.4473461042705773,-0.5146031573581616,1.8902572406587133
2024-10-14 17:15:00,1.2193229704290647,1.286172669357789,1.9274734016836867,-0.6057424435960223,1.5509206718912811
2024-10-14 17:30:00,1.2193229704290647,-0.534061870077313,1.9274734016836867,-0.058906726168858975,1.283023380759098
2024-10-14 17:45:00,1.308717284227539,1.3728505045689845,1.5273673205060956,-0.058906726168858975,1.6580795883441544
2024-10-14 18:00:00,1.1299286566305904,-0.18735052923253165,1.207282455564023,0.03223256006900157,1.1401448254886004
2024-10-14 18:15:00,0.7723514014366928,-0.27402836444372697,-0.23309943667530483,-0.6968817298338827,0.37217259090967536
2024-10-14 18:30:00,0.5041684600412697,-0.3607061996549223,0.5671127256798772,1.308182567399049,0.7115091596771074
2024-10-14 18:45:00,0.6382599307389812,0.3327164820346404,0.16700664450228622,0.12337184630686211,0.6400698820418586
2024-10-14 19:00:00,0.6382599307389812,0.4193943172458357,0.487091509444359,1.4904611398747702,0.9972662702181027
2024-10-14 19:15:00,-0.32272894259461815,0.6794278228794217,-0.47316308538185947,0.5790682774961649,-0.11004253312825431
2024-10-14 19:30:00,-0.166288893447288,-0.013994858810140965,0.5671127256798772,0.03223256006900157,-0.0028836166753810535
2024-10-14 19:45:00,0.19128836174660946,-0.3607061996549223,-0.23309943667530483,-0.5146031573581616,-0.0743228943106299
2024-10-14 20:00:00,0.5935627738397441,-0.27402836444372697,-0.1530782204397866,1.2170432811611887,0.6222100626330462
2024-10-14 20:15:00,0.5935627738397441,-0.6207397052885083,0.32704907697332264,-0.6057424435960223,0.30073331327442654
2024-10-14 20:30:00,-0.3450775210442367,-0.27402836444372697,0.40707029320884086,-0.058906726168858975,-0.252921088398752
2024-10-14 20:45:00,0.325379832444321,-0.1006726940213363,0.08698542826676801,-0.42346387112030115,0.17571457741274105
2024-10-14 21:00:00,0.81704855833593,-0.18735052923253165,0.006964212031249799,-0.5146031573581616,0.515051146180173
2024-10-14 21:15:00,0.05719689104889791,0.07268297640105437,0.40707029320884086,-0.5146031573581616,0.050695841551055575
2024-10-14 21:30:00,0.9511400290336416,-0.7074175404997036,0.32704907697332264,-0.5146031573581616,0.5864904238154218
2024-10-14 21:45:00,-1.1719749236801247,-0.9674510461332897,-0.8732691665594505,0.12337184630686211,-1.3066504335186724
2024-10-14 22:00:00,-1.2837178159282177,-1.054128881344485,-0.8732691665594505,1.3993218536369096,-1.1637718782481747
2024-10-14 22:15:00,-1.2166720805793618,-0.8807732109220944,-0.8732691665594505,1.9461575710640728,-0.9673138647512404
2024-10-14 22:30:00,-1.1719749236801247,-0.9674510461332897,-0.9532903827949687,0.8524861362097464,-1.181631697656987
2024-10-14 22:45:00,-1.1943235021297431,-1.054128881344485,-0.8732691665594505,0.39678970502044375,-1.2887906141098602
2024-10-14 23:00:00,-1.261369237478599,-1.054128881344485,-0.9532903827949687,0.12337184630686211,-1.4138093499715456
2024-10-14 23:15:00,-1.2837178159282177,-0.9674510461332897,-0.8732691665594505,0.21451113254472265,-1.3780897111539212
2024-10-14 23:30:00,-1.3060663943778361,-0.9674510461332897,-0.9532903827949687,0.6702075637340253,-1.3245102529274846
2024-10-14 23:45:00,-1.3284149728274548,-1.054128881344485,-0.9532903827949687,0.3056504187825832,-1.4316691693803578
2024-10-15 00:00:00,-1.2166720805793618,-0.8807732109220944,-1.0333115990304869,1.4904611398747702,-1.092332600612926
2024-10-15 00:15:00,-1.3060663943778361,-0.8807732109220944,-1.0333115990304869,0.48792899125830425,-1.360229891745109
2024-10-15 00:30:00,-1.3060663943778361,-0.8807732109220944,-0.8732691665594505,0.8524861362097464,-1.2530709752922358
2024-10-15 00:45:00,-1.1719749236801247,-1.054128881344485,-0.8732691665594505,0.48792899125830425,-1.2530709752922358
2024-10-15 01:00:00,-1.1719749236801247,-0.9674510461332897,-0.8732691665594505,0.7613468499718858,-1.181631697656987
2024-10-15 01:15:00,-1.3060663943778361,-0.9674510461332897,-0.9532903827949687,1.2170432811611887,-1.2173513364746114
2024-10-15 01:30:00,-1.3060663943778361,-1.054128881344485,-0.8732691665594505,0.48792899125830425,-1.360229891745109
2024-10-15 01:45:00,-1.3284149728274548,-0.8807732109220944,-1.0333115990304869,0.5790682774961649,-1.360229891745109
2024-10-15 02:00:00,-1.3507635512770733,-1.054128881344485,-1.0333115990304869,0.6702075637340253,-1.3959495305627334
2024-10-15 02:15:00,-1.3284149728274548,-1.054128881344485,-0.8732691665594505,0.12337184630686211,-1.44952898878917
2024-10-15 02:30:00,-1.2390206590289803,-0.8807732109220944,-0.9532903827949687,1.4904611398747702,-1.092332600612926
2024-10-15 02:45:00,-1.149626345230506,-0.9674510461332897,-1.0333115990304869,0.3056504187825832,-1.2887906141098602
2024-10-15 03:00:00,-1.1719749236801247,-0.9674510461332897,-0.9532903827949687,0.48792899125830425,-1.2530709752922358
2024-10-15 03:15:00,-1.1719749236801247,-0.9674510461332897,-0.9532903827949687,0.39678970502044375,-1.270930794701048
2024-10-15 03:30:00,-1.1272777667808875,-1.054128881344485,-1.0333115990304869,1.8550182848262124,-0.9851736841600526
2024-10-15 03:45:00,-1.261369237478599,-0.8807732109220944,-0.8732691665594505,0.5790682774961649,-1.270930794701048
2024-10-15 04:00:00,0.23598551864584666,-0.44738403486611766,-0.8732691665594505,-0.42346387112030115,-0.18148181076350314
2024-10-15 04:15:00,0.21363694019622806,-0.7074175404997036,-0.7132267340884141,0.39678970502044375,-0.056463074901817685
2024-10-15 04:30:00,-0.2556832072457624,-0.3607061996549223,-1.0333115990304869,-0.24118529864458005,-0.5565380183485595
2024-10-15 04:45:00,-0.12159173654805082,-0.6207397052885083,-0.5531843016173776,0.5790682774961649,-0.2350612689899398
2024-10-15 05:00:00,0.1018940479481351,-0.7074175404997036,-0.5531843016173776,0.21451113254472265,-0.14576217194587873
2024-10-15 05:15:00,0.1018940479481351,-0.18735052923253165,-0.47316308538185947,0.48792899125830425,0.03283602214224337
2024-10-15 05:30:00,-0.3450775210442367,-0.8807732109220944,-0.7932479503239322,0.6702075637340253,-0.5029585601221229
2024-10-15 05:45:00,1.3981115980260135,-0.1006726940213363,0.9672188068574683,-0.5146031573581616,1.2115841031238492
2024-10-15 06:00:00,1.465157333374869,0.9394613285130077,0.16700664450228622,-0.6968817298338827,1.2651635613502858
2024-10-15 06:15:00,1.6662945394214366,1.026139163724203,0.32704907697332264,-0.9702995885474643,1.4259019360295957
2024-10-15 06:30:00,1.0628829212817346,0.9394613285130077,0.8071763743864319,-0.7880210160717432,1.0687055478533516
2024-10-15 06:45:00,0.9734886074832602,0.8527834933018124,0.006964212031249799,-0.9702995885474643,0.765088617903544
2024-10-15 07:00:00,1.7333402747702922,-0.1006726940213363,-0.1530782204397866,-0.6057424435960223,1.2115841031238492
2024-10-15 07:15:00,1.5992488040725807,1.026139163724203,0.9672188068574683,-0.9702995885474643,1.5152010330736567
2024-10-15 07:30:00,0.9734886074832602,1.286172669357789,0.08698542826676801,-0.9702995885474643,0.8722475343564172
2024-10-15 07:45:00,0.4818198815916512,1.546206174991375,0.32704907697332264,-0.9702995885474643,0.5864904238154218
2024-10-15 08:00:00,0.5712141953901255,0.15936081161224971,0.006964212031249799,-1.243717447261046,0.2471538550479899
2024-10-15 08:15:00,0.45947130314203255,0.24603864682344503,0.24702786073780442,-0.42346387112030115,0.39003241031848757
2024-10-15 08:30:00,1.532203068723725,0.07268297640105437,0.8871975906219501,-0.6968817298338827,1.3008832001679103
2024-10-15 08:45:00,1.5992488040725807,0.07268297640105437,0.5671127256798772,-0.8791603023096038,1.2473037419414736
2024-10-15 09:00:00,-0.4121232563930925,0.24603864682344503,1.0472400230929866,-0.3323245848824406,-0.11004253312825431
2024-10-15 09:15:00,-0.3003803641449995,-0.3607061996549223,0.8071763743864319,-0.15004601240671953,-0.16362199135469094
2024-10-15 09:30:00,0.25833409709546523,-0.6207397052885083,-0.6332055178528959,-0.42346387112030115,-0.14576217194587873
2024-10-15 09:45:00,-0.5015175701915668,0.07268297640105437,0.8871975906219501,-0.42346387112030115,-0.2707809078075642
2024-10-15 10:00:00,0.05719689104889791,0.15936081161224971,1.3673248880350592,0.03223256006900157,0.39003241031848757
2024-10-15 10:15:00,-0.4344718348427111,-0.6207397052885083,-0.1530782204397866,-0.5146031573581616,-0.6101174765749962
2024-10-15 10:30:00,0.325379832444321,-0.1006726940213363,-0.6332055178528959,-0.24118529864458005,0.050695841551055575
2024-10-15 10:45:00,-0.5015175701915668,-0.3607061996549223,-0.9532903827949687,0.7613468499718858,-0.5386781989397473
2024-10-15 11:00:00,0.012499734149660732,-0.44738403486611766,-0.0730570042042684,0.7613468499718858,0.050695841551055575
2024-10-15 11:15:00,-0.7026547762381342,-1.054128881344485,-0.8732691665594505,1.308182567399049,-0.7172763930278695
2024-10-15 11:30:00,-0.00984884429995786,-0.8807732109220944,-0.39314186914634125,1.0347647086854674,-0.0743228943106299
2024-10-15 11:45:00,-0.1439403149976694,-0.44738403486611766,-0.313120652910823,0.9436254224476069,-0.0921827137194421
2024-10-15 12:00:00,-0.23333462879614378,-0.44738403486611766,-0.7132267340884141,0.8524861362097464,-0.2707809078075642
2024-10-15 12:15:00,-0.5462147270908041,-0.7074175404997036,-0.313120652910823,1.4904611398747702,-0.3600800048516252
2024-10-15 12:30:00,-0.7473519331373714,-1.054128881344485,-0.39314186914634125,0.5790682774961649,-0.7887156706631183
2024-10-15 12:45:00,-0.3897746779434739,-0.8807732109220944,-0.0730570042042684,1.0347647086854674,-0.3065005466251886
2024-10-15 13:00:00,-0.657957619338897,0.3327164820346404,-0.0730570042042684,-0.5146031573581616,-0.5743978377573717
2024-10-15 13:15:00,-0.5015175701915668,-0.8807732109220944,0.8071763743864319,0.3056504187825832,-0.342220185442813
2024-10-15 13:30:00,-1.1719749236801247,-0.7940953757108989,0.8871975906219501,1.0347647086854674,-0.6994165736190572
2024-10-15 13:45:00,0.548865616940507,0.6794278228794217,0.7271551581509137,-0.058906726168858975,0.7293689790859196
2024-10-15 14:00:00,0.7276542445374556,-0.7074175404997036,0.5671127256798772,0.8524861362097464,0.7293689790859196
2024-10-15 14:15:00,0.6606085091885999,-0.534061870077313,1.1272612393285046,-0.42346387112030115,0.5864904238154218
2024-10-15 14:30:00,-0.5909118839900412,0.07268297640105437,-0.39314186914634125,-0.6968817298338827,-0.681556754210245
2024-10-15 14:45:00,-0.2556832072457624,0.24603864682344503,-0.39314186914634125,-0.6968817298338827,-0.3779398242604375
2024-10-15 15:00:00,-0.8367462469358458,0.5927499876682264,0.006964212031249799,-0.6968817298338827,-0.681556754210245
2024-10-15 15:15:00,-1.3060663943778361,-0.7074175404997036,-0.6332055178528959,0.39678970502044375,-1.2530709752922358
2024-10-15 15:30:00,-0.8143976684862272,0.5060721524570311,-0.313120652910823,-0.3323245848824406,-0.681556754210245
2024-10-15 15:45:00,1.2640201273283018,0.5060721524570311,0.40707029320884086,0.03223256006900157,1.2115841031238492
2024-10-15 16:00:00,1.8897803239176225,1.546206174991375,0.08698542826676801,-0.15004601240671953,1.8188179630234644
2024-10-15 16:15:00,1.0628829212817346,1.1128169989353984,1.207282455564023,-0.6057424435960223,1.2294439225326614
2024-10-15 16:30:00,1.1299286566305904,0.9394613285130077,2.087515834154723,-0.15004601240671953,1.533060852482469
2024-10-15 16:45:00,1.3757630195763948,0.15936081161224971,2.167537050390241,-0.6968817298338827,1.4794813942560323
2024-10-15 17:00:00,1.1299286566305904,0.24603864682344503,1.6073885367416139,0.12337184630686211,1.3366028389855347
2024-10-15 17:15:00,1.576900225622962,0.24603864682344503,0.16700664450228622,-0.058906726168858975,1.3366028389855347
2024-10-15 17:30:00,1.2193229704290647,0.4193943172458357,0.08698542826676801,-0.6968817298338827,0.943686811991666
2024-10-15 17:45:00,0.9734886074832602,1.1128169989353984,1.7674309692126502,-0.6057424435960223,1.283023380759098
2024-10-15 18:00:00,1.532203068723725,0.766105658090617,1.0472400230929866,-0.3323245848824406,1.5509206718912811
2024-10-15 18:15:00,1.5545516471733436,-0.18735052923253165,1.8474521854481685,-0.3323245848824406,1.5509206718912811
2024-10-15 18:30:00,0.25833409709546523,-0.9674510461332897,-0.23309943667530483,0.5790682774961649,0.06855566095986779
2024-10-15 18:45:00,0.928791450584023,0.24603864682344503,0.006964212031249799,-0.6968817298338827,0.6579297014506708
2024-10-15 19:00:00,0.9064428721344044,0.3327164820346404,-0.6332055178528959,0.03223256006900157,0.6579297014506708
2024-10-15 19:15:00,-0.3003803641449995,0.4193943172458357,-0.6332055178528959,-0.24118529864458005,-0.342220185442813
2024-10-15 19:30:00,0.7723514014366928,0.5927499876682264,-0.6332055178528959,0.3056504187825832,0.6579297014506708
2024-10-15 19:45:00,0.928791450584023,0.07268297640105437,0.006964212031249799,0.3056504187825832,0.8186680761299806
2024-10-15 20:00:00,0.03484831259927933,-0.44738403486611766,0.5671127256798772,1.308182567399049,0.31859313268323874
2024-10-15 20:15:00,0.7723514014366928,0.24603864682344503,-0.23309943667530483,-0.6968817298338827,0.4793315073625486
2024-10-15 20:30:00,0.9958371859328787,-0.9674510461332897,0.40707029320884086,0.12337184630686211,0.7115091596771074
2024-10-15 20:45:00,0.5935627738397441,0.15936081161224971,-0.23309943667530483,-0.6968817298338827,0.31859313268323874
2024-10-15 21:00:00,0.9734886074832602,0.15936081161224971,0.24702786073780442,-0.42346387112030115,0.7829484373123562
2024-10-15 21:15:00,0.437122724692414,0.4193943172458357,-0.1530782204397866,0.8524861362097464,0.5686306044066096
2024-10-15 21:30:00,0.7946999798863115,-0.013994858810140965,0.24702786073780442,-0.6057424435960223,0.5686306044066096
2024-10-15 21:45:00,-1.2390206590289803,-1.054128881344485,-1.0333115990304869,0.5790682774961649,-1.3245102529274846
2024-10-15 22:00:00,-1.1943235021297431,-0.8807732109220944,-0.9532903827949687,1.2170432811611887,-1.1101924200217381
2024-10-15 22:15:00,-1.1719749236801247,-0.8807732109220944,-1.0333115990304869,1.9461575710640728,-0.9673138647512404
2024-10-15 22:30:00,-1.1272777667808875,-0.9674510461332897,-1.0333115990304869,1.0347647086854674,-1.1280522394305503
2024-10-15 22:45:00,-1.3284149728274548,-0.9674510461332897,-1.0333115990304869,1.3993218536369096,-1.2173513364746114
2024-10-15 23:00:00,-1.2166720805793618,-0.9674510461332897,-0.9532903827949687,1.8550182848262124,-1.020893322977677
2024-10-15 23:15:00,-1.261369237478599,-0.8807732109220944,-0.9532903827949687,0.39678970502044375,-1.3245102529274846
2024-10-15 23:30:00,-1.2390206590289803,-0.8807732109220944,-0.8732691665594505,0.8524861362097464,-1.1994915170657992
2024-10-15 23:45:00,-1.1943235021297431,-1.054128881344485,-0.9532903827949687,1.7638789985883518,-1.0387531423864893
2024-10-16 00:00:00,-1.2166720805793618,-0.8807732109220944,-0.8732691665594505,1.8550182848262124,-0.9851736841600526
2024-10-16 00:15:00,-1.3060663943778361,-0.9674510461332897,-1.0333115990304869,0.9436254224476069,-1.2887906141098602
2024-10-16 00:30:00,-1.1272777667808875,-1.054128881344485,-0.8732691665594505,1.308182567399049,-1.0566129617953015
2024-10-16 00:45:00,-1.2390206590289803,-1.054128881344485,-1.0333115990304869,0.12337184630686211,-1.4138093499715456
2024-10-16 01:00:00,-1.3284149728274548,-1.054128881344485,-0.9532903827949687,1.9461575710640728,-1.1101924200217381
2024-10-16 01:15:00,-1.1943235021297431,-0.9674510461332897,-0.8732691665594505,1.125903994923328,-1.1280522394305503
2024-10-16 01:30:00,-1.1272777667808875,-1.054128881344485,-1.0333115990304869,0.6702075637340253,-1.2173513364746114
2024-10-16 01:45:00,-1.2390206590289803,-1.054128881344485,-0.9532903827949687,1.125903994923328,-1.1994915170657992
2024-10-16 02:00:00,-1.261369237478599,-1.054128881344485,-0.8732691665594505,1.7638789985883518,-1.0744727812041137
2024-10-16 02:15:00,-1.261369237478599,-0.8807732109220944,-0.8732691665594505,1.6727397123504912,-1.0566129617953015
2024-10-16 02:30:00,-1.3060663943778361,-1.054128881344485,-1.0333115990304869,1.3993218536369096,-1.2173513364746114
2024-10-16 02:45:00,-1.1943235021297431,-0.8807732109220944,-0.9532903827949687,0.6702075637340253,-1.2173513364746114
2024-10-16 03:00:00,-1.1272777667808875,-1.054128881344485,-1.0333115990304869,1.3993218536369096,-1.0744727812041137
2024-10-16 03:15:00,-1.2166720805793618,-1.054128881344485,-0.9532903827949687,0.9436254224476069,-1.2173513364746114
2024-10-16 03:30:00,-1.261369237478599,-0.9674510461332897,-0.9532903827949687,1.0347647086854674,-1.2173513364746114
2024-10-16 03:45:00,-1.3507635512770733,-0.8807732109220944,-1.0333115990304869,0.8524861362097464,-1.3245102529274846
2024-10-16 04:00:00,0.1018940479481351,-0.9674510461332897,-1.0333115990304869,0.5790682774961649,-0.2350612689899398
2024-10-16 04:15:00,0.19128836174660946,-1.054128881344485,-0.5531843016173776,0.5790682774961649,-0.0743228943106299
2024-10-16 04:30:00,0.3477284108939396,-0.7940953757108989,-0.9532903827949687,0.12337184630686211,-0.0743228943106299
2024-10-16 04:45:00,0.12424262639775369,-0.8807732109220944,-0.7132267340884141,0.21451113254472265,-0.19934163017231535
2024-10-16 05:00:00,0.21363694019622806,-0.44738403486611766,-0.9532903827949687,0.8524861362097464,0.03283602214224337
2024-10-16 05:15:00,0.5041684600412697,-0.6207397052885083,-0.6332055178528959,0.5790682774961649,0.2471538550479899
2024-10-16 05:30:00,0.12424262639775369,-0.8807732109220944,-0.7132267340884141,0.03223256006900157,-0.2350612689899398
2024-10-16 05:45:00,1.1075800781809717,-0.18735052923253165,-0.1530782204397866,-0.3323245848824406,0.7472287984947318
2024-10-16 06:00:00,1.8227345885687667,1.1994948341465936,-0.1530782204397866,-1.243717447261046,1.4259019360295957
2024-10-16 06:15:00,0.81704855833593,0.24603864682344503,0.5671127256798772,-0.7880210160717432,0.675789520859483
2024-10-16 06:30:00,0.325379832444321,-0.013994858810140965,0.9672188068574683,-0.8791603023096038,0.30073331327442654
2024-10-16 06:45:00,0.7053056660878371,0.9394613285130077,0.9672188068574683,-1.061438874785325,0.765088617903544
2024-10-16 07:00:00,0.3477284108939396,0.9394613285130077,0.8871975906219501,-0.9702995885474643,0.4793315073625486
2024-10-16 07:15:00,1.4428087549252506,0.3327164820346404,-0.23309943667530483,-0.3323245848824406,1.104425186670976
2024-10-16 07:30:00,0.8393971367855486,0.07268297640105437,0.8871975906219501,-0.5146031573581616,0.7829484373123562
2024-10-16 07:45:00,1.6215973825221994,0.8527834933018124,0.5671127256798772,-0.9702995885474643,1.4080421166207835
2024-10-16 08:00:00,1.3981115980260135,0.3327164820346404,0.7271551581509137,-0.6057424435960223,1.2294439225326614
2024-10-16 08:15:00,0.5712141953901255,0.15936081161224971,-0.1530782204397866,-0.9702995885474643,0.2650136744568021
2024-10-16 08:30:00,1.688643117871055,1.286172669357789,-0.0730570042042684,-0.8791603023096038,1.4259019360295957
2024-10-16 08:45:00,1.085231499731353,0.5927499876682264,0.9672188068574683,-1.243717447261046,0.9615466314004782
2024-10-16 09:00:00,-0.27803178569538095,0.15936081161224971,1.3673248880350592,-0.7880210160717432,-0.03860325549300547
2024-10-16 09:15:00,0.0795454694985165,-0.27402836444372697,0.32704907697332264,-1.243717447261046,-0.16362199135469094
2024-10-16 09:30:00,-0.5909118839900412,-0.3607061996549223,0.24702786073780442,-0.7880210160717432,-0.6458371153926206
2024-10-16 09:45:00,0.12424262639775369,0.07268297640105437,0.9672188068574683,-0.9702995885474643,0.13999493859511664
2024-10-16 10:00:00,-0.3897746779434739,-0.3607061996549223,1.287303671799541,-0.6057424435960223,-0.21720144958112758
2024-10-16 10:15:00,0.16893978329699086,0.15936081161224971,0.40707029320884086,-0.15004601240671953,0.22929403563917766
2024-10-16 10:30:00,-0.09924315809843222,-0.3607061996549223,-0.47316308538185947,-0.058906726168858975,-0.2707809078075642
2024-10-16 10:45:00,-0.47916899174194827,-0.44738403486611766,-0.1530782204397866,1.0347647086854674,-0.3065005466251886
2024-10-16 11:00:00,-0.1439403149976694,-1.054128881344485,-0.47316308538185947,1.4904611398747702,-0.14576217194587873
2024-10-16 11:15:00,-0.3450775210442367,-0.7940953757108989,-0.6332055178528959,0.9436254224476069,-0.3957996436692497
2024-10-16 11:30:00,-0.8814434038350829,-0.7940953757108989,-0.6332055178528959,0.8524861362097464,-0.8422951288895549
2024-10-16 11:45:00,-0.9261405607343202,-0.44738403486611766,0.006964212031249799,1.3993218536369096,-0.5565380183485595
2024-10-16 12:00:00,-0.6803061977885156,-0.7940953757108989,-0.7932479503239322,1.308182567399049,-0.6279772959838084
2024-10-16 12:15:00,-0.1439403149976694,-0.18735052923253165,-0.313120652910823,0.5790682774961649,-0.11004253312825431
2024-10-16 12:30:00,-0.7697005115869899,-0.8807732109220944,-0.6332055178528959,1.308182567399049,-0.681556754210245
2024-10-16 12:45:00,-0.9931862960831759,-0.18735052923253165,-0.47316308538185947,1.125903994923328,-0.7172763930278695
2024-10-16 13:00:00,0.05719689104889791,0.6794278228794217,0.8871975906219501,-0.42346387112030115,0.30073331327442654
2024-10-16 13:15:00,-0.7697005115869899,-0.7074175404997036,0.6471339419153954,0.3056504187825832,-0.5565380183485595
2024-10-16 13:30:00,-0.47916899174194827,-0.534061870077313,0.40707029320884086,-0.15004601240671953,-0.4315192824868741
2024-10-16 13:45:00,-0.5909118839900412,0.3327164820346404,1.1272612393285046,0.6702075637340253,-0.020743436084193264
2024-10-16 14:00:00,-0.9037919822847015,0.5927499876682264,1.7674309692126502,-0.058906726168858975,-0.21720144958112758
2024-10-16 14:15:00,-1.1049291883312689,-0.7074175404997036,1.287303671799541,-0.42346387112030115,-0.8244353094807427
2024-10-16 14:30:00,-1.2837178159282177,-0.1006726940213363,0.8871975906219501,-0.6057424435960223,-0.9673138647512404
2024-10-16 14:45:00,-0.6803061977885156,0.5060721524570311,-0.7932479503239322,-0.24118529864458005,-0.6636969348014328
2024-10-16 15:00:00,0.6606085091885999,0.3327164820346404,0.24702786073780442,0.21451113254472265,0.6936493402682952
2024-10-16 15:15:00,-1.2837178159282177,-0.7940953757108989,1.5273673205060956,0.3056504187825832,-0.7887156706631183
2024-10-16 15:30:00,-0.7920490900366085,0.5927499876682264,0.08698542826676801,-0.058906726168858975,-0.5029585601221229
2024-10-16 15:45:00,1.3310658626771577,-0.1006726940213363,1.0472400230929866,-0.6968817298338827,1.1401448254886004
2024-10-16 16:00:00,1.4428087549252506,-0.18735052923253165,1.3673248880350592,0.12337184630686211,1.443761755438408
2024-10-16 16:15:00,1.8674317454680038,1.286172669357789,0.8871975906219501,0.03223256006900157,1.961696518293962
2024-10-16 16:30:00,0.928791450584023,1.1128169989353984,2.007494617919205,-0.42346387112030115,1.3366028389855347
2024-10-16 16:45:00,1.420460176475632,0.3327164820346404,0.8071763743864319,-0.7880210160717432,1.2294439225326614
2024-10-16 17:00:00,1.465157333374869,-0.44738403486611766,1.6073885367416139,-0.5146031573581616,1.3366028389855347
2024-10-16 17:15:00,1.308717284227539,0.6794278228794217,0.006964212031249799,-0.42346387112030115,1.104425186670976
2024-10-16 17:30:00,0.81704855833593,0.6794278228794217,0.32704907697332264,-0.24118529864458005,0.8186680761299806
2024-10-16 17:45:00,1.7556888532199109,0.07268297640105437,-0.0730570042042684,0.12337184630686211,1.4259019360295957
2024-10-16 18:00:00,1.8450831670183852,-0.27402836444372697,1.9274734016836867,-0.058906726168858975,1.8366777824322766
2024-10-16 18:15:00,1.688643117871055,-0.1006726940213363,1.6073885367416139,-0.24118529864458005,1.6402197689353422
2024-10-16 18:30:00,0.6829570876382185,0.5060721524570311,-0.6332055178528959,1.0347647086854674,0.7115091596771074
2024-10-16 18:45:00,0.437122724692414,-0.44738403486611766,0.006964212031249799,1.125903994923328,0.4793315073625486
2024-10-16 19:00:00,0.7946999798863115,-1.054128881344485,0.487091509444359,1.308182567399049,0.7829484373123562
2024-10-16 19:15:00,0.3924255677931768,-0.9674510461332897,-0.5531843016173776,0.48792899125830425,0.08641548036867999
2024-10-16 19:30:00,-0.09924315809843222,-0.18735052923253165,0.006964212031249799,1.0347647086854674,0.08641548036867999
2024-10-16 19:45:00,0.7946999798863115,-0.534061870077313,0.5671127256798772,0.7613468499718858,0.8008082567211684
2024-10-16 20:00:00,0.928791450584023,-1.054128881344485,0.16700664450228622,0.7613468499718858,0.7115091596771074
2024-10-16 20:15:00,0.2806826755450838,-0.7940953757108989,-0.0730570042042684,1.308182567399049,0.30073331327442654
2024-10-16 20:30:00,0.25833409709546523,0.6794278228794217,-0.47316308538185947,0.3056504187825832,0.30073331327442654
2024-10-16 20:45:00,0.9511400290336416,-0.18735052923253165,-0.6332055178528959,0.21451113254472265,0.6222100626330462
2024-10-16 21:00:00,-0.23333462879614378,-1.054128881344485,0.487091509444359,0.5790682774961649,-0.18148181076350314
2024-10-16 21:15:00,-0.09924315809843222,-0.18735052923253165,0.08698542826676801,1.4904611398747702,0.19357439682155325
2024-10-16 21:30:00,0.5041684600412697,0.5060721524570311,-0.47316308538185947,0.39678970502044375,0.4793315073625486
2024-10-16 21:45:00,-1.3060663943778361,-1.054128881344485,-0.9532903827949687,1.7638789985883518,-1.1280522394305503
2024-10-16 22:00:00,-1.1943235021297431,-1.054128881344485,-1.0333115990304869,1.4904611398747702,-1.1101924200217381
2024-10-16 22:15:00,-1.3060663943778361,-0.8807732109220944,-0.9532903827949687,1.4904611398747702,-1.1459120588393625
2024-10-16 22:30:00,-1.149626345230506,-0.8807732109220944,-0.9532903827949687,0.21451113254472265,-1.270930794701048
2024-10-16 22:45:00,-1.2390206590289803,-0.9674510461332897,-0.9532903827949687,0.12337184630686211,-1.3780897111539212
2024-10-16 23:00:00,-1.3284149728274548,-0.8807732109220944,-1.0333115990304869,1.125903994923328,-1.2530709752922358
2024-10-16 23:15:00,-1.3507635512770733,-0.8807732109220944,-0.9532903827949687,1.9461575710640728,-1.092332600612926
2024-10-16 23:30:00,-1.149626345230506,-1.054128881344485,-0.8732691665594505,1.9461575710640728,-0.9494540453424282
2024-10-16 23:45:00,-1.3284149728274548,-1.054128881344485,-0.8732691665594505,1.2170432811611887,-1.2352111558834236
2024-10-17 00:00:00,-1.149626345230506,-1.054128881344485,-0.8732691665594505,0.7613468499718858,-1.181631697656987
2024-10-17 00:15:00,-1.2837178159282177,-0.9674510461332897,-0.9532903827949687,0.21451113254472265,-1.3959495305627334
2024-10-17 00:30:00,-1.2166720805793618,-0.8807732109220944,-0.8732691665594505,0.21451113254472265,-1.3066504335186724
2024-10-17 00:45:00,-1.2390206590289803,-0.8807732109220944,-1.0333115990304869,1.308182567399049,-1.1459120588393625
2024-10-17 01:00:00,-1.1719749236801247,-0.9674510461332897,-0.8732691665594505,0.9436254224476069,-1.1459120588393625
2024-10-17 01:15:00,-1.3284149728274548,-0.8807732109220944,-1.0333115990304869,0.7613468499718858,-1.3245102529274846
2024-10-17 01:30:00,-1.3060663943778361,-0.8807732109220944,-1.0333115990304869,0.3056504187825832,-1.3959495305627334
2024-10-17 01:45:00,-1.3507635512770733,-0.8807732109220944,-0.8732691665594505,1.6727397123504912,-1.1280522394305503
2024-10-17 02:00:00,-1.149626345230506,-0.8807732109220944,-0.9532903827949687,1.9461575710640728,-0.931594225933616
2024-10-17 02:15:00,-1.149626345230506,-1.054128881344485,-1.0333115990304869,1.125903994923328,-1.1459120588393625
2024-10-17 02:30:00,-1.2390206590289803,-1.054128881344485,-0.8732691665594505,1.8550182848262124,-1.0387531423864893
2024-10-17 02:45:00,-1.2837178159282177,-0.8807732109220944,-1.0333115990304869,1.9461575710640728,-1.0566129617953015
2024-10-17 03:00:00,-1.1272777667808875,-1.054128881344485,-0.9532903827949687,1.4904611398747702,-1.0387531423864893
2024-10-17 03:15:00,-1.2166720805793618,-0.9674510461332897,-0.9532903827949687,1.6727397123504912,-1.0566129617953015
2024-10-17 03:30:00,-1.1272777667808875,-0.9674510461332897,-0.8732691665594505,0.7613468499718858,-1.1459120588393625
2024-10-17 03:45:00,-1.1272777667808875,-0.8807732109220944,-0.9532903827949687,1.9461575710640728,-0.9137344065248038
2024-10-17 04:00:00,0.3924255677931768,-0.27402836444372697,-1.0333115990304869,-0.42346387112030115,-0.056463074901817685
2024-10-17 04:15:00,0.3700769893435582,-0.7940953757108989,-1.0333115990304869,1.0347647086854674,0.10427529977749221
2024-10-17 04:30:00,0.23598551864584666,-0.7074175404997036,-0.5531843016173776,-0.3323245848824406,-0.14576217194587873
2024-10-17 04:45:00,-0.1439403149976694,-0.6207397052885083,-0.8732691665594505,-0.6968817298338827,-0.5743978377573717
2024-10-17 05:00:00,-0.1439403149976694,-0.6207397052885083,-0.7932479503239322,0.7613468499718858,-0.2707809078075642
2024-10-17 05:15:00,0.12424262639775369,-0.7074175404997036,-0.5531843016173776,-0.15004601240671953,-0.19934163017231535
2024-10-17 05:30:00,0.1018940479481351,-0.7074175404997036,-0.7132267340884141,0.39678970502044375,-0.14576217194587873
2024-10-17 05:45:00,0.8617457152351672,-0.1006726940213363,0.487091509444359,-0.8791603023096038,0.604350243224234
2024-10-17 06:00:00,1.576900225622962,1.546206174991375,-0.1530782204397866,-1.243717447261046,1.3008832001679103
2024-10-17 06:15:00,0.45947130314203255,0.07268297640105437,0.6471339419153954,-0.8791603023096038,0.35431277150086316
2024-10-17 06:30:00,1.465157333374869,0.5927499876682264,0.40707029320884086,-0.6968817298338827,1.2473037419414736
2024-10-17 06:45:00,0.548865616940507,0.3327164820346404,0.08698542826676801,-0.5146031573581616,0.425752049136112
2024-10-17 07:00:00,1.420460176475632,0.07268297640105437,0.32704907697332264,-1.243717447261046,0.9794064508092905
2024-10-17 07:15:00,0.5712141953901255,-0.18735052923253165,0.9672188068574683,-0.42346387112030115,0.5507707849977974
2024-10-17 07:30:00,0.45947130314203255,-0.18735052923253165,0.5671127256798772,-0.42346387112030115,0.37217259090967536
2024-10-17 07:45:00,0.7723514014366928,0.5927499876682264,0.32704907697332264,-0.9702995885474643,0.6222100626330462
2024-10-17 08:00:00,0.4147741462427954,-0.1006726940213363,-0.23309943667530483,-0.6968817298338827,0.12213511918630442
2024-10-17 08:15:00,0.9734886074832602,1.4595283397801795,0.9672188068574683,-0.6968817298338827,1.1580046448974126
2024-10-17 08:30:00,0.6159113522893627,0.8527834933018124,0.16700664450228622,-0.9702995885474643,0.515051146180173
2024-10-17 08:45:00,0.5935627738397441,0.4193943172458357,0.24702786073780442,-1.243717447261046,0.37217259090967536
2024-10-17 09:00:00,0.325379832444321,-0.44738403486611766,-0.1530782204397866,-0.15004601240671953,0.10427529977749221
2024-10-17 09:15:00,-0.7920490900366085,-0.1006726940213363,0.8871975906219501,-1.061438874785325,-0.6636969348014328
2024-10-17 09:30:00,-0.6803061977885156,0.15936081161224971,0.08698542826676801,-0.6057424435960223,-0.6101174765749962
2024-10-17 09:45:00,0.1018940479481351,-0.6207397052885083,0.9672188068574683,-1.061438874785325,-0.03860325549300547
2024-10-17 10:00:00,-0.1439403149976694,-0.18735052923253165,-0.47316308538185947,-0.24118529864458005,-0.3065005466251886
2024-10-17 10:15:00,-0.21098605034652518,-0.013994858810140965,-0.47316308538185947,-1.1525781610231856,-0.5029585601221229
2024-10-17 10:30:00,0.25833409709546523,-0.18735052923253165,-0.6332055178528959,-0.058906726168858975,0.014976202733431157
2024-10-17 10:45:00,-0.03219742274957645,-0.8807732109220944,-0.23309943667530483,1.3993218536369096,0.014976202733431157
2024-10-17 11:00:00,-0.6356090408892784,-0.7940953757108989,0.006964212031249799,0.8524861362097464,-0.5029585601221229
2024-10-17 11:15:00,-0.32272894259461815,-0.534061870077313,-0.39314186914634125,1.308182567399049,-0.19934163017231535
2024-10-17 11:30:00,-0.7250033546877528,-0.9674510461332897,-0.313120652910823,1.0347647086854674,-0.6458371153926206
2024-10-17 11:45:00,0.1018940479481351,-0.9674510461332897,-0.1530782204397866,1.125903994923328,0.06855566095986779
2024-10-17 12:00:00,-0.5909118839900412,-1.054128881344485,-0.9532903827949687,0.6702075637340253,-0.7708558512543061
2024-10-17 12:15:00,-0.3674260994938553,-0.7074175404997036,-0.1530782204397866,1.4904611398747702,-0.18148181076350314
2024-10-17 12:30:00,-0.7250033546877528,-0.8807732109220944,-1.0333115990304869,0.5790682774961649,-0.8780147677071793
2024-10-17 12:45:00,-0.3674260994938553,-0.3607061996549223,-0.9532903827949687,1.2170432811611887,-0.342220185442813
2024-10-17 13:00:00,0.1018940479481351,-0.8807732109220944,0.24702786073780442,-0.42346387112030115,-0.12790235253706653
2024-10-17 13:15:00,-0.9484891391839387,0.3327164820346404,0.5671127256798772,0.6702075637340253,-0.4315192824868741
2024-10-17 13:30:00,-1.0825806098816502,-0.3607061996549223,-0.0730570042042684,-0.7880210160717432,-1.1101924200217381
2024-10-17 13:45:00,-0.6356090408892784,-0.8807732109220944,-0.47316308538185947,0.9436254224476069,-0.6101174765749962
2024-10-17 14:00:00,-0.6132604624396598,-0.9674510461332897,-1.0333115990304869,-0.7880210160717432,-1.0744727812041137
2024-10-17 14:15:00,-1.2837178159282177,0.4193943172458357,0.5671127256798772,-0.058906726168858975,-0.8244353094807427
2024-10-17 14:30:00,-0.9261405607343202,0.3327164820346404,1.287303671799541,0.39678970502044375,-0.3065005466251886
2024-10-17 14:45:00,-1.2166720805793618,-1.054128881344485,0.32704907697332264,0.6702075637340253,-0.9851736841600526
2024-10-17 15:00:00,-1.1272777667808875,-0.7940953757108989,0.5671127256798772,0.8524861362097464,-0.7708558512543061
2024-10-17 15:15:00,-0.1439403149976694,0.24603864682344503,1.4473461042705773,0.9436254224476069,0.4436118685449242
2024-10-17 15:30:00,-1.3060663943778361,-0.1006726940213363,0.32704907697332264,0.5790682774961649,-0.8780147677071793
2024-10-17 15:45:00,1.1299286566305904,0.5927499876682264,1.7674309692126502,-0.6968817298338827,1.283023380759098
2024-10-17 16:00:00,1.2863687057779205,-0.6207397052885083,1.4473461042705773,-0.5146031573581616,1.1222850060797882
2024-10-17 16:15:00,0.928791450584023,0.3327164820346404,0.32704907697332264,-0.6968817298338827,0.7472287984947318
2024-10-17 16:30:00,1.1522772350802089,-0.534061870077313,0.32704907697332264,-0.24118529864458005,0.8365278955387928
2024-10-17 16:45:00,0.81704855833593,-0.18735052923253165,0.16700664450228622,-0.6968817298338827,0.515051146180173
2024-10-17 17:00:00,0.7723514014366928,-0.013994858810140965,0.08698542826676801,-0.3323245848824406,0.5686306044066096
2024-10-17 17:15:00,1.7109916963206737,0.8527834933018124,0.9672188068574683,-0.058906726168858975,1.7473786853882156
2024-10-17 17:30:00,0.8617457152351672,0.5927499876682264,-0.0730570042042684,-0.24118529864458005,0.7472287984947318
2024-10-17 17:45:00,0.8840942936847858,0.9394613285130077,0.32704907697332264,-0.5146031573581616,0.8722475343564172
2024-10-17 18:00:00,0.7946999798863115,1.546206174991375,0.8071763743864319,-0.058906726168858975,1.1222850060797882
2024-10-17 18:15:00,1.6215973825221994,0.3327164820346404,0.08698542826676801,0.03223256006900157,1.3901822972119713
2024-10-17 18:30:00,0.6829570876382185,-0.6207397052885083,0.40707029320884086,0.6702075637340253,0.6400698820418586
2024-10-17 18:45:00,0.1018940479481351,0.4193943172458357,0.5671127256798772,1.3993218536369096,0.5686306044066096
2024-10-17 19:00:00,-0.07689457964881363,-0.18735052923253165,0.16700664450228622,0.6702075637340253,0.06855566095986779
2024-10-17 19:15:00,0.7946999798863115,0.5060721524570311,0.16700664450228622,-0.3323245848824406,0.7115091596771074
2024-10-17 19:30:00,0.3924255677931768,-0.9674510461332897,-0.6332055178528959,1.125903994923328,0.19357439682155325
2024-10-17 19:45:00,0.8617457152351672,0.6794278228794217,0.5671127256798772,0.12337184630686211,0.9794064508092905
2024-10-17 20:00:00,0.928791450584023,-0.27402836444372697,-0.5531843016173776,0.12337184630686211,0.5864904238154218
2024-10-17 20:15:00,0.7723514014366928,-0.8807732109220944,-0.1530782204397866,0.39678970502044375,0.4793315073625486
2024-10-17 20:30:00,0.9958371859328787,-0.8807732109220944,0.40707029320884086,0.21451113254472265,0.7472287984947318
2024-10-17 20:45:00,0.9958371859328787,-0.8807732109220944,0.08698542826676801,1.125903994923328,0.854387714947605
2024-10-17 21:00:00,-0.00984884429995786,0.6794278228794217,0.08698542826676801,-0.15004601240671953,0.12213511918630442
2024-10-17 21:15:00,-0.27803178569538095,0.5060721524570311,-0.23309943667530483,1.4904611398747702,0.12213511918630442
2024-10-17 21:30:00,-0.00984884429995786,-0.8807732109220944,0.006964212031249799,1.308182567399049,0.06855566095986779
2024-10-17 21:45:00,-1.149626345230506,-1.054128881344485,-1.0333115990304869,0.6702075637340253,-1.2352111558834236
2024-10-17 22:00:00,-1.3060663943778361,-0.9674510461332897,-1.0333115990304869,0.48792899125830425,-1.3780897111539212
2024-10-17 22:15:00,-1.2837178159282177,-1.054128881344485,-1.0333115990304869,0.21451113254472265,-1.4316691693803578
2024-10-17 22:30:00,-1.1272777667808875,-1.054128881344485,-1.0333115990304869,1.2170432811611887,-1.1101924200217381
2024-10-17 22:45:00,-1.1272777667808875,-0.8807732109220944,-0.8732691665594505,0.12337184630686211,-1.2530709752922358
2024-10-17 23:00:00,-1.2166720805793618,-0.9674510461332897,-1.0333115990304869,1.6727397123504912,-1.0744727812041137
2024-10-17 23:15:00,-1.3507635512770733,-1.054128881344485,-1.0333115990304869,1.6727397123504912,-1.1994915170657992
2024-10-17 23:30:00,-1.2390206590289803,-0.8807732109220944,-0.8732691665594505,0.8524861362097464,-1.1994915170657992
2024-10-17 23:45:00,-1.1272777667808875,-1.054128881344485,-0.8732691665594505,1.9461575710640728,-0.931594225933616
2024-10-18 00:00:00,-1.2166720805793618,-0.8807732109220944,-1.0333115990304869,1.8550182848262124,-1.020893322977677
2024-10-18 00:15:00,-1.2166720805793618,-0.8807732109220944,-0.9532903827949687,0.8524861362097464,-1.1994915170657992
2024-10-18 00:30:00,-1.3507635512770733,-0.9674510461332897,-0.9532903827949687,0.9436254224476069,-1.3066504335186724
2024-10-18 00:45:00,-1.3060663943778361,-0.8807732109220944,-1.0333115990304869,0.7613468499718858,-1.3066504335186724
2024-10-18 01:00:00,-1.3060663943778361,-0.8807732109220944,-0.9532903827949687,0.3056504187825832,-1.3780897111539212
2024-10-18 01:15:00,-1.2390206590289803,-0.8807732109220944,-0.9532903827949687,1.7638789985883518,-1.0387531423864893
2024-10-18 01:30:00,-1.3284149728274548,-0.9674510461332897,-0.8732691665594505,0.5790682774961649,-1.3423700723362968
2024-10-18 01:45:00,-1.1272777667808875,-0.8807732109220944,-0.9532903827949687,0.7613468499718858,-1.1459120588393625
2024-10-18 02:00:00,-1.3060663943778361,-0.9674510461332897,-1.0333115990304869,1.5816004261126306,-1.1637718782481747
2024-10-18 02:15:00,-1.149626345230506,-0.8807732109220944,-1.0333115990304869,1.7638789985883518,-0.9851736841600526
2024-10-18 02:30:00,-1.1272777667808875,-0.8807732109220944,-1.0333115990304869,0.7613468499718858,-1.1637718782481747
2024-10-18 02:45:00,-1.3284149728274548,-0.9674510461332897,-0.9532903827949687,1.0347647086854674,-1.270930794701048
2024-10-18 03:00:00,-1.3060663943778361,-1.054128881344485,-0.9532903827949687,0.48792899125830425,-1.3780897111539212
2024-10-18 03:15:00,-1.1719749236801247,-1.054128881344485,-0.9532903827949687,0.48792899125830425,-1.270930794701048
2024-10-18 03:30:00,-1.2166720805793618,-0.8807732109220944,-0.8732691665594505,0.3056504187825832,-1.2887906141098602
2024-10-18 03:45:00,-1.1719749236801247,-0.8807732109220944,-0.9532903827949687,1.5816004261126306,-1.020893322977677
2024-10-18 04:00:00,0.5041684600412697,-0.534061870077313,-0.6332055178528959,0.03223256006900157,0.15785475800392884
2024-10-18 04:15:00,-0.12159173654805082,-1.054128881344485,-0.5531843016173776,-0.058906726168858975,-0.4493791018956863
2024-10-18 04:30:00,-0.2556832072457624,-0.534061870077313,-0.5531843016173776,-0.42346387112030115,-0.5208183795309351
2024-10-18 04:45:00,0.012499734149660732,-1.054128881344485,-0.8732691665594505,0.12337184630686211,-0.3779398242604375
2024-10-18 05:00:00,0.05719689104889791,-0.534061870077313,-0.5531843016173776,-0.6968817298338827,-0.3243603660340008
2024-10-18 05:15:00,0.5265170384908884,-0.27402836444372697,-0.9532903827949687,-0.42346387112030115,0.06855566095986779
2024-10-18 05:30:00,-0.21098605034652518,-0.9674510461332897,-1.0333115990304869,0.48792899125830425,-0.5029585601221229
2024-10-18 05:45:00,0.7946999798863115,1.026139163724203,0.16700664450228622,-0.8791603023096038,0.7115091596771074
2024-10-18 06:00:00,1.2193229704290647,1.3728505045689845,0.5671127256798772,-0.7880210160717432,1.2294439225326614
2024-10-18 06:15:00,0.6606085091885999,1.4595283397801795,0.40707029320884086,-0.6057424435960223,0.8008082567211684
2024-10-18 06:30:00,0.6382599307389812,0.07268297640105437,0.6471339419153954,-0.6968817298338827,0.5329109655889852
2024-10-18 06:45:00,1.688643117871055,1.546206174991375,0.8871975906219501,-0.6057424435960223,1.7473786853882156
2024-10-18 07:00:00,1.7556888532199109,1.1994948341465936,0.40707029320884086,-0.5146031573581616,1.6402197689353422
2024-10-18 07:15:00,0.928791450584023,1.1994948341465936,0.7271551581509137,-0.6968817298338827,1.015126089626915
2024-10-18 07:30:00,1.1746258135298275,1.286172669357789,-0.23309943667530483,-0.6057424435960223,1.0329859090357272
2024-10-18 07:45:00,1.576900225622962,0.3327164820346404,0.8871975906219501,-0.7880210160717432,1.372322477803159
2024-10-18 08:00:00,1.6439459609718179,1.546206174991375,0.6471339419153954,-0.3323245848824406,1.711659046570591
2024-10-18 08:15:00,0.8393971367855486,0.5927499876682264,0.16700664450228622,-0.42346387112030115,0.7472287984947318
2024-10-18 08:30:00,1.3757630195763948,0.5060721524570311,-0.1530782204397866,-0.3323245848824406,1.104425186670976
2024-10-18 08:45:00,0.7946999798863115,1.4595283397801795,0.24702786073780442,-0.9702995885474643,0.8008082567211684
2024-10-18 09:00:00,-0.23333462879614378,-0.3607061996549223,0.5671127256798772,0.03223256006900157,-0.12790235253706653
2024-10-18 09:15:00,-0.21098605034652518,-0.44738403486611766,-0.39314186914634125,-0.42346387112030115,-0.4315192824868741
2024-10-18 09:30:00,-0.7026547762381342,-0.44738403486611766,-0.39314186914634125,-0.8791603023096038,-0.9137344065248038
2024-10-18 09:45:00,-0.18863747189690658,-0.18735052923253165,0.16700664450228622,-0.6057424435960223,-0.2707809078075642
2024-10-18 10:00:00,-0.47916899174194827,0.24603864682344503,-0.313120652910823,-0.058906726168858975,-0.4136594630780619
2024-10-18 10:15:00,-0.5015175701915668,-0.44738403486611766,0.9672188068574683,-0.6968817298338827,-0.4136594630780619
2024-10-18 10:30:00,-0.5462147270908041,-0.27402836444372697,1.0472400230929866,-1.1525781610231856,-0.4850987407133107
2024-10-18 10:45:00,-0.7473519331373714,-0.8807732109220944,-0.5531843016173776,1.0347647086854674,-0.6994165736190572
2024-10-18 11:00:00,-0.6132604624396598,-0.18735052923253165,-0.7932479503239322,1.2170432811611887,-0.4672389213044985
2024-10-18 11:15:00,-0.21098605034652518,-0.18735052923253165,-0.313120652910823,1.4904611398747702,0.014976202733431157
2024-10-18 11:30:00,-0.7920490900366085,-0.7074175404997036,-0.1530782204397866,1.4904611398747702,-0.5208183795309351
2024-10-18 11:45:00,0.012499734149660732,-0.8807732109220944,-0.7932479503239322,0.6702075637340253,-0.21720144958112758
2024-10-18 12:00:00,-0.5685633055404227,-0.18735052923253165,-1.0333115990304869,0.8524861362097464,-0.5565380183485595
2024-10-18 12:15:00,-0.3450775210442367,-0.3607061996549223,-0.39314186914634125,0.5790682774961649,-0.3243603660340008
2024-10-18 12:30:00,-0.8814434038350829,-0.7940953757108989,-0.5531843016173776,0.6702075637340253,-0.8601549482983671
2024-10-18 12:45:00,-0.3450775210442367,-0.3607061996549223,-0.47316308538185947,1.308182567399049,-0.19934163017231535
2024-10-18 13:00:00,-1.1272777667808875,-0.44738403486611766,-0.0730570042042684,0.5790682774961649,-0.8958745871159915
2024-10-18 13:15:00,-0.18863747189690658,0.4193943172458357,0.08698542826676801,0.8524861362097464,0.12213511918630442
2024-10-18 13:30:00,-0.4121232563930925,-0.18735052923253165,0.006964212031249799,-0.5146031573581616,-0.4672389213044985
2024-10-18 13:45:00,-1.1943235021297431,-0.7074175404997036,-0.1530782204397866,0.39678970502044375,-1.0566129617953015
2024-10-18 14:00:00,-0.3674260994938553,-0.3607061996549223,-0.7132267340884141,-0.24118529864458005,-0.5743978377573717
2024-10-18 14:15:00,-0.23333462879614378,-0.8807732109220944,1.7674309692126502,0.21451113254472265,0.06855566095986779
2024-10-18 14:30:00,-0.47916899174194827,-0.27402836444372697,-0.23309943667530483,0.6702075637340253,-0.3600800048516252
2024-10-18 14:45:00,0.16893978329699086,-0.27402836444372697,1.207282455564023,-0.15004601240671953,0.31859313268323874
2024-10-18 15:00:00,-0.657957619338897,-0.7074175404997036,1.0472400230929866,-0.6057424435960223,-0.5565380183485595
2024-10-18 15:15:00,0.03484831259927933,-0.9674510461332897,-0.0730570042042684,-0.15004601240671953,-0.21720144958112758
2024-10-18 15:30:00,-0.47916899174194827,0.3327164820346404,0.32704907697332264,-0.6968817298338827,-0.3779398242604375
2024-10-18 15:45:00,1.7780374316695295,0.15936081161224971,1.7674309692126502,-0.7880210160717432,1.6937992271617788
2024-10-18 16:00:00,0.928791450584023,-0.18735052923253165,1.5273673205060956,-0.7880210160717432,0.8901073537652294
2024-10-18 16:15:00,0.7723514014366928,0.4193943172458357,1.4473461042705773,-0.3323245848824406,0.9615466314004782
2024-10-18 16:30:00,1.3534144411267761,0.6794278228794217,1.9274734016836867,-0.7880210160717432,1.4973412136648445
2024-10-18 16:45:00,1.8227345885687667,0.9394613285130077,2.087515834154723,-0.5146031573581616,2.0152759765203987
2024-10-18 17:00:00,1.5098544902741065,-0.534061870077313,0.40707029320884086,-0.7880210160717432,1.0329859090357272
2024-10-18 17:15:00,1.8227345885687667,1.4595283397801795,-0.23309943667530483,-0.058906726168858975,1.6937992271617788
2024-10-18 17:30:00,1.1075800781809717,-0.1006726940213363,1.1272612393285046,-0.5146031573581616,1.015126089626915
2024-10-18 17:45:00,1.4875059118244878,-0.013994858810140965,0.487091509444359,-0.3323245848824406,1.2294439225326614
2024-10-18 18:00:00,0.9064428721344044,0.9394613285130077,0.5671127256798772,-0.5146031573581616,0.943686811991666
2024-10-18 18:15:00,1.196974391979446,1.3728505045689845,1.9274734016836867,-0.6057424435960223,1.5509206718912811
2024-10-18 18:30:00,0.25833409709546523,0.5060721524570311,-0.23309943667530483,-0.42346387112030115,0.17571457741274105
2024-10-18 18:45:00,0.5265170384908884,-0.7074175404997036,-0.1530782204397866,-0.6057424435960223,0.12213511918630442
2024-10-18 19:00:00,0.9064428721344044,-0.6207397052885083,0.006964212031249799,-0.15004601240671953,0.5686306044066096
2024-10-18 19:15:00,-0.3003803641449995,-0.1006726940213363,0.40707029320884086,-0.6968817298338827,-0.3065005466251886
2024-10-18 19:30:00,0.4147741462427954,-0.44738403486611766,-0.313120652910823,0.03223256006900157,0.17571457741274105
2024-10-18 19:45:00,0.4147741462427954,0.24603864682344503,-0.47316308538185947,0.7613468499718858,0.425752049136112
2024-10-18 20:00:00,0.6159113522893627,-1.054128881344485,-0.1530782204397866,0.7613468499718858,0.39003241031848757
2024-10-18 20:15:00,0.16893978329699086,0.6794278228794217,0.08698542826676801,1.125903994923328,0.515051146180173
2024-10-18 20:30:00,-0.3450775210442367,0.3327164820346404,-0.6332055178528959,1.2170432811611887,-0.11004253312825431
2024-10-18 20:45:00,0.012499734149660732,-0.1006726940213363,0.5671127256798772,0.9436254224476069,0.30073331327442654
2024-10-18 21:00:00,-0.05454600119919504,-0.3607061996549223,-0.5531843016173776,-0.5146031573581616,-0.342220185442813
2024-10-18 21:15:00,0.5712141953901255,0.6794278228794217,-0.47316308538185947,0.48792899125830425,0.5864904238154218
2024-10-18 21:30:00,0.8617457152351672,-0.6207397052885083,-0.0730570042042684,0.3056504187825832,0.604350243224234
2024-10-18 21:45:00,-1.3284149728274548,-1.054128881344485,-0.9532903827949687,0.7613468499718858,-1.3423700723362968
2024-10-18 22:00:00,-1.3284149728274548,-0.8807732109220944,-1.0333115990304869,1.4904611398747702,-1.181631697656987
2024-10-18 22:15:00,-1.149626345230506,-1.054128881344485,-1.0333115990304869,0.48792899125830425,-1.270930794701048
2024-10-18 22:30:00,-1.1272777667808875,-0.9674510461332897,-0.8732691665594505,0.7613468499718858,-1.1459120588393625
2024-10-18 22:45:00,-1.2390206590289803,-1.054128881344485,-1.0333115990304869,0.9436254224476069,-1.2530709752922358
2024-10-18 23:00:00,-1.3060663943778361,-1.054128881344485,-0.8732691665594505,1.4904611398747702,-1.1637718782481747
2024-10-18 23:15:00,-1.3060663943778361,-0.8807732109220944,-1.0333115990304869,1.0347647086854674,-1.2530709752922358
2024-10-18 23:30:00,-1.2837178159282177,-0.8807732109220944,-0.8732691665594505,0.12337184630686211,-1.3780897111539212
2024-10-18 23:45:00,-1.3507635512770733,-0.9674510461332897,-0.8732691665594505,1.3993218536369096,-1.1994915170657992
2024-10-19 00:00:00,-1.3060663943778361,-0.8807732109220944,-0.9532903827949687,1.125903994923328,-1.2173513364746114
2024-10-19 00:15:00,-1.2837178159282177,-1.054128881344485,-0.8732691665594505,1.3993218536369096,-1.1637718782481747
2024-10-19 00:30:00,-1.3284149728274548,-1.054128881344485,-0.9532903827949687,0.6702075637340253,-1.360229891745109
2024-10-19 00:45:00,-1.3507635512770733,-1.054128881344485,-1.0333115990304869,0.5790682774961649,-1.4138093499715456
2024-10-19 01:00:00,-1.2166720805793618,-0.9674510461332897,-0.9532903827949687,0.5790682774961649,-1.270930794701048
2024-10-19 01:15:00,-1.2837178159282177,-0.9674510461332897,-0.8732691665594505,0.5790682774961649,-1.3066504335186724
2024-10-19 01:30:00,-1.1272777667808875,-0.8807732109220944,-0.8732691665594505,1.7638789985883518,-0.931594225933616
2024-10-19 01:45:00,-1.2837178159282177,-1.054128881344485,-0.8732691665594505,1.2170432811611887,-1.1994915170657992
2024-10-19 02:00:00,-1.3060663943778361,-1.054128881344485,-1.0333115990304869,1.2170432811611887,-1.2530709752922358
2024-10-19 02:15:00,-1.149626345230506,-0.8807732109220944,-0.9532903827949687,0.3056504187825832,-1.2530709752922358
2024-10-19 02:30:00,-1.149626345230506,-0.8807732109220944,-0.8732691665594505,1.2170432811611887,-1.0566129617953015
2024-10-19 02:45:00,-1.261369237478599,-0.8807732109220944,-0.8732691665594505,1.9461575710640728,-1.003033503568865
2024-10-19 03:00:00,-1.3507635512770733,-0.8807732109220944,-1.0333115990304869,0.9436254224476069,-1.3066504335186724
2024-10-19 03:15:00,-1.2166720805793618,-0.9674510461332897,-0.9532903827949687,1.2170432811611887,-1.1459120588393625
2024-10-19 03:30:00,-1.3060663943778361,-0.8807732109220944,-0.8732691665594505,1.7638789985883518,-1.0744727812041137
2024-10-19 03:45:00,-1.3060663943778361,-1.054128881344485,-0.9532903827949687,1.308182567399049,-1.2173513364746114
2024-10-19 04:00:00,-0.00984884429995786,-0.27402836444372697,-0.8732691665594505,0.03223256006900157,-0.252921088398752
2024-10-19 04:15:00,-0.3450775210442367,-1.054128881344485,-0.47316308538185947,0.3056504187825832,-0.5386781989397473
2024-10-19 04:30:00,-0.09924315809843222,-0.44738403486611766,-0.9532903827949687,-0.42346387112030115,-0.4672389213044985
2024-10-19 04:45:00,0.25833409709546523,-0.534061870077313,-0.7932479503239322,0.8524861362097464,0.08641548036867999
2024-10-19 05:00:00,0.325379832444321,-0.44738403486611766,-0.7932479503239322,0.8524861362097464,0.15785475800392884
2024-10-19 05:15:00,0.012499734149660732,-0.9674510461332897,-0.7132267340884141,0.5790682774961649,-0.2350612689899398
2024-10-19 05:30:00,0.5265170384908884,-0.7940953757108989,-0.6332055178528959,0.21451113254472265,0.15785475800392884
2024-10-19 05:45:00,0.4818198815916512,1.1128169989353984,0.006964212031249799,-0.5146031573581616,0.515051146180173
2024-10-19 06:00:00,0.6382599307389812,1.1994948341465936,0.8871975906219501,-0.7880210160717432,0.8008082567211684
2024-10-19 06:15:00,1.1299286566305904,0.6794278228794217,-0.1530782204397866,-0.6968817298338827,0.8722475343564172
2024-10-19 06:30:00,1.3757630195763948,0.6794278228794217,0.006964212031249799,-0.42346387112030115,1.1580046448974126
2024-10-19 06:45:00,1.4428087549252506,0.07268297640105437,0.08698542826676801,-0.5146031573581616,1.0865653672621638
2024-10-19 07:00:00,0.45947130314203255,-0.013994858810140965,0.006964212031249799,-0.42346387112030115,0.2828734938656143
2024-10-19 07:15:00,1.1299286566305904,-0.1006726940213363,0.7271551581509137,-0.42346387112030115,0.9615466314004782
2024-10-19 07:30:00,1.1075800781809717,0.07268297640105437,0.006964212031249799,-0.9702995885474643,0.7115091596771074
2024-10-19 07:45:00,0.7500028229870742,0.15936081161224971,0.8871975906219501,-0.6057424435960223,0.7115091596771074
2024-10-19 08:00:00,0.45947130314203255,0.9394613285130077,0.5671127256798772,-0.5146031573581616,0.5864904238154218
2024-10-19 08:15:00,0.3477284108939396,1.1128169989353984,0.487091509444359,-0.9702995885474643,0.425752049136112
2024-10-19 08:30:00,1.0628829212817346,-0.18735052923253165,0.16700664450228622,-0.6968817298338827,0.7115091596771074
2024-10-19 08:45:00,1.8227345885687667,0.5060721524570311,0.5671127256798772,-1.243717447261046,1.443761755438408
2024-10-19 09:00:00,-0.3674260994938553,-0.534061870077313,1.0472400230929866,-0.24118529864458005,-0.21720144958112758
2024-10-19 09:15:00,0.30303125399470243,-0.6207397052885083,0.006964212031249799,0.03223256006900157,0.12213511918630442
2024-10-19 09:30:00,-0.7473519331373714,-0.6207397052885083,1.0472400230929866,-0.15004601240671953,-0.5208183795309351
2024-10-19 09:45:00,-0.32272894259461815,0.24603864682344503,-0.313120652910823,-0.5146031573581616,-0.3779398242604375
2024-10-19 10:00:00,-0.7250033546877528,-0.18735052923253165,0.9672188068574683,-0.15004601240671953,-0.4315192824868741
2024-10-19 10:15:00,-0.3674260994938553,-0.44738403486611766,0.16700664450228622,-1.1525781610231856,-0.5743978377573717
2024-10-19 10:30:00,-0.2556832072457624,0.07268297640105437,-0.6332055178528959,-1.1525781610231856,-0.5565380183485595
2024-10-19 10:45:00,-0.8367462469358458,-0.9674510461332897,-0.5531843016173776,1.2170432811611887,-0.7529960318454939
2024-10-19 11:00:00,-0.5015175701915668,-1.054128881344485,-0.6332055178528959,1.308182567399049,-0.5029585601221229
2024-10-19 11:15:00,-0.3003803641449995,-0.8807732109220944,-0.0730570042042684,1.0347647086854674,-0.2350612689899398
2024-10-19 11:30:00,-0.9037919822847015,-0.44738403486611766,-0.39314186914634125,0.5790682774961649,-0.7887156706631183
2024-10-19 11:45:00,-0.8367462469358458,-0.3607061996549223,-0.0730570042042684,1.0347647086854674,-0.5565380183485595
2024-10-19 12:00:00,0.03484831259927933,-1.054128881344485,-0.9532903827949687,0.8524861362097464,-0.2350612689899398
2024-10-19 12:15:00,-0.166288893447288,-0.27402836444372697,-0.7932479503239322,0.6702075637340253,-0.2350612689899398
2024-10-19 12:30:00,-0.27803178569538095,-0.9674510461332897,0.006964212031249799,1.2170432811611887,-0.18148181076350314
2024-10-19 12:45:00,-0.05454600119919504,-0.534061870077313,-0.47316308538185947,1.125903994923328,-0.03860325549300547
2024-10-19 13:00:00,-0.5238661486411854,-0.8807732109220944,1.687409752977132,0.7613468499718858,-0.0743228943106299
2024-10-19 13:15:00,-0.8590948253854643,-0.3607061996549223,-0.23309943667530483,-0.6057424435960223,-0.931594225933616
2024-10-19 13:30:00,0.2806826755450838,-0.6207397052885083,-0.6332055178528959,0.5790682774961649,0.06855566095986779
2024-10-19 13:45:00,0.6159113522893627,-1.054128881344485,-0.6332055178528959,-0.24118529864458005,0.08641548036867999
2024-10-19 14:00:00,0.012499734149660732,0.5060721524570311,1.287303671799541,-0.7880210160717432,0.2471538550479899
2024-10-19 14:15:00,-0.5238661486411854,0.6794278228794217,0.40707029320884086,0.3056504187825832,-0.12790235253706653
2024-10-19 14:30:00,-0.05454600119919504,-0.7940953757108989,1.287303671799541,-0.3323245848824406,0.014976202733431157
2024-10-19 14:45:00,-1.1719749236801247,0.6794278228794217,-0.313120652910823,0.7613468499718858,-0.7172763930278695
2024-10-19 15:00:00,-0.23333462879614378,-0.9674510461332897,1.207282455564023,-0.24118529864458005,-0.16362199135469094
2024-10-19 15:15:00,0.03484831259927933,-0.7074175404997036,0.8071763743864319,-0.42346387112030115,-0.020743436084193264
2024-10-19 15:30:00,-0.00984884429995786,-0.534061870077313,-1.0333115990304869,0.6702075637340253,-0.21720144958112758
2024-10-19 15:45:00,1.688643117871055,-0.534061870077313,1.6073885367416139,-0.6057424435960223,1.4794813942560323
2024-10-19 16:00:00,1.7780374316695295,0.07268297640105437,0.487091509444359,-0.7880210160717432,1.3901822972119713
2024-10-19 16:15:00,0.8393971367855486,1.4595283397801795,-0.1530782204397866,-0.24118529864458005,0.8901073537652294
2024-10-19 16:30:00,1.0405343428321159,0.6794278228794217,-0.23309943667530483,0.03223256006900157,0.9258269925828538
2024-10-19 16:45:00,0.7946999798863115,-0.1006726940213363,2.007494617919205,-0.058906726168858975,1.0508457284445394
2024-10-19 17:00:00,1.7109916963206737,1.3728505045689845,1.687409752977132,0.12337184630686211,2.050995615338023
2024-10-19 17:15:00,1.308717284227539,0.766105658090617,0.006964212031249799,-0.6968817298338827,1.0687055478533516
2024-10-19 17:30:00,1.1075800781809717,0.8527834933018124,0.16700664450228622,0.03223256006900157,1.104425186670976
2024-10-19 17:45:00,0.8393971367855486,1.3728505045689845,0.32704907697332264,-0.15004601240671953,0.9972662702181027
2024-10-19 18:00:00,0.8617457152351672,0.3327164820346404,0.16700664450228622,-0.058906726168858975,0.7829484373123562
2024-10-19 18:15:00,1.688643117871055,0.6794278228794217,-0.0730570042042684,-0.24118529864458005,1.4259019360295957
2024-10-19 18:30:00,0.1465912048473723,0.5927499876682264,-0.1530782204397866,0.39678970502044375,0.2828734938656143
2024-10-19 18:45:00,0.03484831259927933,-0.18735052923253165,0.487091509444359,1.3993218536369096,0.37217259090967536
2024-10-19 19:00:00,-0.21098605034652518,-0.44738403486611766,0.40707029320884086,1.3993218536369096,0.10427529977749221
2024-10-19 19:15:00,0.7500028229870742,0.07268297640105437,0.24702786073780442,1.3993218536369096,0.943686811991666
2024-10-19 19:30:00,0.8393971367855486,0.5927499876682264,-0.39314186914634125,1.0347647086854674,0.9079671731740416
2024-10-19 19:45:00,-0.166288893447288,-0.44738403486611766,-0.313120652910823,0.6702075637340253,-0.16362199135469094
2024-10-19 20:00:00,-0.1439403149976694,-0.44738403486611766,0.08698542826676801,0.8524861362097464,-0.020743436084193264
2024-10-19 20:15:00,0.6382599307389812,0.6794278228794217,-0.0730570042042684,0.12337184630686211,0.6579297014506708
2024-10-19 20:30:00,0.3924255677931768,0.24603864682344503,0.24702786073780442,-0.058906726168858975,0.40789222972729977
2024-10-19 20:45:00,0.5265170384908884,-0.9674510461332897,0.40707029320884086,-0.42346387112030115,0.22929403563917766
2024-10-19 21:00:00,-0.3003803641449995,0.07268297640105437,0.24702786073780442,-0.5146031573581616,-0.2707809078075642
2024-10-19 21:15:00,-0.27803178569538095,0.24603864682344503,-0.6332055178528959,0.3056504187825832,-0.252921088398752
2024-10-19 21:30:00,-0.12159173654805082,-1.054128881344485,0.08698542826676801,-0.6968817298338827,-0.4315192824868741
2024-10-19 21:45:00,-1.2390206590289803,-0.8807732109220944,-1.0333115990304869,1.6727397123504912,-1.0744727812041137
2024-10-19 22:00:00,-1.2166720805793618,-0.9674510461332897,-0.8732691665594505,1.308182567399049,-1.1101924200217381
2024-10-19 22:15:00,-1.3507635512770733,-1.054128881344485,-1.0333115990304869,1.9461575710640728,-1.1459120588393625
2024-10-19 22:30:00,-1.2166720805793618,-0.9674510461332897,-1.0333115990304869,1.125903994923328,-1.181631697656987
2024-10-19 22:45:00,-1.149626345230506,-0.8807732109220944,-1.0333115990304869,0.48792899125830425,-1.2352111558834236
2024-10-19 23:00:00,-1.2390206590289803,-1.054128881344485,-0.8732691665594505,0.6702075637340253,-1.270930794701048
2024-10-19 23:15:00,-1.1719749236801247,-1.054128881344485,-0.8732691665594505,1.5816004261126306,-1.0387531423864893
2024-10-19 23:30:00,-1.261369237478599,-0.9674510461332897,-0.9532903827949687,0.9436254224476069,-1.2352111558834236
2024-10-19 23:45:00,-1.2390206590289803,-1.054128881344485,-0.8732691665594505,0.3056504187825832,-1.3423700723362968
2024-10-20 00:00:00,-1.1719749236801247,-0.8807732109220944,-1.0333115990304869,0.6702075637340253,-1.2173513364746114
2024-10-20 00:15:00,-1.3060663943778361,-0.8807732109220944,-0.9532903827949687,0.21451113254472265,-1.3959495305627334
2024-10-20 00:30:00,-1.2837178159282177,-0.9674510461332897,-1.0333115990304869,1.9461575710640728,-1.0744727812041137
2024-10-20 00:45:00,-1.2390206590289803,-0.8807732109220944,-1.0333115990304869,0.12337184630686211,-1.3780897111539212
2024-10-20 01:00:00,-1.1719749236801247,-1.054128881344485,-0.8732691665594505,0.3056504187825832,-1.2887906141098602
2024-10-20 01:15:00,-1.1272777667808875,-0.8807732109220944,-0.9532903827949687,1.9461575710640728,-0.9137344065248038
2024-10-20 01:30:00,-1.2390206590289803,-0.8807732109220944,-1.0333115990304869,0.39678970502044375,-1.3245102529274846
2024-10-20 01:45:00,-1.3060663943778361,-1.054128881344485,-0.8732691665594505,1.6727397123504912,-1.1280522394305503
2024-10-20 02:00:00,-1.1943235021297431,-0.8807732109220944,-1.0333115990304869,1.308182567399049,-1.1101924200217381
2024-10-20 02:15:00,-1.261369237478599,-0.8807732109220944,-0.8732691665594505,0.39678970502044375,-1.3066504335186724
2024-10-20 02:30:00,-1.1943235021297431,-0.9674510461332897,-1.0333115990304869,1.308182567399049,-1.1280522394305503
2024-10-20 02:45:00,-1.2166720805793618,-1.054128881344485,-1.0333115990304869,1.3993218536369096,-1.1459120588393625
2024-10-20 03:00:00,-1.1943235021297431,-0.8807732109220944,-0.8732691665594505,0.3056504187825832,-1.270930794701048
2024-10-20 03:15:00,-1.3284149728274548,-1.054128881344485,-0.9532903827949687,0.6702075637340253,-1.360229891745109
2024-10-20 03:30:00,-1.261369237478599,-1.054128881344485,-0.9532903827949687,1.6727397123504912,-1.1101924200217381
2024-10-20 03:45:00,-1.3284149728274548,-1.054128881344485,-1.0333115990304869,0.21451113254472265,-1.4673888081979822
2024-10-20 04:00:00,0.21363694019622806,-1.054128881344485,-1.0333115990304869,3.222107578394121,0.35431277150086316
2024-10-20 04:15:00,-0.12159173654805082,-0.27402836444372697,-0.8732691665594505,2.8575504334426785,0.21143421623036546
2024-10-20 04:30:00,-0.18863747189690658,-0.9674510461332897,-1.0333115990304869,2.3107147160155153,-0.12790235253706653
2024-10-20 04:45:00,-0.03219742274957645,-0.18735052923253165,-0.6332055178528959,0.6702075637340253,-0.0743228943106299
2024-10-20 05:00:00,0.16893978329699086,-0.534061870077313,-1.0333115990304869,3.1309682921562603,0.40789222972729977
2024-10-20 05:15:00,-0.07689457964881363,-0.534061870077313,-0.7132267340884141,1.8550182848262124,0.03283602214224337
2024-10-20 05:30:00,0.325379832444321,-0.8807732109220944,-0.6332055178528959,0.5790682774961649,0.050695841551055575
2024-10-20 05:45:00,-0.9037919822847015,-0.534061870077313,-0.6332055178528959,1.9461575710640728,-0.592257657166184
2024-10-20 06:00:00,0.16893978329699086,-0.534061870077313,-0.7932479503239322,2.2195754297776547,0.2828734938656143
2024-10-20 06:15:00,0.2806826755450838,-1.054128881344485,-0.7932479503239322,3.1309682921562603,0.4436118685449242
2024-10-20 06:30:00,-0.7473519331373714,-0.534061870077313,-0.7132267340884141,0.7613468499718858,-0.7172763930278695
2024-10-20 06:45:00,-0.18863747189690658,-0.6207397052885083,-0.9532903827949687,2.766411147204818,0.050695841551055575
2024-10-20 07:00:00,-0.657957619338897,-0.8807732109220944,-0.7932479503239322,3.768943295821284,-0.14576217194587873
2024-10-20 07:15:00,-0.3674260994938553,-0.6207397052885083,-0.6332055178528959,0.6702075637340253,-0.4315192824868741
2024-10-20 07:30:00,0.1018940479481351,-0.27402836444372697,-1.0333115990304869,0.8524861362097464,-0.03860325549300547
2024-10-20 07:45:00,-0.00984884429995786,-0.534061870077313,-0.7132267340884141,2.3107147160155153,0.17571457741274105
2024-10-20 08:00:00,-0.27803178569538095,-0.3607061996549223,-1.0333115990304869,1.9461575710640728,-0.14576217194587873
2024-10-20 08:15:00,-0.6132604624396598,-0.44738403486611766,-0.9532903827949687,1.4904611398747702,-0.5029585601221229
2024-10-20 08:30:00,0.05719689104889791,-0.18735052923253165,-0.6332055178528959,3.3132468646319815,0.515051146180173
2024-10-20 08:45:00,0.0795454694985165,-0.44738403486611766,-0.7932479503239322,0.5790682774961649,-0.0921827137194421
2024-10-20 09:00:00,1.576900225622962,3.193085044004086,0.487091509444359,-0.7880210160717432,1.872397421249901
2024-10-20 09:15:00,1.3981115980260135,0.766105658090617,-0.5531843016173776,-1.243717447261046,0.9079671731740416
2024-10-20 09:30:00,1.6215973825221994,2.1529510214697423,0.16700664450228622,-1.061438874785325,1.5687804913000933
2024-10-20 09:45:00,1.7109916963206737,1.8929175158361562,-0.313120652910823,-0.7880210160717432,1.533060852482469
2024-10-20 10:00:00,0.9734886074832602,0.9394613285130077,0.487091509444359,-0.9702995885474643,0.8901073537652294
2024-10-20 10:15:00,0.8393971367855486,1.026139163724203,0.24702786073780442,-0.7880210160717432,0.7829484373123562
2024-10-20 10:30:00,1.6662945394214366,1.8929175158361562,-0.5531843016173776,-1.061438874785325,1.3901822972119713
2024-10-20 10:45:00,0.7723514014366928,1.026139163724203,-0.39314186914634125,-1.243717447261046,0.4971913267713608
2024-10-20 11:00:00,1.3981115980260135,1.026139163724203,0.5671127256798772,-1.061438874785325,1.2473037419414736
2024-10-20 11:15:00,1.308717284227539,1.1994948341465936,0.24702786073780442,-1.243717447261046,1.104425186670976
2024-10-20 11:30:00,1.8897803239176225,2.7596958679481096,0.006964212031249799,-1.061438874785325,1.872397421249901
2024-10-20 11:45:00,1.800386010119148,0.766105658090617,-0.0730570042042684,-1.243717447261046,1.3366028389855347
2024-10-20 12:00:00,1.800386010119148,3.2797628792152818,0.006964212031249799,-0.8791603023096038,1.9438366988851499
2024-10-20 12:15:00,1.2416715488786834,2.2396288566809375,0.487091509444359,-0.8791603023096038,1.3901822972119713
2024-10-20 12:30:00,1.8897803239176225,2.5863401975257188,0.5671127256798772,-1.243717447261046,1.9259768794763377
2024-10-20 12:45:00,0.7946999798863115,0.8527834933018124,-0.23309943667530483,-0.7880210160717432,0.604350243224234
2024-10-20 13:00:00,1.3757630195763948,0.8527834933018124,-0.313120652910823,-1.061438874785325,0.9972662702181027
2024-10-20 13:15:00,1.1746258135298275,1.6328840102025703,0.006964212031249799,-0.7880210160717432,1.1222850060797882
2024-10-20 13:30:00,0.9064428721344044,3.0197293735816957,-0.0730570042042684,-0.8791603023096038,1.1580046448974126
2024-10-20 13:45:00,1.576900225622962,1.806239680624961,0.24702786073780442,-1.243717447261046,1.443761755438408
2024-10-20 14:00:00,1.085231499731353,1.1128169989353984,0.5671127256798772,-1.061438874785325,1.015126089626915
2024-10-20 14:15:00,1.5545516471733436,1.806239680624961,-0.39314186914634125,-0.8791603023096038,1.3544626583943469
2024-10-20 14:30:00,1.3310658626771577,1.806239680624961,-0.0730570042042684,-0.7880210160717432,1.2651635613502858
2024-10-20 14:45:00,1.8897803239176225,2.846373703159305,0.5671127256798772,-0.8791603023096038,2.050995615338023
2024-10-20 15:00:00,0.437122724692414,0.15936081161224971,-0.8732691665594505,-0.8791603023096038,0.014976202733431157
2024-10-20 15:15:00,-0.07689457964881363,-0.3607061996549223,-0.39314186914634125,-0.3323245848824406,-0.2886407272163764
2024-10-20 15:30:00,0.05719689104889791,-0.27402836444372697,0.16700664450228622,-0.3323245848824406,-0.03860325549300547
2024-10-20 15:45:00,-0.2556832072457624,-0.534061870077313,-0.47316308538185947,-0.24118529864458005,-0.4672389213044985
2024-10-20 16:00:00,0.1018940479481351,-0.6207397052885083,-0.47316308538185947,-0.42346387112030115,-0.2350612689899398
2024-10-20 16:15:00,0.25833409709546523,-0.3607061996549223,-0.23309943667530483,-1.1525781610231856,-0.14576217194587873
2024-10-20 16:30:00,0.548865616940507,-0.534061870077313,0.16700664450228622,-0.15004601240671953,0.33645295209205095
2024-10-20 16:45:00,0.19128836174660946,0.07268297640105437,-1.0333115990304869,-0.24118529864458005,-0.11004253312825431
2024-10-20 17:00:00,0.19128836174660946,-0.27402836444372697,-0.8732691665594505,-0.6968817298338827,-0.2350612689899398
2024-10-20 17:15:00,-0.07689457964881363,-0.6207397052885083,-0.8732691665594505,0.12337184630686211,-0.3600800048516252
2024-10-20 17:30:00,0.012499734149660732,-0.013994858810140965,-0.39314186914634125,-0.24118529864458005,-0.12790235253706653
2024-10-20 17:45:00,0.325379832444321,-0.6207397052885083,-0.1530782204397866,-0.5146031573581616,-0.0028836166753810535
2024-10-20 18:00:00,0.21363694019622806,0.07268297640105437,0.16700664450228622,-0.6057424435960223,0.10427529977749221
2024-10-20 18:15:00,0.25833409709546523,-0.013994858810140965,-0.313120652910823,0.12337184630686211,0.15785475800392884
2024-10-20 18:30:00,0.4147741462427954,-0.18735052923253165,-0.7932479503239322,-0.3323245848824406,0.050695841551055575
2024-10-20 18:45:00,-0.3003803641449995,-0.44738403486611766,-0.8732691665594505,0.03223256006900157,-0.5208183795309351
2024-10-20 19:00:00,-0.7473519331373714,-0.8807732109220944,-1.0333115990304869,1.2170432811611887,-0.7708558512543061
2024-10-20 19:15:00,-0.6356090408892784,-0.7074175404997036,-0.6332055178528959,1.308182567399049,-0.5386781989397473
2024-10-20 19:30:00,-0.5909118839900412,-0.9674510461332897,-0.6332055178528959,0.9436254224476069,-0.6279772959838084
2024-10-20 19:45:00,-0.7026547762381342,-0.9674510461332897,-0.7132267340884141,1.4904611398747702,-0.6279772959838084
2024-10-20 20:00:00,-0.5015175701915668,-0.7940953757108989,-0.8732691665594505,2.0372968573019334,-0.3600800048516252
2024-10-20 20:15:00,-0.9708377176335573,-0.9674510461332897,-0.7132267340884141,2.2195754297776547,-0.6994165736190572
2024-10-20 20:30:00,-0.5015175701915668,-0.7074175404997036,-0.9532903827949687,0.7613468499718858,-0.6101174765749962
2024-10-20 20:45:00,-0.4344718348427111,-0.9674510461332897,-1.0333115990304869,1.4904611398747702,-0.4850987407133107
2024-10-20 21:00:00,-0.5238661486411854,-0.8807732109220944,-0.6332055178528959,2.128436143539794,-0.3243603660340008
2024-10-20 21:15:00,-1.0155348745327946,-0.6207397052885083,-0.7932479503239322,1.8550182848262124,-0.7529960318454939
2024-10-20 21:30:00,-0.5685633055404227,-0.6207397052885083,-0.7932479503239322,0.6702075637340253,-0.6279772959838084
2024-10-20 21:45:00,-1.3507635512770733,-1.054128881344485,-0.8732691665594505,1.8550182848262124,-1.1280522394305503
2024-10-20 22:00:00,-1.1719749236801247,-0.8807732109220944,-1.0333115990304869,0.12337184630686211,-1.3245102529274846
2024-10-20 22:15:00,-1.1719749236801247,-0.8807732109220944,-1.0333115990304869,0.48792899125830425,-1.2530709752922358
2024-10-20 22:30:00,-1.3284149728274548,-1.054128881344485,-0.9532903827949687,0.3056504187825832,-1.4316691693803578
2024-10-20 22:45:00,-1.3284149728274548,-0.9674510461332897,-0.9532903827949687,1.3993218536369096,-1.1994915170657992
2024-10-20 23:00:00,-1.3507635512770733,-1.054128881344485,-0.8732691665594505,0.7613468499718858,-1.3423700723362968
2024-10-20 23:15:00,-1.1943235021297431,-0.9674510461332897,-0.8732691665594505,0.5790682774961649,-1.2352111558834236
2024-10-20 23:30:00,-1.2166720805793618,-0.9674510461332897,-0.8732691665594505,1.4904611398747702,-1.0744727812041137
2024-10-20 23:45:00,-1.1272777667808875,-0.8807732109220944,-0.9532903827949687,1.3993218536369096,-1.020893322977677
2024-10-21 00:00:00,-1.261369237478599,-0.8807732109220944,-0.9532903827949687,1.5816004261126306,-1.092332600612926
2024-10-21 00:15:00,-1.1943235021297431,-1.054128881344485,-0.8732691665594505,1.2170432811611887,-1.1280522394305503
2024-10-21 00:30:00,-1.3060663943778361,-0.8807732109220944,-0.8732691665594505,0.39678970502044375,-1.3423700723362968
2024-10-21 00:45:00,-1.1943235021297431,-0.9674510461332897,-0.9532903827949687,1.308182567399049,-1.1101924200217381
2024-10-21 01:00:00,-1.3507635512770733,-1.054128881344485,-0.8732691665594505,1.0347647086854674,-1.2887906141098602
2024-10-21 01:15:00,-1.1943235021297431,-0.9674510461332897,-0.8732691665594505,0.7613468499718858,-1.1994915170657992
2024-10-21 01:30:00,-1.1943235021297431,-0.9674510461332897,-0.9532903827949687,1.0347647086854674,-1.1637718782481747
2024-10-21 01:45:00,-1.1272777667808875,-0.9674510461332897,-1.0333115990304869,1.3993218536369096,-1.0566129617953015
2024-10-21 02:00:00,-1.1272777667808875,-0.8807732109220944,-0.8732691665594505,1.125903994923328,-1.0566129617953015
2024-10-21 02:15:00,-1.1719749236801247,-1.054128881344485,-0.9532903827949687,0.9436254224476069,-1.181631697656987
2024-10-21 02:30:00,-1.3284149728274548,-0.8807732109220944,-0.9532903827949687,0.7613468499718858,-1.3066504335186724
2024-10-21 02:45:00,-1.1719749236801247,-1.054128881344485,-1.0333115990304869,1.0347647086854674,-1.181631697656987
2024-10-21 03:00:00,-1.3060663943778361,-0.9674510461332897,-1.0333115990304869,0.3056504187825832,-1.4138093499715456
2024-10-21 03:15:00,-1.2837178159282177,-0.9674510461332897,-1.0333115990304869,0.8524861362097464,-1.2887906141098602
2024-10-21 03:30:00,-1.1719749236801247,-1.054128881344485,-0.9532903827949687,0.7613468499718858,-1.2173513364746114
2024-10-21 03:45:00,-1.3284149728274548,-0.9674510461332897,-1.0333115990304869,1.308182567399049,-1.2352111558834236
2024-10-21 04:00:00,0.012499734149660732,-0.8807732109220944,-0.6332055178528959,-0.5146031573581616,-0.4136594630780619
2024-10-21 04:15:00,0.45947130314203255,-0.7940953757108989,-0.6332055178528959,0.3056504187825832,0.12213511918630442
2024-10-21 04:30:00,0.4818198815916512,-0.7074175404997036,-0.9532903827949687,-0.7880210160717432,-0.12790235253706653
2024-10-21 04:45:00,0.05719689104889791,-0.7940953757108989,-0.47316308538185947,0.5790682774961649,-0.11004253312825431
2024-10-21 05:00:00,-0.32272894259461815,-1.054128881344485,-0.8732691665594505,0.7613468499718858,-0.5208183795309351
2024-10-21 05:15:00,0.1018940479481351,-0.7940953757108989,-0.7932479503239322,-0.3323245848824406,-0.3243603660340008
2024-10-21 05:30:00,0.19128836174660946,-0.8807732109220944,-0.8732691665594505,0.6702075637340253,-0.0921827137194421
2024-10-21 05:45:00,1.8897803239176225,1.546206174991375,0.5671127256798772,-0.5146031573581616,1.8545376018410888
2024-10-21 06:00:00,0.5265170384908884,0.766105658090617,0.40707029320884086,-0.9702995885474643,0.4793315073625486
2024-10-21 06:15:00,1.085231499731353,0.5060721524570311,0.8071763743864319,-1.1525781610231856,0.9258269925828538
2024-10-21 06:30:00,0.3477284108939396,0.5927499876682264,0.40707029320884086,-0.6057424435960223,0.37217259090967536
2024-10-21 06:45:00,0.6382599307389812,1.026139163724203,-0.23309943667530483,-0.5146031573581616,0.5686306044066096
2024-10-21 07:00:00,1.576900225622962,-0.013994858810140965,0.7271551581509137,-1.243717447261046,1.1758644643062248
2024-10-21 07:15:00,1.3310658626771577,0.4193943172458357,-0.0730570042042684,-0.9702995885474643,0.943686811991666
2024-10-21 07:30:00,0.9734886074832602,0.3327164820346404,0.16700664450228622,-0.6968817298338827,0.7472287984947318
2024-10-21 07:45:00,0.4147741462427954,0.24603864682344503,0.9672188068574683,-0.42346387112030115,0.515051146180173
2024-10-21 08:00:00,1.6215973825221994,0.5927499876682264,0.8871975906219501,-1.1525781610231856,1.3901822972119713
2024-10-21 08:15:00,1.2416715488786834,0.4193943172458357,-0.23309943667530483,-0.42346387112030115,0.943686811991666
2024-10-21 08:30:00,1.3310658626771577,1.286172669357789,0.5671127256798772,-0.42346387112030115,1.372322477803159
2024-10-21 08:45:00,1.4875059118244878,1.1128169989353984,0.08698542826676801,-0.42346387112030115,1.3544626583943469
2024-10-21 09:00:00,-0.07689457964881363,-0.534061870077313,0.8071763743864319,-0.058906726168858975,-0.0028836166753810535
2024-10-21 09:15:00,-0.5685633055404227,-0.6207397052885083,-0.6332055178528959,-0.7880210160717432,-0.8780147677071793
2024-10-21 09:30:00,-0.09924315809843222,0.15936081161224971,0.8071763743864319,-0.3323245848824406,0.06855566095986779
2024-10-21 09:45:00,-0.657957619338897,-0.534061870077313,0.8871975906219501,0.12337184630686211,-0.4136594630780619
2024-10-21 10:00:00,0.325379832444321,-0.3607061996549223,0.40707029320884086,-1.243717447261046,0.03283602214224337
2024-10-21 10:15:00,-0.3003803641449995,-0.6207397052885083,0.16700664450228622,-0.6057424435960223,-0.4493791018956863
2024-10-21 10:30:00,0.325379832444321,-0.27402836444372697,0.487091509444359,-0.15004601240671953,0.2828734938656143
2024-10-21 10:45:00,0.0795454694985165,-0.27402836444372697,-0.9532903827949687,0.5790682774961649,-0.0921827137194421
2024-10-21 11:00:00,-0.9931862960831759,-0.27402836444372697,-0.9532903827949687,0.6702075637340253,-0.931594225933616
2024-10-21 11:15:00,-0.5238661486411854,-0.3607061996549223,-0.7932479503239322,0.7613468499718858,-0.5208183795309351
2024-10-21 11:30:00,-0.23333462879614378,-0.18735052923253165,-0.7132267340884141,1.0347647086854674,-0.18148181076350314
2024-10-21 11:45:00,-0.09924315809843222,-0.18735052923253165,-0.7932479503239322,1.125903994923328,-0.0743228943106299
2024-10-21 12:00:00,0.1018940479481351,-0.7940953757108989,-0.47316308538185947,1.308182567399049,0.06855566095986779
2024-10-21 12:15:00,-0.21098605034652518,-0.7074175404997036,0.006964212031249799,1.3993218536369096,-0.03860325549300547
2024-10-21 12:30:00,-0.3450775210442367,-0.8807732109220944,0.006964212031249799,1.308182567399049,-0.19934163017231535
2024-10-21 12:45:00,-0.9261405607343202,-0.6207397052885083,-0.1530782204397866,0.7613468499718858,-0.7529960318454939
2024-10-21 13:00:00,-0.00984884429995786,-0.534061870077313,0.08698542826676801,0.7613468499718858,0.050695841551055575
2024-10-21 13:15:00,0.19128836174660946,-0.7940953757108989,1.5273673205060956,0.7613468499718858,0.4793315073625486
2024-10-21 13:30:00,-0.7250033546877528,0.15936081161224971,1.6073885367416139,0.8524861362097464,-0.020743436084193264
2024-10-21 13:45:00,-1.1049291883312689,0.6794278228794217,-0.9532903827949687,-0.42346387112030115,-1.0387531423864893
2024-10-21 14:00:00,-0.7473519331373714,-0.27402836444372697,-0.6332055178528959,1.0347647086854674,-0.592257657166184
2024-10-21 14:15:00,-0.6356090408892784,0.07268297640105437,0.8071763743864319,-0.6057424435960223,-0.4315192824868741
2024-10-21 14:30:00,-0.05454600119919504,-0.6207397052885083,-0.6332055178528959,1.0347647086854674,-0.11004253312825431
2024-10-21 14:45:00,-0.12159173654805082,-0.013994858810140965,0.5671127256798772,-0.15004601240671953,-0.0028836166753810535
2024-10-21 15:00:00,-0.2556832072457624,0.5060721524570311,0.7271551581509137,0.6702075637340253,0.19357439682155325
2024-10-21 15:15:00,0.3700769893435582,-0.18735052923253165,-0.23309943667530483,-0.15004601240671953,0.17571457741274105
2024-10-21 15:30:00,0.3924255677931768,0.5927499876682264,-0.47316308538185947,-0.15004601240671953,0.30073331327442654
2024-10-21 15:45:00,1.3757630195763948,-0.3607061996549223,0.40707029320884086,-0.7880210160717432,0.9615466314004782
2024-10-21 16:00:00,1.576900225622962,-0.013994858810140965,1.9274734016836867,-0.058906726168858975,1.6759394077529666
2024-10-21 16:15:00,0.8840942936847858,0.4193943172458357,1.687409752977132,-0.24118529864458005,1.1222850060797882
2024-10-21 16:30:00,1.5098544902741065,0.15936081161224971,1.9274734016836867,-0.5146031573581616,1.5687804913000933
2024-10-21 16:45:00,1.4875059118244878,0.5927499876682264,1.5273673205060956,-0.15004601240671953,1.62235994952653
2024-10-21 17:00:00,1.420460176475632,-0.44738403486611766,0.7271551581509137,0.03223256006900157,1.2115841031238492
2024-10-21 17:15:00,0.928791450584023,-0.013994858810140965,1.0472400230929866,0.03223256006900157,0.9794064508092905
2024-10-21 17:30:00,1.5098544902741065,0.3327164820346404,1.207282455564023,-0.15004601240671953,1.5152010330736567
2024-10-21 17:45:00,1.085231499731353,0.4193943172458357,1.207282455564023,-0.058906726168858975,1.2115841031238492
2024-10-21 18:00:00,1.532203068723725,-0.6207397052885083,1.1272612393285046,-0.3323245848824406,1.283023380759098
2024-10-21 18:15:00,0.8393971367855486,0.15936081161224971,2.087515834154723,0.12337184630686211,1.193724283715037
2024-10-21 18:30:00,0.05719689104889791,0.6794278228794217,-0.313120652910823,0.3056504187825832,0.17571457741274105
2024-10-21 18:45:00,0.928791450584023,-0.18735052923253165,0.5671127256798772,1.4904611398747702,1.1222850060797882
2024-10-21 19:00:00,0.3477284108939396,-0.6207397052885083,0.006964212031249799,0.39678970502044375,0.22929403563917766
2024-10-21 19:15:00,0.6159113522893627,0.4193943172458357,0.32704907697332264,-0.3323245848824406,0.5864904238154218
2024-10-21 19:30:00,0.2806826755450838,-0.27402836444372697,-0.47316308538185947,-0.6057424435960223,-0.056463074901817685
2024-10-21 19:45:00,0.4147741462427954,0.3327164820346404,0.08698542826676801,0.8524861362097464,0.5864904238154218
2024-10-21 20:00:00,0.30303125399470243,-0.6207397052885083,0.16700664450228622,-0.24118529864458005,0.10427529977749221
2024-10-21 20:15:00,0.81704855833593,0.3327164820346404,-0.0730570042042684,-0.15004601240671953,0.675789520859483
2024-10-21 20:30:00,0.4818198815916512,-0.44738403486611766,-0.6332055178528959,-0.6968817298338827,0.014976202733431157
2024-10-21 20:45:00,-0.3450775210442367,-0.7074175404997036,-0.313120652910823,0.03223256006900157,-0.4850987407133107
2024-10-21 21:00:00,0.6606085091885999,-1.054128881344485,-0.6332055178528959,-0.6968817298338827,0.03283602214224337
2024-10-21 21:15:00,-0.00984884429995786,-0.18735052923253165,-0.39314186914634125,0.9436254224476069,0.050695841551055575
2024-10-21 21:30:00,-0.23333462879614378,-0.3607061996549223,0.40707029320884086,0.48792899125830425,-0.0743228943106299
2024-10-21 21:45:00,-1.1719749236801247,-0.8807732109220944,-0.8732691665594505,0.8524861362097464,-1.1459120588393625
2024-10-21 22:00:00,-1.3284149728274548,-0.9674510461332897,-0.9532903827949687,1.125903994923328,-1.2530709752922358
2024-10-21 22:15:00,-1.2390206590289803,-0.9674510461332897,-0.8732691665594505,1.125903994923328,-1.1637718782481747
2024-10-21 22:30:00,-1.1719749236801247,-0.9674510461332897,-0.9532903827949687,1.9461575710640728,-0.9673138647512404
2024-10-21 22:45:00,-1.149626345230506,-0.8807732109220944,-0.8732691665594505,1.0347647086854674,-1.092332600612926
2024-10-21 23:00:00,-1.3284149728274548,-0.9674510461332897,-1.0333115990304869,1.8550182848262124,-1.1280522394305503
2024-10-21 23:15:00,-1.1272777667808875,-1.054128881344485,-0.8732691665594505,0.9436254224476069,-1.1280522394305503
2024-10-21 23:30:00,-1.2837178159282177,-0.8807732109220944,-0.8732691665594505,0.48792899125830425,-1.3066504335186724
2024-10-21 23:45:00,-1.2837178159282177,-1.054128881344485,-0.8732691665594505,1.6727397123504912,-1.1101924200217381
2024-10-22 00:00:00,-1.2166720805793618,-1.054128881344485,-0.9532903827949687,0.48792899125830425,-1.3066504335186724
2024-10-22 00:15:00,-1.2837178159282177,-0.9674510461332897,-0.9532903827949687,0.7613468499718858,-1.2887906141098602
2024-10-22 00:30:00,-1.3284149728274548,-0.9674510461332897,-0.9532903827949687,1.308182567399049,-1.2173513364746114
2024-10-22 00:45:00,-1.3507635512770733,-1.054128881344485,-0.8732691665594505,1.9461575710640728,-1.1101924200217381
2024-10-22 01:00:00,-1.2837178159282177,-0.8807732109220944,-0.9532903827949687,1.4904611398747702,-1.1280522394305503
2024-10-22 01:15:00,-1.149626345230506,-1.054128881344485,-1.0333115990304869,1.3993218536369096,-1.092332600612926
2024-10-22 01:30:00,-1.149626345230506,-0.9674510461332897,-0.9532903827949687,0.21451113254472265,-1.2887906141098602
2024-10-22 01:45:00,-1.3284149728274548,-0.8807732109220944,-0.8732691665594505,1.7638789985883518,-1.092332600612926
2024-10-22 02:00:00,-1.2837178159282177,-0.8807732109220944,-0.8732691665594505,1.5816004261126306,-1.092332600612926
2024-10-22 02:15:00,-1.3284149728274548,-0.9674510461332897,-0.9532903827949687,0.21451113254472265,-1.4316691693803578
2024-10-22 02:30:00,-1.3284149728274548,-1.054128881344485,-0.8732691665594505,1.9461575710640728,-1.092332600612926
2024-10-22 02:45:00,-1.1272777667808875,-0.9674510461332897,-0.9532903827949687,1.6727397123504912,-0.9851736841600526
2024-10-22 03:00:00,-1.1272777667808875,-1.054128881344485,-0.9532903827949687,1.5816004261126306,-1.020893322977677
2024-10-22 03:15:00,-1.2390206590289803,-0.8807732109220944,-0.8732691665594505,1.125903994923328,-1.1459120588393625
2024-10-22 03:30:00,-1.2837178159282177,-0.9674510461332897,-0.8732691665594505,1.7638789985883518,-1.0744727812041137
2024-10-22 03:45:00,-1.2390206590289803,-1.054128881344485,-0.9532903827949687,1.4904611398747702,-1.1280522394305503
2024-10-22 04:00:00,-0.166288893447288,-0.8807732109220944,-0.9532903827949687,0.03223256006900157,-0.5208183795309351
2024-10-22 04:15:00,0.1018940479481351,-0.7074175404997036,-1.0333115990304869,-0.42346387112030115,-0.3779398242604375
2024-10-22 04:30:00,0.1465912048473723,-0.3607061996549223,-0.7132267340884141,-0.058906726168858975,-0.12790235253706653
2024-10-22 04:45:00,0.5041684600412697,-0.3607061996549223,-0.9532903827949687,0.8524861362097464,0.2828734938656143
2024-10-22 05:00:00,-0.18863747189690658,-0.18735052923253165,-0.7132267340884141,0.6702075637340253,-0.21720144958112758
2024-10-22 05:15:00,-0.09924315809843222,-0.44738403486611766,-0.5531843016173776,0.48792899125830425,-0.19934163017231535
2024-10-22 05:30:00,-0.00984884429995786,-0.534061870077313,-0.7132267340884141,0.7613468499718858,-0.12790235253706653
2024-10-22 05:45:00,1.465157333374869,1.546206174991375,0.487091509444359,-1.243717447261046,1.3544626583943469
2024-10-22 06:00:00,1.1522772350802089,0.766105658090617,0.6471339419153954,-0.6968817298338827,1.0865653672621638
2024-10-22 06:15:00,1.7780374316695295,1.1994948341465936,0.08698542826676801,-0.8791603023096038,1.5152010330736567
2024-10-22 06:30:00,0.437122724692414,0.3327164820346404,0.24702786073780442,-1.1525781610231856,0.2471538550479899
2024-10-22 06:45:00,0.5935627738397441,0.5927499876682264,0.8871975906219501,-1.243717447261046,0.5507707849977974
2024-10-22 07:00:00,1.4428087549252506,0.5927499876682264,0.006964212031249799,-0.8791603023096038,1.104425186670976
2024-10-22 07:15:00,0.4147741462427954,-0.013994858810140965,0.487091509444359,-0.3323245848824406,0.37217259090967536
2024-10-22 07:30:00,1.1075800781809717,0.4193943172458357,0.487091509444359,-0.5146031573581616,0.9794064508092905
2024-10-22 07:45:00,1.196974391979446,0.4193943172458357,0.16700664450228622,-0.6057424435960223,0.9615466314004782
2024-10-22 08:00:00,0.7500028229870742,0.6794278228794217,0.08698542826676801,-0.42346387112030115,0.675789520859483
2024-10-22 08:15:00,0.81704855833593,1.546206174991375,0.8871975906219501,-1.1525781610231856,0.943686811991666
2024-10-22 08:30:00,0.45947130314203255,1.4595283397801795,-0.23309943667530483,-1.243717447261046,0.37217259090967536
2024-10-22 08:45:00,1.3981115980260135,1.1128169989353984,0.006964212031249799,-0.7880210160717432,1.193724283715037
2024-10-22 09:00:00,-0.5685633055404227,-0.013994858810140965,0.5671127256798772,-0.6057424435960223,-0.4493791018956863
2024-10-22 09:15:00,-0.21098605034652518,-0.44738403486611766,0.16700664450228622,-0.6057424435960223,-0.342220185442813
2024-10-22 09:30:00,-0.4344718348427111,-0.27402836444372697,-0.23309943667530483,-0.3323245848824406,-0.5208183795309351
2024-10-22 09:45:00,-0.3674260994938553,-0.534061870077313,-0.1530782204397866,-0.42346387112030115,-0.5208183795309351
2024-10-22 10:00:00,-0.07689457964881363,-0.534061870077313,0.487091509444359,-0.3323245848824406,-0.12790235253706653
2024-10-22 10:15:00,-0.5238661486411854,-0.534061870077313,0.24702786073780442,-1.061438874785325,-0.681556754210245
2024-10-22 10:30:00,-0.4568204132923297,-0.1006726940213363,-0.6332055178528959,0.12337184630686211,-0.5029585601221229
2024-10-22 10:45:00,-0.9931862960831759,-1.054128881344485,-0.6332055178528959,0.7613468499718858,-1.003033503568865
2024-10-22 11:00:00,-0.6132604624396598,-0.44738403486611766,-0.7132267340884141,0.6702075637340253,-0.6101174765749962
2024-10-22 11:15:00,-0.9037919822847015,-0.18735052923253165,-0.0730570042042684,0.7613468499718858,-0.6279772959838084
2024-10-22 11:30:00,-0.657957619338897,-1.054128881344485,-0.39314186914634125,0.8524861362097464,-0.6636969348014328
2024-10-22 11:45:00,-0.5462147270908041,-0.44738403486611766,-0.47316308538185947,1.0347647086854674,-0.4315192824868741
2024-10-22 12:00:00,-0.03219742274957645,-1.054128881344485,-0.9532903827949687,0.6702075637340253,-0.3243603660340008
2024-10-22 12:15:00,-0.07689457964881363,-0.7940953757108989,-0.5531843016173776,0.9436254224476069,-0.16362199135469094
2024-10-22 12:30:00,0.012499734149660732,-0.18735052923253165,0.006964212031249799,1.4904611398747702,0.2650136744568021
2024-10-22 12:45:00,-0.7026547762381342,-0.6207397052885083,-0.47316308538185947,0.6702075637340253,-0.6636969348014328
2024-10-22 13:00:00,0.4147741462427954,-0.7940953757108989,-1.0333115990304869,-0.6057424435960223,-0.18148181076350314
2024-10-22 13:15:00,-1.0602320314320317,-0.8807732109220944,1.3673248880350592,-0.7880210160717432,-0.8780147677071793
2024-10-22 13:30:00,-0.5685633055404227,-0.27402836444372697,0.32704907697332264,0.5790682774961649,-0.3243603660340008
2024-10-22 13:45:00,0.05719689104889791,0.5060721524570311,0.006964212031249799,0.48792899125830425,0.2471538550479899
2024-10-22 14:00:00,-0.21098605034652518,0.5060721524570311,0.7271551581509137,0.21451113254472265,0.13999493859511664
2024-10-22 14:15:00,-0.8367462469358458,-0.7074175404997036,1.287303671799541,-0.15004601240671953,-0.5565380183485595
2024-10-22 14:30:00,-1.0602320314320317,-1.054128881344485,1.1272612393285046,-0.6057424435960223,-0.931594225933616
2024-10-22 14:45:00,0.25833409709546523,0.3327164820346404,1.6073885367416139,-0.24118529864458005,0.5864904238154218
2024-10-22 15:00:00,0.03484831259927933,-0.3607061996549223,1.5273673205060956,-0.6968817298338827,0.15785475800392884
2024-10-22 15:15:00,-0.7250033546877528,-0.27402836444372697,1.6073885367416139,0.48792899125830425,-0.18148181076350314
2024-10-22 15:30:00,0.25833409709546523,-0.534061870077313,-0.313120652910823,-0.058906726168858975,0.014976202733431157
2024-10-22 15:45:00,0.8617457152351672,-0.6207397052885083,0.08698542826676801,-0.3323245848824406,0.515051146180173
2024-10-22 16:00:00,1.4428087549252506,0.4193943172458357,1.1272612393285046,-0.7880210160717432,1.3366028389855347
2024-10-22 16:15:00,1.8674317454680038,0.4193943172458357,-0.1530782204397866,0.03223256006900157,1.5509206718912811
2024-10-22 16:30:00,1.4875059118244878,0.6794278228794217,2.087515834154723,-0.3323245848824406,1.7295188659794032
2024-10-22 16:45:00,1.8227345885687667,1.026139163724203,1.687409752977132,-0.058906726168858975,2.0331357959292107
2024-10-22 17:00:00,1.0181857643824974,-0.1006726940213363,0.08698542826676801,-0.42346387112030115,0.7293689790859196
2024-10-22 17:15:00,1.576900225622962,0.5927499876682264,1.9274734016836867,-0.42346387112030115,1.7295188659794032
2024-10-22 17:30:00,1.2193229704290647,-0.6207397052885083,1.687409752977132,-0.058906726168858975,1.2115841031238492
2024-10-22 17:45:00,1.3534144411267761,0.3327164820346404,0.16700664450228622,0.12337184630686211,1.2115841031238492
2024-10-22 18:00:00,1.3310658626771577,-0.6207397052885083,1.687409752977132,-0.058906726168858975,1.3008832001679103
2024-10-22 18:15:00,1.3981115980260135,-0.534061870077313,0.006964212031249799,0.03223256006900157,1.015126089626915
2024-10-22 18:30:00,0.7500028229870742,0.15936081161224971,-0.6332055178528959,1.0347647086854674,0.6936493402682952
2024-10-22 18:45:00,0.928791450584023,0.6794278228794217,-0.5531843016173776,0.12337184630686211,0.7829484373123562
2024-10-22 19:00:00,0.8617457152351672,-0.7940953757108989,-0.0730570042042684,0.12337184630686211,0.5329109655889852
2024-10-22 19:15:00,-0.09924315809843222,-0.3607061996549223,0.32704907697332264,-0.7880210160717432,-0.2350612689899398
2024-10-22 19:30:00,0.2806826755450838,-0.18735052923253165,0.006964212031249799,0.39678970502044375,0.2650136744568021
2024-10-22 19:45:00,-0.32272894259461815,-0.7074175404997036,-0.39314186914634125,-0.6968817298338827,-0.6279772959838084
2024-10-22 20:00:00,0.4147741462427954,-0.7940953757108989,0.5671127256798772,-0.24118529864458005,0.2471538550479899
2024-10-22 20:15:00,0.7500028229870742,-0.9674510461332897,0.32704907697332264,-0.6057424435960223,0.35431277150086316
2024-10-22 20:30:00,0.5041684600412697,0.6794278228794217,0.16700664450228622,1.4904611398747702,0.8722475343564172
2024-10-22 20:45:00,0.7053056660878371,-0.7074175404997036,0.006964212031249799,-0.7880210160717432,0.2650136744568021
2024-10-22 21:00:00,0.6382599307389812,-0.7940953757108989,-0.6332055178528959,1.308182567399049,0.4614716879537364
2024-10-22 21:15:00,0.05719689104889791,-0.9674510461332897,0.006964212031249799,1.2170432811611887,0.08641548036867999
2024-10-22 21:30:00,0.16893978329699086,-0.27402836444372697,0.487091509444359,0.7613468499718858,0.33645295209205095
2024-10-22 21:45:00,-1.2390206590289803,-0.8807732109220944,-0.9532903827949687,0.8524861362097464,-1.2173513364746114
2024-10-22 22:00:00,-1.3060663943778361,-0.9674510461332897,-0.9532903827949687,1.8550182848262124,-1.092332600612926
2024-10-22 22:15:00,-1.3284149728274548,-0.9674510461332897,-0.8732691665594505,1.5816004261126306,-1.1459120588393625
2024-10-22 22:30:00,-1.1272777667808875,-0.9674510461332897,-0.9532903827949687,0.6702075637340253,-1.181631697656987
2024-10-22 22:45:00,-1.2837178159282177,-1.054128881344485,-0.8732691665594505,1.8550182848262124,-1.0744727812041137
2024-10-22 23:00:00,-1.2837178159282177,-0.9674510461332897,-0.9532903827949687,0.3056504187825832,-1.3780897111539212
2024-10-22 23:15:00,-1.3507635512770733,-1.054128881344485,-1.0333115990304869,0.8524861362097464,-1.360229891745109
2024-10-22 23:30:00,-1.3507635512770733,-0.8807732109220944,-1.0333115990304869,0.9436254224476069,-1.3066504335186724
2024-10-22 23:45:00,-1.2166720805793618,-0.8807732109220944,-0.9532903827949687,1.4904611398747702,-1.0744727812041137
2024-10-23 00:00:00,-1.1272777667808875,-0.9674510461332897,-1.0333115990304869,1.6727397123504912,-1.003033503568865
2024-10-23 00:15:00,-1.2166720805793618,-1.054128881344485,-1.0333115990304869,0.39678970502044375,-1.3423700723362968
2024-10-23 00:30:00,-1.3060663943778361,-0.9674510461332897,-0.8732691665594505,0.3056504187825832,-1.3780897111539212
2024-10-23 00:45:00,-1.149626345230506,-0.9674510461332897,-1.0333115990304869,1.5816004261126306,-1.0387531423864893
2024-10-23 01:00:00,-1.1943235021297431,-0.8807732109220944,-0.8732691665594505,1.5816004261126306,-1.020893322977677
2024-10-23 01:15:00,-1.3284149728274548,-0.9674510461332897,-0.9532903827949687,1.7638789985883518,-1.1280522394305503
2024-10-23 01:30:00,-1.2837178159282177,-0.8807732109220944,-0.9532903827949687,1.3993218536369096,-1.1459120588393625
2024-10-23 01:45:00,-1.149626345230506,-1.054128881344485,-0.8732691665594505,1.2170432811611887,-1.092332600612926
2024-10-23 02:00:00,-1.3284149728274548,-0.9674510461332897,-0.9532903827949687,0.21451113254472265,-1.4316691693803578
2024-10-23 02:15:00,-1.1719749236801247,-0.9674510461332897,-0.8732691665594505,1.5816004261126306,-1.020893322977677
2024-10-23 02:30:00,-1.261369237478599,-0.8807732109220944,-1.0333115990304869,1.8550182848262124,-1.0566129617953015
2024-10-23 02:45:00,-1.3284149728274548,-0.9674510461332897,-0.9532903827949687,1.6727397123504912,-1.1459120588393625
2024-10-23 03:00:00,-1.2837178159282177,-0.8807732109220944,-0.9532903827949687,0.7613468499718858,-1.270930794701048
2024-10-23 03:15:00,-1.3060663943778361,-0.9674510461332897,-0.8732691665594505,0.39678970502044375,-1.360229891745109
2024-10-23 03:30:00,-1.3507635512770733,-0.9674510461332897,-0.9532903827949687,0.21451113254472265,-1.44952898878917
2024-10-23 03:45:00,-1.3507635512770733,-0.8807732109220944,-0.9532903827949687,1.4904611398747702,-1.181631697656987
2024-10-23 04:00:00,-0.05454600119919504,-0.18735052923253165,-0.6332055178528959,-0.5146031573581616,-0.3243603660340008
2024-10-23 04:15:00,0.1465912048473723,-0.7940953757108989,-0.8732691665594505,-0.5146031573581616,-0.342220185442813
2024-10-23 04:30:00,-0.21098605034652518,-0.6207397052885083,-0.47316308538185947,0.48792899125830425,-0.3065005466251886
2024-10-23 04:45:00,0.3924255677931768,-1.054128881344485,-0.5531843016173776,-0.42346387112030115,-0.11004253312825431
2024-10-23 05:00:00,0.5041684600412697,-1.054128881344485,-0.8732691665594505,-0.3323245848824406,-0.0743228943106299
2024-10-23 05:15:00,-0.23333462879614378,-0.27402836444372697,-0.8732691665594505,-0.42346387112030115,-0.5208183795309351
2024-10-23 05:30:00,0.45947130314203255,-0.9674510461332897,-0.7132267340884141,-0.6968817298338827,-0.12790235253706653
2024-10-23 05:45:00,0.3477284108939396,1.1128169989353984,-0.0730570042042684,-1.243717447261046,0.2471538550479899
2024-10-23 06:00:00,0.8617457152351672,0.5060721524570311,0.08698542826676801,-0.8791603023096038,0.6400698820418586
2024-10-23 06:15:00,0.7946999798863115,1.546206174991375,0.7271551581509137,-0.3323245848824406,1.0508457284445394
2024-10-23 06:30:00,1.2863687057779205,1.546206174991375,0.5671127256798772,-0.9702995885474643,1.283023380759098
2024-10-23 06:45:00,0.6382599307389812,1.546206174991375,0.8871975906219501,-0.9702995885474643,0.8365278955387928
2024-10-23 07:00:00,1.7109916963206737,-0.18735052923253165,0.24702786073780442,-0.9702995885474643,1.193724283715037
2024-10-23 07:15:00,0.9511400290336416,-0.1006726940213363,0.7271551581509137,-0.9702995885474643,0.7115091596771074
2024-10-23 07:30:00,0.7723514014366928,1.1128169989353984,0.487091509444359,-1.243717447261046,0.7115091596771074
2024-10-23 07:45:00,0.4147741462427954,1.1128169989353984,0.8871975906219501,-1.243717447261046,0.515051146180173
2024-10-23 08:00:00,1.3310658626771577,0.5927499876682264,0.8071763743864319,-1.061438874785325,1.1580046448974126
2024-10-23 08:15:00,1.0181857643824974,1.286172669357789,0.9672188068574683,-1.243717447261046,1.0508457284445394
2024-10-23 08:30:00,0.9958371859328787,0.766105658090617,0.8071763743864319,-1.243717447261046,0.8901073537652294
2024-10-23 08:45:00,0.6382599307389812,1.1994948341465936,0.5671127256798772,-0.3323245848824406,0.8186680761299806
2024-10-23 09:00:00,-0.23333462879614378,-0.18735052923253165,-0.6332055178528959,-0.9702995885474643,-0.5565380183485595
2024-10-23 09:15:00,0.2806826755450838,-0.1006726940213363,-0.47316308538185947,-0.24118529864458005,0.050695841551055575
2024-10-23 09:30:00,-0.3450775210442367,-0.1006726940213363,0.006964212031249799,-0.3323245848824406,-0.3600800048516252
2024-10-23 09:45:00,-0.05454600119919504,0.15936081161224971,1.1272612393285046,-0.42346387112030115,0.15785475800392884
2024-10-23 10:00:00,0.23598551864584666,-0.1006726940213363,-0.313120652910823,-0.15004601240671953,0.06855566095986779
2024-10-23 10:15:00,-0.21098605034652518,-0.534061870077313,1.0472400230929866,-1.243717447261046,-0.2886407272163764
2024-10-23 10:30:00,-0.7473519331373714,0.07268297640105437,-0.39314186914634125,-0.6968817298338827,-0.8065754900719305
2024-10-23 10:45:00,-0.4121232563930925,-0.44738403486611766,-0.39314186914634125,0.9436254224476069,-0.3243603660340008
2024-10-23 11:00:00,-0.7920490900366085,-0.27402836444372697,-1.0333115990304869,1.125903994923328,-0.6994165736190572
2024-10-23 11:15:00,-0.4344718348427111,-0.8807732109220944,-0.7132267340884141,1.125903994923328,-0.4672389213044985
2024-10-23 11:30:00,-0.3003803641449995,-0.8807732109220944,-0.6332055178528959,0.9436254224476069,-0.3779398242604375
2024-10-23 11:45:00,-1.0155348745327946,-0.7940953757108989,-0.0730570042042684,0.9436254224476069,-0.8065754900719305
2024-10-23 12:00:00,-0.4121232563930925,-0.8807732109220944,-0.23309943667530483,0.8524861362097464,-0.3957996436692497
2024-10-23 12:15:00,-0.8367462469358458,-0.18735052923253165,-0.1530782204397866,1.3993218536369096,-0.4672389213044985
2024-10-23 12:30:00,-0.2556832072457624,-0.8807732109220944,-0.1530782204397866,0.6702075637340253,-0.2886407272163764
2024-10-23 12:45:00,-1.0155348745327946,-0.534061870077313,-0.9532903827949687,1.3993218536369096,-0.8601549482983671
2024-10-23 13:00:00,-0.27803178569538095,0.07268297640105437,-0.47316308538185947,-0.3323245848824406,-0.3779398242604375
2024-10-23 13:15:00,-0.7920490900366085,-0.6207397052885083,1.4473461042705773,-0.058906726168858975,-0.4493791018956863
2024-10-23 13:30:00,0.1465912048473723,0.24603864682344503,-0.5531843016173776,-0.7880210160717432,-0.11004253312825431
2024-10-23 13:45:00,0.0795454694985165,-0.6207397052885083,1.7674309692126502,0.39678970502044375,0.40789222972729977
2024-10-23 14:00:00,-0.6132604624396598,0.24603864682344503,-0.39314186914634125,-0.3323245848824406,-0.592257657166184
2024-10-23 14:15:00,-0.5462147270908041,-0.3607061996549223,-0.6332055178528959,-0.42346387112030115,-0.7351362124366817
2024-10-23 14:30:00,-1.2837178159282177,-0.3607061996549223,1.287303671799541,1.0347647086854674,-0.6101174765749962
2024-10-23 14:45:00,-1.261369237478599,0.6794278228794217,-0.7932479503239322,0.7613468499718858,-0.8958745871159915
2024-10-23 15:00:00,-0.166288893447288,-0.27402836444372697,0.8871975906219501,-0.058906726168858975,-0.0028836166753810535
2024-10-23 15:15:00,0.7500028229870742,-0.18735052923253165,-0.23309943667530483,-0.7880210160717432,0.35431277150086316
2024-10-23 15:30:00,-0.5685633055404227,0.5060721524570311,-0.313120652910823,0.12337184630686211,-0.3957996436692497
2024-10-23 15:45:00,1.1746258135298275,-0.27402836444372697,1.287303671799541,-0.058906726168858975,1.1580046448974126
2024-10-23 16:00:00,0.8617457152351672,1.286172669357789,0.16700664450228622,-0.7880210160717432,0.8365278955387928
2024-10-23 16:15:00,1.465157333374869,1.4595283397801795,0.16700664450228622,-0.058906726168858975,1.4973412136648445
2024-10-23 16:30:00,1.3981115980260135,0.15936081161224971,0.7271551581509137,0.12337184630686211,1.3366028389855347
2024-10-23 16:45:00,0.9958371859328787,0.5060721524570311,0.487091509444359,-0.42346387112030115,0.9258269925828538
2024-10-23 17:00:00,1.1299286566305904,1.1994948341465936,0.7271551581509137,-0.058906726168858975,1.3008832001679103
2024-10-23 17:15:00,1.6662945394214366,1.1994948341465936,1.4473461042705773,-0.24118529864458005,1.8545376018410888
2024-10-23 17:30:00,1.688643117871055,1.286172669357789,0.8071763743864319,-0.24118529864458005,1.7473786853882156
2024-10-23 17:45:00,1.8227345885687667,0.4193943172458357,0.5671127256798772,0.03223256006900157,1.6759394077529666
2024-10-23 18:00:00,1.5992488040725807,0.9394613285130077,0.9672188068574683,-0.7880210160717432,1.533060852482469
2024-10-23 18:15:00,1.1075800781809717,0.5060721524570311,0.8871975906219501,0.12337184630686211,1.2115841031238492
2024-10-23 18:30:00,0.3924255677931768,-0.7940953757108989,-0.0730570042042684,0.7613468499718858,0.2828734938656143
2024-10-23 18:45:00,-0.23333462879614378,-0.27402836444372697,-0.6332055178528959,-0.7880210160717432,-0.5386781989397473
2024-10-23 19:00:00,0.7500028229870742,0.3327164820346404,0.08698542826676801,1.4904611398747702,0.9794064508092905
2024-10-23 19:15:00,-0.18863747189690658,0.3327164820346404,-0.39314186914634125,0.6702075637340253,-0.03860325549300547
2024-10-23 19:30:00,-0.00984884429995786,-0.1006726940213363,0.32704907697332264,0.8524861362097464,0.21143421623036546
2024-10-23 19:45:00,-0.3003803641449995,-0.9674510461332897,0.08698542826676801,1.4904611398747702,-0.12790235253706653
2024-10-23 20:00:00,-0.12159173654805082,-0.3607061996549223,-0.313120652910823,0.7613468499718858,-0.0921827137194421
2024-10-23 20:15:00,0.9734886074832602,0.4193943172458357,-0.313120652910823,-0.15004601240671953,0.765088617903544
2024-10-23 20:30:00,0.12424262639775369,-0.534061870077313,0.5671127256798772,1.308182567399049,0.37217259090967536
2024-10-23 20:45:00,0.8840942936847858,-0.013994858810140965,0.32704907697332264,1.125903994923328,0.9972662702181027
2024-10-23 21:00:00,0.1465912048473723,0.5060721524570311,0.40707029320884086,0.5790682774961649,0.425752049136112
2024-10-23 21:15:00,0.928791450584023,-0.3607061996549223,-0.5531843016173776,0.5790682774961649,0.6579297014506708
2024-10-23 21:30:00,0.45947130314203255,0.07268297640105437,0.08698542826676801,0.12337184630686211,0.425752049136112
2024-10-23 21:45:00,-1.3507635512770733,-0.8807732109220944,-0.9532903827949687,1.4904611398747702,-1.181631697656987
2024-10-23 22:00:00,-1.1719749236801247,-0.8807732109220944,-0.9532903827949687,1.9461575710640728,-0.9494540453424282
2024-10-23 22:15:00,-1.1719749236801247,-1.054128881344485,-0.8732691665594505,1.308182567399049,-1.092332600612926
2024-10-23 22:30:00,-1.149626345230506,-0.8807732109220944,-0.8732691665594505,0.7613468499718858,-1.1459120588393625
2024-10-23 22:45:00,-1.3060663943778361,-0.8807732109220944,-0.9532903827949687,0.7613468499718858,-1.2887906141098602
2024-10-23 23:00:00,-1.149626345230506,-0.8807732109220944,-0.8732691665594505,0.8524861362097464,-1.1280522394305503
2024-10-23 23:15:00,-1.3060663943778361,-0.9674510461332897,-1.0333115990304869,0.9436254224476069,-1.2887906141098602
2024-10-23 23:30:00,-1.261369237478599,-0.9674510461332897,-1.0333115990304869,1.5816004261126306,-1.1280522394305503
2024-10-23 23:45:00,-1.3060663943778361,-0.9674510461332897,-1.0333115990304869,0.7613468499718858,-1.3245102529274846
2024-10-24 00:00:00,-1.261369237478599,-0.8807732109220944,-0.9532903827949687,0.6702075637340253,-1.270930794701048
2024-10-24 00:15:00,-1.149626345230506,-0.9674510461332897,-0.8732691665594505,1.3993218536369096,-1.0387531423864893
2024-10-24 00:30:00,-1.1719749236801247,-0.8807732109220944,-0.8732691665594505,0.21451113254472265,-1.270930794701048
2024-10-24 00:45:00,-1.3284149728274548,-1.054128881344485,-1.0333115990304869,0.21451113254472265,-1.4673888081979822
2024-10-24 01:00:00,-1.3507635512770733,-0.9674510461332897,-0.9532903827949687,0.8524861362097464,-1.3245102529274846
2024-10-24 01:15:00,-1.149626345230506,-1.054128881344485,-1.0333115990304869,1.125903994923328,-1.1459120588393625
2024-10-24 01:30:00,-1.2837178159282177,-1.054128881344485,-0.9532903827949687,1.8550182848262124,-1.092332600612926
2024-10-24 01:45:00,-1.3284149728274548,-0.8807732109220944,-0.8732691665594505,0.48792899125830425,-1.3423700723362968
2024-10-24 02:00:00,-1.261369237478599,-0.9674510461332897,-1.0333115990304869,1.308182567399049,-1.181631697656987
2024-10-24 02:15:00,-1.2166720805793618,-0.9674510461332897,-0.8732691665594505,1.9461575710640728,-0.9851736841600526
2024-10-24 02:30:00,-1.1272777667808875,-1.054128881344485,-0.8732691665594505,0.3056504187825832,-1.2530709752922358
2024-10-24 02:45:00,-1.3507635512770733,-0.8807732109220944,-1.0333115990304869,1.8550182848262124,-1.1280522394305503
2024-10-24 03:00:00,-1.2837178159282177,-0.9674510461332897,-1.0333115990304869,1.8550182848262124,-1.092332600612926
2024-10-24 03:15:00,-1.261369237478599,-0.8807732109220944,-0.8732691665594505,1.125903994923328,-1.1637718782481747
2024-10-24 03:30:00,-1.3284149728274548,-0.8807732109220944,-0.9532903827949687,1.125903994923328,-1.2352111558834236
2024-10-24 03:45:00,-1.3284149728274548,-0.8807732109220944,-1.0333115990304869,1.8550182848262124,-1.1101924200217381
2024-10-24 04:00:00,0.2806826755450838,-1.054128881344485,-0.8732691665594505,-0.15004601240671953,-0.21720144958112758
2024-10-24 04:15:00,0.25833409709546523,-0.44738403486611766,-0.5531843016173776,0.8524861362097464,0.15785475800392884
2024-10-24 04:30:00,0.1465912048473723,-0.7940953757108989,-0.8732691665594505,0.9436254224476069,-0.056463074901817685
2024-10-24 04:45:00,0.4818198815916512,-0.8807732109220944,-0.7932479503239322,0.21451113254472265,0.06855566095986779
2024-10-24 05:00:00,-0.3450775210442367,-0.6207397052885083,-0.8732691665594505,-0.15004601240671953,-0.6279772959838084
2024-10-24 05:15:00,0.30303125399470243,-0.27402836444372697,-0.6332055178528959,-0.42346387112030115,-0.03860325549300547
2024-10-24 05:30:00,-0.166288893447288,-0.9674510461332897,-0.6332055178528959,0.12337184630686211,-0.4493791018956863
2024-10-24 05:45:00,0.6382599307389812,-0.013994858810140965,0.24702786073780442,-0.9702995885474643,0.37217259090967536
2024-10-24 06:00:00,1.085231499731353,0.9394613285130077,0.8071763743864319,-0.8791603023096038,1.0687055478533516
2024-10-24 06:15:00,0.6382599307389812,1.026139163724203,0.8071763743864319,-1.1525781610231856,0.675789520859483
2024-10-24 06:30:00,1.5992488040725807,0.15936081161224971,0.006964212031249799,-0.5146031573581616,1.2115841031238492
2024-10-24 06:45:00,0.325379832444321,0.4193943172458357,0.8871975906219501,-0.7880210160717432,0.39003241031848757
2024-10-24 07:00:00,0.548865616940507,0.15936081161224971,-0.23309943667530483,-0.8791603023096038,0.2471538550479899
2024-10-24 07:15:00,0.8840942936847858,-0.18735052923253165,0.08698542826676801,-0.3323245848824406,0.6222100626330462
2024-10-24 07:30:00,0.8617457152351672,0.4193943172458357,0.8071763743864319,-1.243717447261046,0.7115091596771074
2024-10-24 07:45:00,1.5545516471733436,1.546206174991375,0.32704907697332264,-0.7880210160717432,1.4794813942560323
2024-10-24 08:00:00,1.1746258135298275,1.1128169989353984,0.40707029320884086,-0.8791603023096038,1.0865653672621638
2024-10-24 08:15:00,0.6829570876382185,0.07268297640105437,0.6471339419153954,-1.1525781610231856,0.4793315073625486
2024-10-24 08:30:00,1.7109916963206737,0.07268297640105437,-0.1530782204397866,-0.7880210160717432,1.193724283715037
2024-10-24 08:45:00,1.3981115980260135,1.546206174991375,0.16700664450228622,-0.42346387112030115,1.3901822972119713
2024-10-24 09:00:00,0.325379832444321,-0.1006726940213363,0.7271551581509137,-0.8791603023096038,0.22929403563917766
2024-10-24 09:15:00,0.30303125399470243,0.07268297640105437,0.6471339419153954,-0.3323245848824406,0.33645295209205095
2024-10-24 09:30:00,-0.7026547762381342,-0.6207397052885083,1.287303671799541,-0.9702995885474643,-0.592257657166184
2024-10-24 09:45:00,-0.166288893447288,0.15936081161224971,-0.6332055178528959,-1.243717447261046,-0.4850987407133107
2024-10-24 10:00:00,-0.5238661486411854,-0.534061870077313,0.8071763743864319,-0.15004601240671953,-0.3779398242604375
2024-10-24 10:15:00,-0.05454600119919504,-0.27402836444372697,0.487091509444359,-0.058906726168858975,-0.0028836166753810535
2024-10-24 10:30:00,-0.07689457964881363,-0.27402836444372697,0.40707029320884086,-0.6057424435960223,-0.14576217194587873
2024-10-24 10:45:00,-0.47916899174194827,-0.44738403486611766,-0.1530782204397866,1.2170432811611887,-0.2707809078075642
2024-10-24 11:00:00,-0.3674260994938553,-0.7074175404997036,-0.6332055178528959,0.9436254224476069,-0.3957996436692497
2024-10-24 11:15:00,0.03484831259927933,-0.18735052923253165,-0.9532903827949687,1.308182567399049,0.03283602214224337
2024-10-24 11:30:00,0.05719689104889791,-0.6207397052885083,-1.0333115990304869,1.3993218536369096,-0.03860325549300547
2024-10-24 11:45:00,-0.9484891391839387,-0.6207397052885083,-0.23309943667530483,1.2170432811611887,-0.6994165736190572
2024-10-24 12:00:00,0.0795454694985165,-0.6207397052885083,-0.8732691665594505,1.308182567399049,-0.0028836166753810535
2024-10-24 12:15:00,-0.6356090408892784,-0.27402836444372697,-0.8732691665594505,1.3993218536369096,-0.4850987407133107
2024-10-24 12:30:00,-0.9261405607343202,-0.9674510461332897,-0.5531843016173776,1.0347647086854674,-0.8601549482983671
2024-10-24 12:45:00,-0.12159173654805082,-0.9674510461332897,-0.7132267340884141,0.9436254224476069,-0.2707809078075642
2024-10-24 13:00:00,-0.1439403149976694,-0.18735052923253165,1.287303671799541,-0.058906726168858975,0.12213511918630442
2024-10-24 13:15:00,0.0795454694985165,-0.7074175404997036,0.5671127256798772,-0.42346387112030115,-0.03860325549300547
2024-10-24 13:30:00,-1.3060663943778361,-0.1006726940213363,-0.9532903827949687,-0.6057424435960223,-1.3959495305627334
2024-10-24 13:45:00,-1.0155348745327946,0.07268297640105437,0.24702786073780442,-0.7880210160717432,-0.8958745871159915
2024-10-24 14:00:00,-0.09924315809843222,0.3327164820346404,-0.9532903827949687,-0.42346387112030115,-0.3065005466251886
2024-10-24 14:15:00,-0.5238661486411854,0.4193943172458357,-0.1530782204397866,1.0347647086854674,-0.16362199135469094
2024-10-24 14:30:00,-0.8367462469358458,-0.1006726940213363,1.5273673205060956,-0.42346387112030115,-0.4315192824868741
2024-10-24 14:45:00,-0.7920490900366085,0.15936081161224971,1.287303671799541,0.39678970502044375,-0.2350612689899398
2024-10-24 15:00:00,-0.657957619338897,-0.9674510461332897,0.8871975906219501,0.21451113254472265,-0.4850987407133107
2024-10-24 15:15:00,0.3700769893435582,-0.7074175404997036,-0.313120652910823,0.48792899125830425,0.17571457741274105
2024-10-24 15:30:00,0.1465912048473723,-0.8807732109220944,1.1272612393285046,-0.24118529864458005,0.13999493859511664
2024-10-24 15:45:00,1.196974391979446,1.3728505045689845,0.32704907697332264,-0.058906726168858975,1.3008832001679103
2024-10-24 16:00:00,1.308717284227539,1.1994948341465936,1.0472400230929866,-0.3323245848824406,1.46162157484722
2024-10-24 16:15:00,1.2863687057779205,1.286172669357789,0.8071763743864319,-0.5146031573581616,1.372322477803159
2024-10-24 16:30:00,1.420460176475632,0.6794278228794217,1.5273673205060956,0.12337184630686211,1.6402197689353422
2024-10-24 16:45:00,1.7333402747702922,-0.534061870077313,2.007494617919205,-0.5146031573581616,1.62235994952653
2024-10-24 17:00:00,0.9734886074832602,-0.27402836444372697,1.207282455564023,0.03223256006900157,0.9972662702181027
2024-10-24 17:15:00,1.196974391979446,1.4595283397801795,0.9672188068574683,-0.6968817298338827,1.3366028389855347
2024-10-24 17:30:00,1.2193229704290647,0.5927499876682264,0.24702786073780442,-0.24118529864458005,1.104425186670976
2024-10-24 17:45:00,1.5098544902741065,1.026139163724203,0.32704907697332264,-0.058906726168858975,1.4794813942560323
2024-10-24 18:00:00,1.4875059118244878,0.9394613285130077,1.287303671799541,-0.5146031573581616,1.5687804913000933
2024-10-24 18:15:00,0.81704855833593,-0.1006726940213363,0.16700664450228622,-0.058906726168858975,0.6579297014506708
2024-10-24 18:30:00,0.16893978329699086,-0.3607061996549223,-0.23309943667530483,0.21451113254472265,0.050695841551055575
2024-10-24 18:45:00,-0.18863747189690658,0.4193943172458357,0.006964212031249799,0.21451113254472265,-0.020743436084193264
2024-10-24 19:00:00,0.6382599307389812,0.4193943172458357,-0.47316308538185947,-0.15004601240671953,0.4614716879537364
2024-10-24 19:15:00,0.21363694019622806,0.5060721524570311,0.32704907697332264,0.9436254224476069,0.5329109655889852
2024-10-24 19:30:00,-0.166288893447288,0.24603864682344503,0.32704907697332264,-0.24118529864458005,-0.056463074901817685
2024-10-24 19:45:00,0.03484831259927933,0.5060721524570311,-0.1530782204397866,0.39678970502044375,0.17571457741274105
2024-10-24 20:00:00,-0.1439403149976694,0.15936081161224971,-0.313120652910823,-0.7880210160717432,-0.3065005466251886
2024-10-24 20:15:00,0.2806826755450838,-0.7074175404997036,-0.1530782204397866,-0.15004601240671953,0.014976202733431157
2024-10-24 20:30:00,0.9064428721344044,0.07268297640105437,0.40707029320884086,0.9436254224476069,1.015126089626915
2024-10-24 20:45:00,-0.21098605034652518,0.6794278228794217,-0.5531843016173776,1.2170432811611887,0.08641548036867999
2024-10-24 21:00:00,-0.1439403149976694,-1.054128881344485,-0.1530782204397866,1.4904611398747702,-0.0743228943106299
2024-10-24 21:15:00,0.21363694019622806,0.5927499876682264,0.006964212031249799,1.2170432811611887,0.5329109655889852
2024-10-24 21:30:00,0.437122724692414,-0.534061870077313,-0.6332055178528959,0.21451113254472265,0.13999493859511664
2024-10-24 21:45:00,-1.149626345230506,-0.8807732109220944,-0.8732691665594505,0.3056504187825832,-1.2352111558834236
2024-10-24 22:00:00,-1.2837178159282177,-0.8807732109220944,-1.0333115990304869,0.3056504187825832,-1.3780897111539212
2024-10-24 22:15:00,-1.1272777667808875,-0.8807732109220944,-1.0333115990304869,0.12337184630686211,-1.2887906141098602
2024-10-24 22:30:00,-1.2837178159282177,-0.9674510461332897,-0.9532903827949687,1.7638789985883518,-1.092332600612926
2024-10-24 22:45:00,-1.149626345230506,-0.8807732109220944,-1.0333115990304869,0.39678970502044375,-1.2530709752922358
2024-10-24 23:00:00,-1.1272777667808875,-0.9674510461332897,-0.8732691665594505,1.4904611398747702,-1.003033503568865
2024-10-24 23:15:00,-1.149626345230506,-0.8807732109220944,-0.9532903827949687,1.125903994923328,-1.092332600612926
2024-10-24 23:30:00,-1.261369237478599,-0.9674510461332897,-1.0333115990304869,1.2170432811611887,-1.1994915170657992
2024-10-24 23:45:00,-1.1943235021297431,-0.9674510461332897,-1.0333115990304869,0.48792899125830425,-1.2887906141098602
2024-10-25 00:00:00,-1.2166720805793618,-0.9674510461332897,-0.8732691665594505,0.9436254224476069,-1.181631697656987
2024-10-25 00:15:00,-1.3060663943778361,-1.054128881344485,-0.9532903827949687,0.7613468499718858,-1.3245102529274846
2024-10-25 00:30:00,-1.149626345230506,-1.054128881344485,-0.8732691665594505,1.4904611398747702,-1.0387531423864893
2024-10-25 00:45:00,-1.2390206590289803,-0.9674510461332897,-0.9532903827949687,1.7638789985883518,-1.0566129617953015
2024-10-25 01:00:00,-1.2390206590289803,-0.9674510461332897,-1.0333115990304869,0.7613468499718858,-1.270930794701048
2024-10-25 01:15:00,-1.1719749236801247,-1.054128881344485,-0.9532903827949687,1.3993218536369096,-1.092332600612926
2024-10-25 01:30:00,-1.1719749236801247,-0.9674510461332897,-0.9532903827949687,0.12337184630686211,-1.3245102529274846
2024-10-25 01:45:00,-1.1272777667808875,-0.9674510461332897,-1.0333115990304869,1.2170432811611887,-1.092332600612926
2024-10-25 02:00:00,-1.3060663943778361,-1.054128881344485,-1.0333115990304869,1.2170432811611887,-1.2530709752922358
2024-10-25 02:15:00,-1.1719749236801247,-1.054128881344485,-0.8732691665594505,1.6727397123504912,-1.020893322977677
2024-10-25 02:30:00,-1.2837178159282177,-1.054128881344485,-1.0333115990304869,1.8550182848262124,-1.1101924200217381
2024-10-25 02:45:00,-1.2166720805793618,-0.9674510461332897,-0.8732691665594505,1.6727397123504912,-1.0387531423864893
2024-10-25 03:00:00,-1.2166720805793618,-1.054128881344485,-1.0333115990304869,1.6727397123504912,-1.092332600612926
2024-10-25 03:15:00,-1.2390206590289803,-0.9674510461332897,-0.8732691665594505,0.6702075637340253,-1.2530709752922358
2024-10-25 03:30:00,-1.1272777667808875,-0.9674510461332897,-0.9532903827949687,1.5816004261126306,-1.003033503568865
2024-10-25 03:45:00,-1.261369237478599,-1.054128881344485,-0.8732691665594505,1.3993218536369096,-1.1459120588393625
2024-10-25 04:00:00,-0.12159173654805082,-0.7940953757108989,-0.5531843016173776,0.39678970502044375,-0.3065005466251886
2024-10-25 04:15:00,-0.32272894259461815,-0.44738403486611766,-0.7932479503239322,0.3056504187825832,-0.4672389213044985
2024-10-25 04:30:00,-0.12159173654805082,-0.44738403486611766,-0.8732691665594505,0.7613468499718858,-0.2350612689899398
2024-10-25 04:45:00,-0.00984884429995786,-1.054128881344485,-0.7932479503239322,0.5790682774961649,-0.2886407272163764
2024-10-25 05:00:00,0.012499734149660732,-0.7074175404997036,-0.9532903827949687,0.21451113254472265,-0.3065005466251886
2024-10-25 05:15:00,-0.05454600119919504,-0.7940953757108989,-0.6332055178528959,1.0347647086854674,-0.14576217194587873
2024-10-25 05:30:00,0.1465912048473723,-0.44738403486611766,-0.8732691665594505,0.12337184630686211,-0.14576217194587873
2024-10-25 05:45:00,1.308717284227539,0.3327164820346404,0.6471339419153954,-0.9702995885474643,1.0687055478533516
2024-10-25 06:00:00,0.9064428721344044,0.4193943172458357,0.7271551581509137,-0.42346387112030115,0.8901073537652294
2024-10-25 06:15:00,0.5712141953901255,1.026139163724203,-0.23309943667530483,-0.3323245848824406,0.5507707849977974
2024-10-25 06:30:00,1.2193229704290647,-0.18735052923253165,0.40707029320884086,-0.7880210160717432,0.8722475343564172
2024-10-25 06:45:00,1.8227345885687667,0.6794278228794217,0.9672188068574683,-0.9702995885474643,1.62235994952653
2024-10-25 07:00:00,1.3534144411267761,1.546206174991375,0.487091509444359,-0.9702995885474643,1.3187430195767225
2024-10-25 07:15:00,0.81704855833593,0.5927499876682264,0.7271551581509137,-0.8791603023096038,0.765088617903544
2024-10-25 07:30:00,0.4818198815916512,0.24603864682344503,0.9672188068574683,-0.42346387112030115,0.5686306044066096
2024-10-25 07:45:00,1.1746258135298275,1.026139163724203,0.32704907697332264,-0.3323245848824406,1.1580046448974126
2024-10-25 08:00:00,1.7556888532199109,0.5060721524570311,0.24702786073780442,-1.243717447261046,1.3187430195767225
2024-10-25 08:15:00,0.437122724692414,-0.013994858810140965,0.8071763743864319,-1.061438874785325,0.31859313268323874
2024-10-25 08:30:00,0.3477284108939396,0.9394613285130077,0.487091509444359,-0.6057424435960223,0.4614716879537364
2024-10-25 08:45:00,1.2416715488786834,0.3327164820346404,0.9672188068574683,-0.8791603023096038,1.104425186670976
2024-10-25 09:00:00,-0.657957619338897,0.15936081161224971,0.32704907697332264,-1.1525781610231856,-0.6458371153926206
2024-10-25 09:15:00,0.325379832444321,0.24603864682344503,0.8871975906219501,-0.6968817298338827,0.37217259090967536
2024-10-25 09:30:00,-0.27803178569538095,-0.013994858810140965,0.7271551581509137,-0.9702995885474643,-0.252921088398752
2024-10-25 09:45:00,0.19128836174660946,-0.44738403486611766,-0.39314186914634125,0.12337184630686211,-0.0028836166753810535
2024-10-25 10:00:00,-0.27803178569538095,-0.1006726940213363,0.32704907697332264,-0.5146031573581616,-0.2707809078075642
2024-10-25 10:15:00,-0.21098605034652518,-0.534061870077313,-0.23309943667530483,-0.8791603023096038,-0.5029585601221229
2024-10-25 10:30:00,0.012499734149660732,0.15936081161224971,0.40707029320884086,-0.5146031573581616,0.03283602214224337
2024-10-25 10:45:00,0.05719689104889791,-0.18735052923253165,-0.6332055178528959,1.125903994923328,0.08641548036867999
2024-10-25 11:00:00,-0.9261405607343202,-0.9674510461332897,-0.23309943667530483,0.9436254224476069,-0.8065754900719305
2024-10-25 11:15:00,-0.3003803641449995,-0.7074175404997036,-0.23309943667530483,1.125903994923328,-0.21720144958112758
2024-10-25 11:30:00,-0.6803061977885156,-0.6207397052885083,-0.0730570042042684,1.3993218536369096,-0.4136594630780619
2024-10-25 11:45:00,-0.4121232563930925,-0.9674510461332897,-0.6332055178528959,1.308182567399049,-0.4136594630780619
2024-10-25 12:00:00,-0.657957619338897,-0.534061870077313,-0.8732691665594505,1.4904611398747702,-0.5386781989397473
2024-10-25 12:15:00,-0.09924315809843222,-0.44738403486611766,-0.6332055178528959,0.6702075637340253,-0.18148181076350314
2024-10-25 12:30:00,-0.18863747189690658,-0.18735052923253165,-0.8732691665594505,1.4904611398747702,-0.0921827137194421
2024-10-25 12:45:00,-0.03219742274957645,-0.18735052923253165,-0.313120652910823,0.9436254224476069,0.050695841551055575
2024-10-25 13:00:00,-0.7697005115869899,0.3327164820346404,0.8071763743864319,-0.7880210160717432,-0.5208183795309351
2024-10-25 13:15:00,0.5712141953901255,-0.8807732109220944,-1.0333115990304869,-0.6968817298338827,-0.0921827137194421
2024-10-25 13:30:00,-1.1049291883312689,-0.013994858810140965,1.0472400230929866,0.48792899125830425,-0.5565380183485595
2024-10-25 13:45:00,-0.166288893447288,0.5060721524570311,0.006964212031249799,0.5790682774961649,0.08641548036867999
2024-10-25 14:00:00,0.45947130314203255,0.3327164820346404,-0.0730570042042684,-0.24118529864458005,0.37217259090967536
2024-10-25 14:15:00,0.3477284108939396,-0.3607061996549223,0.5671127256798772,-0.6057424435960223,0.21143421623036546
2024-10-25 14:30:00,-1.3284149728274548,-0.27402836444372697,0.08698542826676801,0.9436254224476069,-0.9137344065248038
2024-10-25 14:45:00,-0.8814434038350829,-1.054128881344485,-0.313120652910823,0.03223256006900157,-0.9851736841600526
2024-10-25 15:00:00,-0.9484891391839387,0.24603864682344503,-0.47316308538185947,-0.6057424435960223,-0.931594225933616
2024-10-25 15:15:00,0.30303125399470243,-0.6207397052885083,0.16700664450228622,-0.5146031573581616,0.050695841551055575
2024-10-25 15:30:00,-1.2166720805793618,-0.44738403486611766,-0.23309943667530483,0.9436254224476069,-0.931594225933616
2024-10-25 15:45:00,1.532203068723725,0.8527834933018124,1.287303671799541,-0.6968817298338827,1.5509206718912811
2024-10-25 16:00:00,1.3981115980260135,0.9394613285130077,0.8871975906219501,-0.24118529864458005,1.46162157484722
2024-10-25 16:15:00,0.9064428721344044,0.8527834933018124,0.487091509444359,-0.058906726168858975,0.9972662702181027
2024-10-25 16:30:00,1.308717284227539,-0.1006726940213363,1.3673248880350592,-0.058906726168858975,1.3187430195767225
2024-10-25 16:45:00,1.532203068723725,-0.18735052923253165,0.006964212031249799,0.03223256006900157,1.193724283715037
2024-10-25 17:00:00,1.3310658626771577,0.4193943172458357,-0.23309943667530483,-0.24118529864458005,1.0508457284445394
2024-10-25 17:15:00,1.8227345885687667,0.5060721524570311,0.006964212031249799,-0.6968817298338827,1.4259019360295957
2024-10-25 17:30:00,0.7723514014366928,-0.18735052923253165,0.5671127256798772,-0.24118529864458005,0.6579297014506708
2024-10-25 17:45:00,1.800386010119148,0.4193943172458357,0.9672188068574683,-0.6968817298338827,1.6045001301177177
2024-10-25 18:00:00,1.7109916963206737,0.24603864682344503,1.687409752977132,-0.7880210160717432,1.6402197689353422
2024-10-25 18:15:00,1.4428087549252506,1.026139163724203,0.8071763743864319,-0.7880210160717432,1.3901822972119713
2024-10-25 18:30:00,0.6382599307389812,0.24603864682344503,0.16700664450228622,1.2170432811611887,0.8365278955387928
2024-10-25 18:45:00,0.8617457152351672,-0.44738403486611766,-0.5531843016173776,0.03223256006900157,0.4793315073625486
2024-10-25 19:00:00,0.6159113522893627,-0.18735052923253165,0.487091509444359,0.6702075637340253,0.6936493402682952
2024-10-25 19:15:00,-0.32272894259461815,-0.3607061996549223,0.006964212031249799,-0.15004601240671953,-0.3600800048516252
2024-10-25 19:30:00,0.7053056660878371,-0.44738403486611766,-0.47316308538185947,0.6702075637340253,0.4971913267713608
2024-10-25 19:45:00,0.6159113522893627,0.3327164820346404,0.24702786073780442,0.8524861362097464,0.7829484373123562
2024-10-25 20:00:00,0.8840942936847858,0.4193943172458357,0.32704907697332264,-0.6057424435960223,0.7472287984947318
2024-10-25 20:15:00,0.012499734149660732,-0.013994858810140965,0.5671127256798772,1.125903994923328,0.35431277150086316
2024-10-25 20:30:00,-0.21098605034652518,0.3327164820346404,0.5671127256798772,0.8524861362097464,0.19357439682155325
2024-10-25 20:45:00,0.9734886074832602,0.6794278228794217,-0.39314186914634125,-0.5146031573581616,0.7293689790859196
2024-10-25 21:00:00,-0.03219742274957645,-0.3607061996549223,0.08698542826676801,0.12337184630686211,-0.056463074901817685
2024-10-25 21:15:00,0.3924255677931768,-0.534061870077313,-0.5531843016173776,1.4904611398747702,0.37217259090967536
2024-10-25 21:30:00,0.928791450584023,0.3327164820346404,0.08698542826676801,0.6702075637340253,0.9615466314004782
2024-10-25 21:45:00,-1.3507635512770733,-0.9674510461332897,-1.0333115990304869,0.8524861362097464,-1.3423700723362968
2024-10-25 22:00:00,-1.3507635512770733,-0.8807732109220944,-0.9532903827949687,0.12337184630686211,-1.44952898878917
2024-10-25 22:15:00,-1.1943235021297431,-0.9674510461332897,-0.8732691665594505,1.7638789985883518,-1.003033503568865
2024-10-25 22:30:00,-1.3284149728274548,-1.054128881344485,-0.9532903827949687,0.48792899125830425,-1.3959495305627334
2024-10-25 22:45:00,-1.3507635512770733,-0.9674510461332897,-0.8732691665594505,0.21451113254472265,-1.4316691693803578
2024-10-25 23:00:00,-1.1272777667808875,-0.8807732109220944,-0.9532903827949687,1.125903994923328,-1.0744727812041137
2024-10-25 23:15:00,-1.3507635512770733,-1.054128881344485,-1.0333115990304869,1.125903994923328,-1.3066504335186724
2024-10-25 23:30:00,-1.2837178159282177,-1.054128881344485,-0.9532903827949687,0.9436254224476069,-1.270930794701048
2024-10-25 23:45:00,-1.1943235021297431,-0.9674510461332897,-0.9532903827949687,1.5816004261126306,-1.0566129617953015
2024-10-26 00:00:00,-1.149626345230506,-0.9674510461332897,-0.8732691665594505,1.5816004261126306,-1.003033503568865
2024-10-26 00:15:00,-1.2166720805793618,-0.8807732109220944,-0.8732691665594505,0.6702075637340253,-1.2173513364746114
2024-10-26 00:30:00,-1.2837178159282177,-0.8807732109220944,-0.8732691665594505,0.9436254224476069,-1.2173513364746114
2024-10-26 00:45:00,-1.2390206590289803,-0.9674510461332897,-0.8732691665594505,1.5816004261126306,-1.0744727812041137
2024-10-26 01:00:00,-1.1943235021297431,-0.9674510461332897,-0.9532903827949687,1.0347647086854674,-1.1637718782481747
2024-10-26 01:15:00,-1.3284149728274548,-0.9674510461332897,-1.0333115990304869,0.5790682774961649,-1.3780897111539212
2024-10-26 01:30:00,-1.3060663943778361,-0.9674510461332897,-0.9532903827949687,0.21451113254472265,-1.4138093499715456
2024-10-26 01:45:00,-1.3507635512770733,-0.8807732109220944,-0.8732691665594505,0.12337184630686211,-1.4316691693803578
2024-10-26 02:00:00,-1.261369237478599,-0.8807732109220944,-1.0333115990304869,0.21451113254472265,-1.3780897111539212
2024-10-26 02:15:00,-1.3507635512770733,-0.9674510461332897,-0.8732691665594505,1.4904611398747702,-1.181631697656987
2024-10-26 02:30:00,-1.149626345230506,-1.054128881344485,-0.8732691665594505,0.8524861362097464,-1.1637718782481747
2024-10-26 02:45:00,-1.1943235021297431,-0.9674510461332897,-0.9532903827949687,1.8550182848262124,-1.003033503568865
2024-10-26 03:00:00,-1.3060663943778361,-1.054128881344485,-1.0333115990304869,0.9436254224476069,-1.3066504335186724
2024-10-26 03:15:00,-1.2390206590289803,-0.8807732109220944,-1.0333115990304869,0.3056504187825832,-1.3423700723362968
2024-10-26 03:30:00,-1.1719749236801247,-0.9674510461332897,-0.9532903827949687,0.3056504187825832,-1.2887906141098602
2024-10-26 03:45:00,-1.1272777667808875,-0.9674510461332897,-0.9532903827949687,1.8550182848262124,-0.9494540453424282
2024-10-26 04:00:00,0.30303125399470243,-0.7940953757108989,-0.9532903827949687,-0.42346387112030115,-0.21720144958112758
2024-10-26 04:15:00,-0.166288893447288,-0.7940953757108989,-0.8732691665594505,-0.058906726168858975,-0.5029585601221229
2024-10-26 04:30:00,-0.12159173654805082,-0.3607061996549223,-0.6332055178528959,0.39678970502044375,-0.2350612689899398
2024-10-26 04:45:00,0.5265170384908884,-0.9674510461332897,-1.0333115990304869,0.9436254224476069,0.17571457741274105
2024-10-26 05:00:00,-0.03219742274957645,-0.7074175404997036,-1.0333115990304869,-0.6057424435960223,-0.5208183795309351
2024-10-26 05:15:00,-0.07689457964881363,-0.6207397052885083,-0.7932479503239322,0.6702075637340253,-0.2350612689899398
2024-10-26 05:30:00,0.30303125399470243,-0.44738403486611766,-0.47316308538185947,-0.6968817298338827,-0.0921827137194421
2024-10-26 05:45:00,0.5935627738397441,-0.013994858810140965,0.487091509444359,-0.9702995885474643,0.39003241031848757
2024-10-26 06:00:00,1.0181857643824974,1.286172669357789,-0.0730570042042684,-0.5146031573581616,0.9615466314004782
2024-10-26 06:15:00,0.8840942936847858,1.1128169989353984,0.8871975906219501,-0.6968817298338827,0.9972662702181027
2024-10-26 06:30:00,0.4147741462427954,1.1994948341465936,-0.0730570042042684,-0.6968817298338827,0.425752049136112
2024-10-26 06:45:00,1.4428087549252506,0.5927499876682264,0.5671127256798772,-0.6968817298338827,1.2651635613502858
2024-10-26 07:00:00,0.928791450584023,0.3327164820346404,0.24702786073780442,-0.8791603023096038,0.6936493402682952
2024-10-26 07:15:00,1.4428087549252506,0.24603864682344503,-0.1530782204397866,-0.3323245848824406,1.104425186670976
2024-10-26 07:30:00,1.6439459609718179,1.3728505045689845,0.32704907697332264,-1.243717447261046,1.4259019360295957
2024-10-26 07:45:00,0.5712141953901255,0.4193943172458357,0.9672188068574683,-0.42346387112030115,0.675789520859483
2024-10-26 08:00:00,1.6439459609718179,0.8527834933018124,0.24702786073780442,-1.243717447261046,1.3008832001679103
2024-10-26 08:15:00,1.688643117871055,-0.1006726940213363,0.487091509444359,-1.061438874785325,1.2294439225326614
2024-10-26 08:30:00,1.1299286566305904,1.4595283397801795,0.08698542826676801,-0.6057424435960223,1.104425186670976
2024-10-26 08:45:00,0.325379832444321,0.4193943172458357,0.5671127256798772,-0.5146031573581616,0.37217259090967536
2024-10-26 09:00:00,-0.1439403149976694,-0.18735052923253165,0.8071763743864319,0.03223256006900157,0.03283602214224337
2024-10-26 09:15:00,0.23598551864584666,0.24603864682344503,0.9672188068574683,-1.243717447261046,0.21143421623036546
2024-10-26 09:30:00,-0.5238661486411854,-0.18735052923253165,0.16700664450228622,-1.061438874785325,-0.6279772959838084
2024-10-26 09:45:00,-0.7697005115869899,-0.6207397052885083,1.1272612393285046,-0.7880210160717432,-0.6458371153926206
2024-10-26 10:00:00,-0.5685633055404227,-0.013994858810140965,1.0472400230929866,-0.6968817298338827,-0.3600800048516252
2024-10-26 10:15:00,0.1465912048473723,0.24603864682344503,-0.47316308538185947,0.03223256006900157,0.06855566095986779
2024-10-26 10:30:00,-0.6356090408892784,-0.3607061996549223,0.16700664450228622,-0.3323245848824406,-0.6101174765749962
2024-10-26 10:45:00,-0.2556832072457624,-0.534061870077313,-1.0333115990304869,0.7613468499718858,-0.3957996436692497
2024-10-26 11:00:00,-0.9931862960831759,-1.054128881344485,-0.9532903827949687,0.5790682774961649,-1.1101924200217381
2024-10-26 11:15:00,0.1018940479481351,-0.27402836444372697,-0.5531843016173776,1.0347647086854674,0.10427529977749221
2024-10-26 11:30:00,-0.6132604624396598,-0.7940953757108989,-0.8732691665594505,1.308182567399049,-0.592257657166184
2024-10-26 11:45:00,-0.9484891391839387,-1.054128881344485,-0.9532903827949687,1.2170432811611887,-0.9494540453424282
2024-10-26 12:00:00,-0.6132604624396598,-0.6207397052885083,-0.1530782204397866,1.308182567399049,-0.3957996436692497
2024-10-26 12:15:00,-0.18863747189690658,-0.27402836444372697,-0.9532903827949687,1.125903994923328,-0.19934163017231535
2024-10-26 12:30:00,-1.0155348745327946,-0.7940953757108989,-0.7932479503239322,0.7613468499718858,-1.003033503568865
2024-10-26 12:45:00,-0.5238661486411854,-0.534061870077313,-0.313120652910823,1.308182567399049,-0.342220185442813
2024-10-26 13:00:00,-0.4121232563930925,-0.1006726940213363,0.6471339419153954,-0.3323245848824406,-0.2707809078075642
2024-10-26 13:15:00,0.03484831259927933,-0.3607061996549223,0.7271551581509137,0.3056504187825832,0.17571457741274105
2024-10-26 13:30:00,0.1018940479481351,-0.3607061996549223,1.207282455564023,-0.5146031573581616,0.17571457741274105
2024-10-26 13:45:00,-0.27803178569538095,-0.44738403486611766,1.5273673205060956,-0.6968817298338827,-0.11004253312825431
2024-10-26 14:00:00,-1.149626345230506,0.5927499876682264,0.9672188068574683,1.0347647086854674,-0.3779398242604375
2024-10-26 14:15:00,0.437122724692414,0.3327164820346404,1.0472400230929866,0.6702075637340253,0.7829484373123562
2024-10-26 14:30:00,0.4147741462427954,-0.1006726940213363,1.687409752977132,-0.42346387112030115,0.604350243224234
2024-10-26 14:45:00,-0.1439403149976694,0.15936081161224971,1.6073885367416139,-0.6057424435960223,0.15785475800392884
2024-10-26 15:00:00,0.6382599307389812,-0.7940953757108989,-0.0730570042042684,-0.42346387112030115,0.2471538550479899
2024-10-26 15:15:00,0.3477284108939396,0.5060721524570311,0.9672188068574683,-0.6057424435960223,0.4793315073625486
2024-10-26 15:30:00,0.5712141953901255,-0.013994858810140965,-0.23309943667530483,0.5790682774961649,0.515051146180173
2024-10-26 15:45:00,0.928791450584023,0.9394613285130077,0.006964212031249799,-0.6968817298338827,0.8008082567211684
2024-10-26 16:00:00,1.5992488040725807,0.6794278228794217,1.3673248880350592,-0.3323245848824406,1.6580795883441544
2024-10-26 16:15:00,1.2416715488786834,0.15936081161224971,1.5273673205060956,-0.7880210160717432,1.2115841031238492
2024-10-26 16:30:00,1.1075800781809717,1.1994948341465936,1.6073885367416139,0.03223256006900157,1.4973412136648445
2024-10-26 16:45:00,1.5098544902741065,1.1128169989353984,0.487091509444359,-0.6057424435960223,1.4259019360295957
2024-10-26 17:00:00,0.9958371859328787,-0.18735052923253165,1.287303671799541,-0.15004601240671953,1.015126089626915
2024-10-26 17:15:00,0.9958371859328787,0.6794278228794217,0.8871975906219501,-0.15004601240671953,1.104425186670976
2024-10-26 17:30:00,1.0181857643824974,1.1994948341465936,0.08698542826676801,-0.3323245848824406,1.015126089626915
2024-10-26 17:45:00,1.0628829212817346,0.6794278228794217,2.007494617919205,-0.15004601240671953,1.4080421166207835
2024-10-26 18:00:00,1.532203068723725,0.07268297640105437,1.287303671799541,-0.3323245848824406,1.46162157484722
2024-10-26 18:15:00,1.8450831670183852,0.15936081161224971,0.6471339419153954,0.03223256006900157,1.6580795883441544
2024-10-26 18:30:00,0.5935627738397441,0.24603864682344503,0.40707029320884086,-0.058906726168858975,0.604350243224234
2024-10-26 18:45:00,0.12424262639775369,-0.8807732109220944,0.32704907697332264,-0.7880210160717432,-0.16362199135469094
2024-10-26 19:00:00,-0.09924315809843222,-1.054128881344485,0.32704907697332264,0.5790682774961649,-0.11004253312825431
2024-10-26 19:15:00,0.437122724692414,-0.534061870077313,-0.1530782204397866,0.5790682774961649,0.31859313268323874
2024-10-26 19:30:00,0.30303125399470243,-0.1006726940213363,-0.39314186914634125,-0.24118529864458005,0.08641548036867999
2024-10-26 19:45:00,0.325379832444321,0.4193943172458357,-0.1530782204397866,-0.15004601240671953,0.2828734938656143
2024-10-26 20:00:00,0.6606085091885999,-0.6207397052885083,-0.47316308538185947,0.3056504187825832,0.35431277150086316
2024-10-26 20:15:00,0.9511400290336416,-0.9674510461332897,0.16700664450228622,0.5790682774961649,0.7115091596771074
2024-10-26 20:30:00,-0.23333462879614378,0.6794278228794217,-0.1530782204397866,0.5790682774961649,0.03283602214224337
2024-10-26 20:45:00,-0.21098605034652518,-0.3607061996549223,0.487091509444359,0.7613468499718858,0.014976202733431157
2024-10-26 21:00:00,-0.18863747189690658,0.15936081161224971,-0.5531843016173776,1.3993218536369096,0.03283602214224337
2024-10-26 21:15:00,0.548865616940507,-0.1006726940213363,-0.23309943667530483,0.7613468499718858,0.515051146180173
2024-10-26 21:30:00,0.9734886074832602,0.6794278228794217,-0.5531843016173776,-0.058906726168858975,0.7829484373123562
2024-10-26 21:45:00,-1.2166720805793618,-0.8807732109220944,-0.8732691665594505,1.8550182848262124,-0.9851736841600526
2024-10-26 22:00:00,-1.1719749236801247,-0.9674510461332897,-0.9532903827949687,0.5790682774961649,-1.2352111558834236
2024-10-26 22:15:00,-1.3507635512770733,-0.8807732109220944,-0.9532903827949687,0.6702075637340253,-1.3423700723362968
2024-10-26 22:30:00,-1.3507635512770733,-0.9674510461332897,-0.9532903827949687,1.308182567399049,-1.2352111558834236
2024-10-26 22:45:00,-1.3060663943778361,-0.8807732109220944,-1.0333115990304869,1.6727397123504912,-1.1280522394305503
2024-10-26 23:00:00,-1.2390206590289803,-0.8807732109220944,-0.9532903827949687,1.2170432811611887,-1.1459120588393625
2024-10-26 23:15:00,-1.2166720805793618,-1.054128881344485,-1.0333115990304869,0.6702075637340253,-1.2887906141098602
2024-10-26 23:30:00,-1.2390206590289803,-1.054128881344485,-0.9532903827949687,1.6727397123504912,-1.092332600612926
2024-10-26 23:45:00,-1.1719749236801247,-0.9674510461332897,-0.9532903827949687,0.21451113254472265,-1.3066504335186724
2024-10-27 00:00:00,-1.3507635512770733,-0.8807732109220944,-0.8732691665594505,1.2170432811611887,-1.2173513364746114
2024-10-27 00:15:00,-1.149626345230506,-0.9674510461332897,-0.9532903827949687,1.308182567399049,-1.0744727812041137
2024-10-27 00:30:00,-1.2390206590289803,-1.054128881344485,-1.0333115990304869,1.0347647086854674,-1.2352111558834236
2024-10-27 00:45:00,-1.1272777667808875,-1.054128881344485,-0.9532903827949687,1.7638789985883518,-0.9851736841600526
2024-10-27 01:00:00,-1.2166720805793618,-0.8807732109220944,-1.0333115990304869,1.3993218536369096,-1.1101924200217381
2024-10-27 01:15:00,-1.2837178159282177,-0.8807732109220944,-1.0333115990304869,1.8550182848262124,-1.0744727812041137
2024-10-27 01:30:00,-1.2837178159282177,-0.8807732109220944,-0.9532903827949687,1.9461575710640728,-1.0387531423864893
2024-10-27 01:45:00,-1.2390206590289803,-0.9674510461332897,-0.8732691665594505,1.308182567399049,-1.1280522394305503
2024-10-27 02:00:00,-1.1719749236801247,-0.9674510461332897,-0.8732691665594505,1.6727397123504912,-1.003033503568865
2024-10-27 02:15:00,-1.3507635512770733,-0.9674510461332897,-1.0333115990304869,1.7638789985883518,-1.1637718782481747
2024-10-27 02:30:00,-1.2390206590289803,-0.9674510461332897,-0.9532903827949687,1.0347647086854674,-1.1994915170657992
2024-10-27 02:45:00,-1.3284149728274548,-0.9674510461332897,-0.8732691665594505,0.39678970502044375,-1.3780897111539212
2024-10-27 03:00:00,-1.3284149728274548,-0.8807732109220944,-0.8732691665594505,0.3056504187825832,-1.3780897111539212
2024-10-27 03:15:00,-1.3284149728274548,-0.8807732109220944,-1.0333115990304869,1.0347647086854674,-1.270930794701048
2024-10-27 03:30:00,-1.261369237478599,-0.8807732109220944,-1.0333115990304869,1.6727397123504912,-1.092332600612926
2024-10-27 03:45:00,-1.2166720805793618,-0.8807732109220944,-0.8732691665594505,1.3993218536369096,-1.0744727812041137
2024-10-27 04:00:00,-0.7697005115869899,-1.054128881344485,-0.7132267340884141,3.4955254371077022,-0.3065005466251886
2024-10-27 04:15:00,-0.8143976684862272,-0.8807732109220944,-0.7132267340884141,1.6727397123504912,-0.6636969348014328
2024-10-27 04:30:00,0.23598551864584666,-1.054128881344485,-0.6332055178528959,1.9461575710640728,0.21143421623036546
2024-10-27 04:45:00,-0.32272894259461815,-0.534061870077313,-0.6332055178528959,3.4955254371077022,0.17571457741274105
2024-10-27 05:00:00,0.0795454694985165,-0.9674510461332897,-1.0333115990304869,2.948689719680539,0.21143421623036546
2024-10-27 05:15:00,-0.5238661486411854,-0.44738403486611766,-0.8732691665594505,2.5841325747290966,-0.19934163017231535
2024-10-27 05:30:00,-0.5238661486411854,-0.18735052923253165,-0.9532903827949687,2.5841325747290966,-0.16362199135469094
2024-10-27 05:45:00,-0.6132604624396598,-0.3607061996549223,-0.8732691665594505,3.4955254371077022,-0.0743228943106299
2024-10-27 06:00:00,-0.9037919822847015,-0.27402836444372697,-0.7932479503239322,1.8550182848262124,-0.592257657166184
2024-10-27 06:15:00,0.1465912048473723,-1.054128881344485,-0.7132267340884141,1.5816004261126306,0.050695841551055575
2024-10-27 06:30:00,0.2806826755450838,-0.3607061996549223,-0.6332055178528959,1.6727397123504912,0.33645295209205095
2024-10-27 06:45:00,-0.4568204132923297,-0.44738403486611766,-1.0333115990304869,1.4904611398747702,-0.3957996436692497
2024-10-27 07:00:00,0.21363694019622806,-0.534061870077313,-0.8732691665594505,2.128436143539794,0.2828734938656143
2024-10-27 07:15:00,0.25833409709546523,-0.44738403486611766,-0.9532903827949687,3.4955254371077022,0.5864904238154218
2024-10-27 07:30:00,-0.7026547762381342,-0.7940953757108989,-0.8732691665594505,2.5841325747290966,-0.4136594630780619
2024-10-27 07:45:00,-0.3674260994938553,-0.7074175404997036,-0.8732691665594505,3.586664723345563,0.06855566095986779
2024-10-27 08:00:00,-0.5685633055404227,-0.7074175404997036,-0.8732691665594505,3.4955254371077022,-0.11004253312825431
2024-10-27 08:15:00,-0.47916899174194827,-0.27402836444372697,-0.6332055178528959,3.4043861508698416,0.08641548036867999
2024-10-27 08:30:00,0.1018940479481351,-1.054128881344485,-0.8732691665594505,0.6702075637340253,-0.19934163017231535
2024-10-27 08:45:00,-0.05454600119919504,-0.44738403486611766,-1.0333115990304869,3.0398290059183997,0.22929403563917766
2024-10-27 09:00:00,1.3534144411267761,0.766105658090617,-0.47316308538185947,-1.1525781610231856,0.9079671731740416
2024-10-27 09:15:00,1.1522772350802089,2.2396288566809375,-0.1530782204397866,-0.8791603023096038,1.1758644643062248
2024-10-27 09:30:00,0.7946999798863115,2.4996623623145235,0.32704907697332264,-0.8791603023096038,1.0508457284445394
2024-10-27 09:45:00,1.3310658626771577,1.9795953510473516,0.487091509444359,-1.061438874785325,1.372322477803159
2024-10-27 10:00:00,1.8227345885687667,2.6730180327369144,-0.23309943667530483,-1.061438874785325,1.7473786853882156
2024-10-27 10:15:00,1.6662945394214366,0.8527834933018124,0.40707029320884086,-1.243717447261046,1.3544626583943469
2024-10-27 10:30:00,1.7109916963206737,2.7596958679481096,-0.5531843016173776,-1.1525781610231856,1.5866403107089055
2024-10-27 10:45:00,1.8227345885687667,2.846373703159305,-0.39314186914634125,-0.7880210160717432,1.8009581436146522
2024-10-27 11:00:00,1.5992488040725807,1.1994948341465936,0.08698542826676801,-0.9702995885474643,1.3544626583943469
2024-10-27 11:15:00,1.420460176475632,2.4129845271033283,0.006964212031249799,-1.243717447261046,1.3901822972119713
2024-10-27 11:30:00,1.465157333374869,1.546206174991375,-0.313120652910823,-0.9702995885474643,1.2294439225326614
2024-10-27 11:45:00,0.928791450584023,2.4129845271033283,-0.5531843016173776,-1.1525781610231856,0.8901073537652294
2024-10-27 12:00:00,0.81704855833593,2.1529510214697423,0.24702786073780442,-1.061438874785325,0.943686811991666
2024-10-27 12:15:00,1.2640201273283018,2.9330515383705005,0.16700664450228622,-0.9702995885474643,1.46162157484722
2024-10-27 12:30:00,1.1299286566305904,1.546206174991375,0.16700664450228622,-1.061438874785325,1.0508457284445394
2024-10-27 12:45:00,1.576900225622962,1.3728505045689845,0.5671127256798772,-0.8791603023096038,1.4973412136648445
2024-10-27 13:00:00,1.6215973825221994,1.8929175158361562,0.16700664450228622,-0.7880210160717432,1.5687804913000933
2024-10-27 13:15:00,1.465157333374869,0.766105658090617,-0.313120652910823,-0.8791603023096038,1.0865653672621638
2024-10-27 13:30:00,1.420460176475632,2.326306691892133,0.24702786073780442,-1.243717447261046,1.4259019360295957
2024-10-27 13:45:00,1.1746258135298275,3.2797628792152818,0.40707029320884086,-1.243717447261046,1.46162157484722
2024-10-27 14:00:00,1.6662945394214366,2.4129845271033283,-0.39314186914634125,-1.1525781610231856,1.5152010330736567
2024-10-27 14:15:00,1.5992488040725807,1.4595283397801795,-0.23309943667530483,-0.8791603023096038,1.3544626583943469
2024-10-27 14:30:00,1.2416715488786834,2.9330515383705005,-0.6332055178528959,-1.1525781610231856,1.2294439225326614
2024-10-27 14:45:00,1.2193229704290647,1.1128169989353984,-0.23309943667530483,-1.1525781610231856,0.9258269925828538
2024-10-27 15:00:00,0.1465912048473723,-0.18735052923253165,0.006964212031249799,-0.15004601240671953,0.050695841551055575
2024-10-27 15:15:00,0.3924255677931768,-0.1006726940213363,-0.313120652910823,-0.24118529864458005,0.17571457741274105
2024-10-27 15:30:00,0.03484831259927933,-0.534061870077313,-0.0730570042042684,0.03223256006900157,-0.0921827137194421
2024-10-27 15:45:00,0.21363694019622806,-0.3607061996549223,-0.47316308538185947,-0.9702995885474643,-0.19934163017231535
2024-10-27 16:00:00,-0.12159173654805082,-0.18735052923253165,-0.5531843016173776,-1.243717447261046,-0.5029585601221229
2024-10-27 16:15:00,-0.18863747189690658,0.07268297640105437,-0.8732691665594505,-0.6057424435960223,-0.4493791018956863
2024-10-27 16:30:00,0.25833409709546523,0.07268297640105437,-0.47316308538185947,-0.6057424435960223,-0.0028836166753810535
2024-10-27 16:45:00,-0.03219742274957645,-0.1006726940213363,-1.0333115990304869,-0.8791603023096038,-0.4493791018956863
2024-10-27 17:00:00,0.437122724692414,-0.013994858810140965,-0.0730570042042684,0.03223256006900157,0.33645295209205095
2024-10-27 17:15:00,0.5041684600412697,-0.6207397052885083,-0.8732691665594505,-1.243717447261046,-0.16362199135469094
2024-10-27 17:30:00,0.3924255677931768,0.15936081161224971,-0.7132267340884141,-0.058906726168858975,0.17571457741274105
2024-10-27 17:45:00,-0.03219742274957645,-0.534061870077313,-0.9532903827949687,-0.5146031573581616,-0.4493791018956863
2024-10-27 18:00:00,-0.07689457964881363,-0.27402836444372697,-1.0333115990304869,-0.058906726168858975,-0.3600800048516252
2024-10-27 18:15:00,0.0795454694985165,-0.3607061996549223,-1.0333115990304869,-0.3323245848824406,-0.3065005466251886
2024-10-27 18:30:00,0.4147741462427954,0.24603864682344503,-0.6332055178528959,-0.058906726168858975,0.22929403563917766
2024-10-27 18:45:00,0.1018940479481351,-0.534061870077313,-0.313120652910823,-0.9702995885474643,-0.2886407272163764
2024-10-27 19:00:00,-0.7920490900366085,-1.054128881344485,-0.9532903827949687,1.0347647086854674,-0.8601549482983671
2024-10-27 19:15:00,-0.8143976684862272,-0.7940953757108989,-0.7932479503239322,1.0347647086854674,-0.7887156706631183
2024-10-27 19:30:00,-0.8590948253854643,-1.054128881344485,-0.9532903827949687,1.308182567399049,-0.8601549482983671
2024-10-27 19:45:00,-0.5462147270908041,-0.7940953757108989,-0.7932479503239322,1.9461575710640728,-0.3957996436692497
2024-10-27 20:00:00,-0.8143976684862272,-0.7940953757108989,-0.9532903827949687,1.4904611398747702,-0.7351362124366817
2024-10-27 20:15:00,-0.6132604624396598,-1.054128881344485,-0.9532903827949687,0.8524861362097464,-0.7529960318454939
2024-10-27 20:30:00,-0.8143976684862272,-0.8807732109220944,-0.9532903827949687,0.7613468499718858,-0.8958745871159915
2024-10-27 20:45:00,-0.5909118839900412,-0.7074175404997036,-1.0333115990304869,1.5816004261126306,-0.5386781989397473
2024-10-27 21:00:00,-0.8590948253854643,-0.9674510461332897,-0.6332055178528959,1.125903994923328,-0.8065754900719305
2024-10-27 21:15:00,-0.5238661486411854,-0.6207397052885083,-0.6332055178528959,0.6702075637340253,-0.5565380183485595
2024-10-27 21:30:00,-0.7697005115869899,-0.9674510461332897,-0.7932479503239322,1.7638789985883518,-0.6458371153926206
2024-10-27 21:45:00,-1.3060663943778361,-1.054128881344485,-1.0333115990304869,1.4904611398747702,-1.1994915170657992
2024-10-27 22:00:00,-1.1719749236801247,-1.054128881344485,-0.9532903827949687,1.9461575710640728,-0.9851736841600526
2024-10-27 22:15:00,-1.2166720805793618,-0.8807732109220944,-0.8732691665594505,0.5790682774961649,-1.2352111558834236
2024-10-27 22:30:00,-1.2166720805793618,-1.054128881344485,-1.0333115990304869,1.125903994923328,-1.1994915170657992
2024-10-27 22:45:00,-1.3284149728274548,-0.8807732109220944,-0.8732691665594505,0.39678970502044375,-1.360229891745109
2024-10-27 23:00:00,-1.3507635512770733,-0.8807732109220944,-0.8732691665594505,0.6702075637340253,-1.3245102529274846
2024-10-27 23:15:00,-1.1719749236801247,-0.9674510461332897,-0.8732691665594505,0.6702075637340253,-1.1994915170657992
2024-10-27 23:30:00,-1.1719749236801247,-0.9674510461332897,-0.8732691665594505,1.8550182848262124,-0.9673138647512404
2024-10-27 23:45:00,-1.149626345230506,-0.8807732109220944,-0.8732691665594505,0.8524861362097464,-1.1280522394305503
2024-10-28 00:00:00,-1.3507635512770733,-1.054128881344485,-0.8732691665594505,1.8550182848262124,-1.1280522394305503
2024-10-28 00:15:00,-1.3507635512770733,-0.9674510461332897,-0.9532903827949687,1.9461575710640728,-1.1101924200217381
2024-10-28 00:30:00,-1.1719749236801247,-0.8807732109220944,-0.9532903827949687,1.7638789985883518,-0.9851736841600526
2024-10-28 00:45:00,-1.261369237478599,-0.9674510461332897,-1.0333115990304869,0.9436254224476069,-1.2530709752922358
2024-10-28 01:00:00,-1.2166720805793618,-1.054128881344485,-0.9532903827949687,0.7613468499718858,-1.2530709752922358
2024-10-28 01:15:00,-1.2837178159282177,-1.054128881344485,-0.8732691665594505,1.308182567399049,-1.181631697656987
2024-10-28 01:30:00,-1.261369237478599,-1.054128881344485,-0.8732691665594505,1.9461575710640728,-1.0387531423864893
2024-10-28 01:45:00,-1.1943235021297431,-0.9674510461332897,-1.0333115990304869,1.6727397123504912,-1.0566129617953015
2024-10-28 02:00:00,-1.3060663943778361,-0.8807732109220944,-0.8732691665594505,0.39678970502044375,-1.3423700723362968
2024-10-28 02:15:00,-1.149626345230506,-0.9674510461332897,-0.9532903827949687,0.9436254224476069,-1.1459120588393625
2024-10-28 02:30:00,-1.1719749236801247,-0.9674510461332897,-0.8732691665594505,1.7638789985883518,-0.9851736841600526
2024-10-28 02:45:00,-1.2166720805793618,-0.8807732109220944,-0.8732691665594505,1.6727397123504912,-1.020893322977677
2024-10-28 03:00:00,-1.2390206590289803,-0.8807732109220944,-0.8732691665594505,0.6702075637340253,-1.2352111558834236
2024-10-28 03:15:00,-1.1943235021297431,-1.054128881344485,-0.8732691665594505,0.21451113254472265,-1.3245102529274846
2024-10-28 03:30:00,-1.1943235021297431,-0.8807732109220944,-0.9532903827949687,0.21451113254472265,-1.3066504335186724
2024-10-28 03:45:00,-1.3284149728274548,-0.8807732109220944,-0.9532903827949687,1.7638789985883518,-1.1101924200217381
2024-10-28 04:00:00,0.1465912048473723,-0.534061870077313,-0.9532903827949687,0.5790682774961649,-0.0921827137194421
2024-10-28 04:15:00,0.25833409709546523,-0.6207397052885083,-0.5531843016173776,0.12337184630686211,-0.020743436084193264
2024-10-28 04:30:00,0.5265170384908884,-0.18735052923253165,-1.0333115990304869,-0.24118529864458005,0.10427529977749221
2024-10-28 04:45:00,0.45947130314203255,-0.9674510461332897,-0.5531843016173776,0.8524861362097464,0.21143421623036546
2024-10-28 05:00:00,-0.03219742274957645,-0.9674510461332897,-1.0333115990304869,0.7613468499718858,-0.3065005466251886
2024-10-28 05:15:00,-0.23333462879614378,-0.7940953757108989,-0.9532903827949687,0.7613468499718858,-0.4136594630780619
2024-10-28 05:30:00,-0.1439403149976694,-1.054128881344485,-0.5531843016173776,-0.24118529864458005,-0.5029585601221229
2024-10-28 05:45:00,1.5545516471733436,0.07268297640105437,0.8871975906219501,-1.1525781610231856,1.2294439225326614
2024-10-28 06:00:00,1.6215973825221994,0.766105658090617,0.487091509444359,-0.7880210160717432,1.4080421166207835
2024-10-28 06:15:00,0.325379832444321,-0.18735052923253165,0.32704907697332264,-0.5146031573581616,0.19357439682155325
2024-10-28 06:30:00,1.8450831670183852,1.026139163724203,0.08698542826676801,-0.7880210160717432,1.5509206718912811
2024-10-28 06:45:00,0.4147741462427954,1.1128169989353984,0.6471339419153954,-0.7880210160717432,0.5507707849977974
2024-10-28 07:00:00,0.8393971367855486,0.5927499876682264,0.16700664450228622,-1.1525781610231856,0.604350243224234
2024-10-28 07:15:00,1.196974391979446,0.07268297640105437,-0.23309943667530483,-0.8791603023096038,0.7472287984947318
2024-10-28 07:30:00,0.9958371859328787,0.3327164820346404,0.6471339419153954,-0.9702995885474643,0.8186680761299806
2024-10-28 07:45:00,1.4428087549252506,0.5060721524570311,0.5671127256798772,-0.5146031573581616,1.283023380759098
2024-10-28 08:00:00,0.8840942936847858,1.286172669357789,0.8071763743864319,-0.7880210160717432,0.9972662702181027
2024-10-28 08:15:00,0.8393971367855486,1.546206174991375,0.7271551581509137,-0.6057424435960223,1.0329859090357272
2024-10-28 08:30:00,1.8897803239176225,-0.013994858810140965,0.24702786073780442,-0.7880210160717432,1.4080421166207835
2024-10-28 08:45:00,1.4875059118244878,0.24603864682344503,0.32704907697332264,-0.42346387112030115,1.2294439225326614
2024-10-28 09:00:00,-0.4121232563930925,-0.534061870077313,0.16700664450228622,-0.8791603023096038,-0.5743978377573717
2024-10-28 09:15:00,0.12424262639775369,-0.18735052923253165,-0.5531843016173776,-0.7880210160717432,-0.21720144958112758
2024-10-28 09:30:00,-0.3674260994938553,-0.18735052923253165,-0.0730570042042684,-0.9702995885474643,-0.5386781989397473
2024-10-28 09:45:00,-0.5015175701915668,-0.534061870077313,0.6471339419153954,-1.243717447261046,-0.6101174765749962
2024-10-28 10:00:00,0.19128836174660946,0.24603864682344503,1.287303671799541,-0.3323245848824406,0.425752049136112
2024-10-28 10:15:00,-0.7920490900366085,-0.534061870077313,1.0472400230929866,-0.058906726168858975,-0.5208183795309351
2024-10-28 10:30:00,-0.6132604624396598,0.24603864682344503,0.32704907697332264,-0.3323245848824406,-0.4315192824868741
2024-10-28 10:45:00,-0.1439403149976694,-0.8807732109220944,-0.39314186914634125,0.5790682774961649,-0.2707809078075642
2024-10-28 11:00:00,-0.32272894259461815,-0.3607061996549223,-0.6332055178528959,0.5790682774961649,-0.3600800048516252
2024-10-28 11:15:00,-0.8814434038350829,-0.27402836444372697,-0.1530782204397866,0.9436254224476069,-0.6101174765749962
2024-10-28 11:30:00,-0.23333462879614378,-0.44738403486611766,-0.39314186914634125,1.308182567399049,-0.11004253312825431
2024-10-28 11:45:00,-0.5015175701915668,-0.7074175404997036,-1.0333115990304869,1.2170432811611887,-0.5386781989397473
2024-10-28 12:00:00,-0.03219742274957645,-0.9674510461332897,-0.47316308538185947,1.4904611398747702,-0.03860325549300547
2024-10-28 12:15:00,-0.05454600119919504,-0.3607061996549223,0.006964212031249799,0.7613468499718858,0.03283602214224337
2024-10-28 12:30:00,-0.5238661486411854,-0.3607061996549223,-0.7932479503239322,0.6702075637340253,-0.5386781989397473
2024-10-28 12:45:00,-0.7920490900366085,-0.44738403486611766,-0.23309943667530483,1.2170432811611887,-0.5386781989397473
2024-10-28 13:00:00,-1.1719749236801247,0.6794278228794217,-0.9532903827949687,0.12337184630686211,-0.9851736841600526
2024-10-28 13:15:00,-0.1439403149976694,0.5927499876682264,0.24702786073780442,0.39678970502044375,0.13999493859511664
2024-10-28 13:30:00,-0.18863747189690658,0.15936081161224971,0.6471339419153954,0.03223256006900157,0.03283602214224337
2024-10-28 13:45:00,0.19128836174660946,-0.1006726940213363,0.8071763743864319,0.03223256006900157,0.31859313268323874
2024-10-28 14:00:00,-0.7250033546877528,-0.7940953757108989,1.1272612393285046,0.39678970502044375,-0.4136594630780619
2024-10-28 14:15:00,-1.3060663943778361,-0.534061870077313,-0.0730570042042684,0.12337184630686211,-1.1459120588393625
2024-10-28 14:30:00,-0.6132604624396598,-0.44738403486611766,-0.9532903827949687,-0.5146031573581616,-0.8958745871159915
2024-10-28 14:45:00,-1.3284149728274548,-0.27402836444372697,-0.23309943667530483,0.7613468499718858,-1.020893322977677
2024-10-28 15:00:00,-0.2556832072457624,-0.534061870077313,0.40707029320884086,0.39678970502044375,-0.14576217194587873
2024-10-28 15:15:00,-0.4568204132923297,0.3327164820346404,1.207282455564023,-0.058906726168858975,-0.03860325549300547
2024-10-28 15:30:00,-0.47916899174194827,-0.7940953757108989,-1.0333115990304869,0.39678970502044375,-0.6994165736190572
2024-10-28 15:45:00,1.7556888532199109,0.766105658090617,-0.23309943667530483,0.03223256006900157,1.5152010330736567
2024-10-28 16:00:00,1.7556888532199109,1.026139163724203,1.0472400230929866,-0.42346387112030115,1.7652385047970278
2024-10-28 16:15:00,1.0405343428321159,1.1994948341465936,2.007494617919205,-0.6057424435960223,1.4080421166207835
2024-10-28 16:30:00,0.9064428721344044,-0.27402836444372697,1.4473461042705773,-0.6968817298338827,0.854387714947605
2024-10-28 16:45:00,1.8674317454680038,1.286172669357789,1.6073885367416139,-0.24118529864458005,2.068855434746835
2024-10-28 17:00:00,1.2193229704290647,1.546206174991375,0.32704907697332264,0.03223256006900157,1.372322477803159
2024-10-28 17:15:00,1.5098544902741065,0.24603864682344503,-0.23309943667530483,-0.7880210160717432,1.0508457284445394
2024-10-28 17:30:00,0.9511400290336416,0.15936081161224971,2.007494617919205,0.03223256006900157,1.2473037419414736
2024-10-28 17:45:00,1.688643117871055,1.026139163724203,-0.1530782204397866,0.03223256006900157,1.533060852482469
2024-10-28 18:00:00,1.3757630195763948,0.24603864682344503,0.6471339419153954,-0.15004601240671953,1.2651635613502858
2024-10-28 18:15:00,1.532203068723725,0.6794278228794217,2.007494617919205,0.12337184630686211,1.8366777824322766
2024-10-28 18:30:00,0.6606085091885999,0.3327164820346404,0.16700664450228622,0.48792899125830425,0.7293689790859196
2024-10-28 18:45:00,0.12424262639775369,-0.7074175404997036,0.08698542826676801,1.0347647086854674,0.17571457741274105
2024-10-28 19:00:00,0.1018940479481351,-0.44738403486611766,-0.47316308538185947,-0.7880210160717432,-0.2707809078075642
2024-10-28 19:15:00,-0.23333462879614378,0.07268297640105437,-0.23309943667530483,1.308182567399049,0.03283602214224337
2024-10-28 19:30:00,0.19128836174660946,0.5927499876682264,-0.0730570042042684,1.4904611398747702,0.5507707849977974
2024-10-28 19:45:00,-0.18863747189690658,-0.7074175404997036,0.16700664450228622,0.9436254224476069,-0.0743228943106299
2024-10-28 20:00:00,-0.1439403149976694,-0.1006726940213363,-0.6332055178528959,0.21451113254472265,-0.2350612689899398
2024-10-28 20:15:00,0.437122724692414,-0.3607061996549223,0.08698542826676801,-0.3323245848824406,0.22929403563917766
2024-10-28 20:30:00,0.19128836174660946,0.6794278228794217,0.32704907697332264,0.48792899125830425,0.4614716879537364
2024-10-28 20:45:00,0.5041684600412697,0.5927499876682264,-0.47316308538185947,0.7613468499718858,0.5686306044066096
2024-10-28 21:00:00,-0.03219742274957645,0.5060721524570311,0.006964212031249799,-0.15004601240671953,0.050695841551055575
2024-10-28 21:15:00,0.325379832444321,0.5060721524570311,0.08698542826676801,-0.6968817298338827,0.2471538550479899
2024-10-28 21:30:00,0.9511400290336416,-0.44738403486611766,-0.1530782204397866,0.5790682774961649,0.7472287984947318
2024-10-28 21:45:00,-1.149626345230506,-0.9674510461332897,-1.0333115990304869,0.8524861362097464,-1.181631697656987
2024-10-28 22:00:00,-1.3060663943778361,-0.9674510461332897,-0.9532903827949687,1.308182567399049,-1.1994915170657992
2024-10-28 22:15:00,-1.3507635512770733,-0.9674510461332897,-0.8732691665594505,1.125903994923328,-1.2530709752922358
2024-10-28 22:30:00,-1.2166720805793618,-0.8807732109220944,-1.0333115990304869,1.5816004261126306,-1.0744727812041137
2024-10-28 22:45:00,-1.149626345230506,-0.8807732109220944,-0.9532903827949687,1.9461575710640728,-0.931594225933616
2024-10-28 23:00:00,-1.3284149728274548,-1.054128881344485,-0.9532903827949687,0.21451113254472265,-1.44952898878917
2024-10-28 23:15:00,-1.3060663943778361,-1.054128881344485,-0.8732691665594505,1.5816004261126306,-1.1459120588393625
2024-10-28 23:30:00,-1.1943235021297431,-0.8807732109220944,-0.9532903827949687,0.12337184630686211,-1.3245102529274846
2024-10-28 23:45:00,-1.2837178159282177,-0.8807732109220944,-0.8732691665594505,1.8550182848262124,-1.0387531423864893
2024-10-29 00:00:00,-1.3507635512770733,-0.9674510461332897,-1.0333115990304869,1.4904611398747702,-1.2173513364746114
2024-10-29 00:15:00,-1.3507635512770733,-0.8807732109220944,-0.9532903827949687,0.21451113254472265,-1.4316691693803578
2024-10-29 00:30:00,-1.2390206590289803,-1.054128881344485,-0.8732691665594505,1.308182567399049,-1.1459120588393625
2024-10-29 00:45:00,-1.1943235021297431,-1.054128881344485,-1.0333115990304869,1.4904611398747702,-1.1101924200217381
2024-10-29 01:00:00,-1.2166720805793618,-1.054128881344485,-0.8732691665594505,1.6727397123504912,-1.0566129617953015
2024-10-29 01:15:00,-1.3284149728274548,-1.054128881344485,-1.0333115990304869,0.9436254224476069,-1.3245102529274846
2024-10-29 01:30:00,-1.1272777667808875,-0.8807732109220944,-0.9532903827949687,1.7638789985883518,-0.9494540453424282
2024-10-29 01:45:00,-1.1719749236801247,-0.9674510461332897,-0.8732691665594505,0.12337184630686211,-1.3066504335186724
2024-10-29 02:00:00,-1.2166720805793618,-0.8807732109220944,-0.8732691665594505,1.8550182848262124,-0.9851736841600526
2024-10-29 02:15:00,-1.3284149728274548,-0.9674510461332897,-1.0333115990304869,1.8550182848262124,-1.1280522394305503
2024-10-29 02:30:00,-1.3284149728274548,-1.054128881344485,-0.9532903827949687,0.8524861362097464,-1.3245102529274846
2024-10-29 02:45:00,-1.1272777667808875,-0.8807732109220944,-0.9532903827949687,1.6727397123504912,-0.9673138647512404
2024-10-29 03:00:00,-1.2166720805793618,-0.8807732109220944,-0.8732691665594505,0.48792899125830425,-1.2530709752922358
2024-10-29 03:15:00,-1.3507635512770733,-1.054128881344485,-1.0333115990304869,0.21451113254472265,-1.4852486276067944
2024-10-29 03:30:00,-1.2837178159282177,-1.054128881344485,-1.0333115990304869,0.12337184630686211,-1.44952898878917
2024-10-29 03:45:00,-1.2837178159282177,-0.9674510461332897,-0.8732691665594505,0.9436254224476069,-1.2352111558834236
2024-10-29 04:00:00,-0.2556832072457624,-0.3607061996549223,-0.47316308538185947,-0.24118529864458005,-0.4315192824868741
2024-10-29 04:15:00,-0.03219742274957645,-1.054128881344485,-0.9532903827949687,0.5790682774961649,-0.342220185442813
2024-10-29 04:30:00,-0.23333462879614378,-0.8807732109220944,-0.5531843016173776,0.48792899125830425,-0.3957996436692497
2024-10-29 04:45:00,0.45947130314203255,-0.7074175404997036,-0.6332055178528959,0.12337184630686211,0.10427529977749221
2024-10-29 05:00:00,-0.32272894259461815,-0.18735052923253165,-0.7932479503239322,0.8524861362097464,-0.3065005466251886
2024-10-29 05:15:00,0.3477284108939396,-0.3607061996549223,-0.6332055178528959,-0.6057424435960223,-0.056463074901817685
2024-10-29 05:30:00,0.16893978329699086,-0.9674510461332897,-0.7932479503239322,0.39678970502044375,-0.16362199135469094
2024-10-29 05:45:00,0.8617457152351672,1.4595283397801795,0.487091509444359,-0.5146031573581616,0.9972662702181027
2024-10-29 06:00:00,1.2640201273283018,0.4193943172458357,0.6471339419153954,-0.8791603023096038,1.0687055478533516
2024-10-29 06:15:00,0.6382599307389812,0.766105658090617,0.16700664450228622,-1.061438874785325,0.4971913267713608
2024-10-29 06:30:00,1.688643117871055,1.546206174991375,0.7271551581509137,-0.6968817298338827,1.6937992271617788
2024-10-29 06:45:00,0.6159113522893627,-0.013994858810140965,0.9672188068574683,-1.061438874785325,0.4971913267713608
2024-10-29 07:00:00,1.2863687057779205,1.4595283397801795,0.006964212031249799,-1.061438874785325,1.1222850060797882
2024-10-29 07:15:00,1.465157333374869,1.286172669357789,0.487091509444359,-0.3323245848824406,1.4794813942560323
2024-10-29 07:30:00,1.6215973825221994,1.1128169989353984,0.5671127256798772,-0.42346387112030115,1.5687804913000933
2024-10-29 07:45:00,1.8450831670183852,0.6794278228794217,0.08698542826676801,-0.6968817298338827,1.4973412136648445
2024-10-29 08:00:00,0.6159113522893627,-0.013994858810140965,0.08698542826676801,-0.5146031573581616,0.40789222972729977
2024-10-29 08:15:00,1.3310658626771577,0.8527834933018124,-0.0730570042042684,-0.6057424435960223,1.104425186670976
2024-10-29 08:30:00,0.9734886074832602,1.1994948341465936,0.24702786073780442,-0.8791603023096038,0.9079671731740416
2024-10-29 08:45:00,0.7500028229870742,1.1128169989353984,0.16700664450228622,-0.6057424435960223,0.7472287984947318
2024-10-29 09:00:00,0.2806826755450838,-0.534061870077313,1.287303671799541,-0.42346387112030115,0.31859313268323874
2024-10-29 09:15:00,-0.05454600119919504,-0.534061870077313,0.6471339419153954,-0.8791603023096038,-0.18148181076350314
2024-10-29 09:30:00,-0.657957619338897,-0.1006726940213363,0.9672188068574683,-0.9702995885474643,-0.5208183795309351
2024-10-29 09:45:00,0.0795454694985165,-0.6207397052885083,0.8071763743864319,-0.24118529864458005,0.06855566095986779
2024-10-29 10:00:00,0.03484831259927933,0.07268297640105437,0.16700664450228622,-0.15004601240671953,0.050695841551055575
2024-10-29 10:15:00,-0.7026547762381342,-0.013994858810140965,1.207282455564023,-0.6968817298338827,-0.4315192824868741
2024-10-29 10:30:00,0.12424262639775369,-0.534061870077313,-0.0730570042042684,0.03223256006900157,-0.020743436084193264
2024-10-29 10:45:00,-0.9708377176335573,-0.27402836444372697,-1.0333115990304869,1.125903994923328,-0.8422951288895549
2024-10-29 11:00:00,-0.2556832072457624,-0.7074175404997036,-0.23309943667530483,1.4904611398747702,-0.11004253312825431
2024-10-29 11:15:00,-0.8590948253854643,-0.3607061996549223,0.006964212031249799,1.4904611398747702,-0.4672389213044985
2024-10-29 11:30:00,-0.657957619338897,-0.8807732109220944,-0.47316308538185947,0.7613468499718858,-0.6636969348014328
2024-10-29 11:45:00,-0.8143976684862272,-0.27402836444372697,0.006964212031249799,0.8524861362097464,-0.5386781989397473
2024-10-29 12:00:00,-0.00984884429995786,-0.7940953757108989,-0.0730570042042684,0.5790682774961649,-0.0743228943106299
2024-10-29 12:15:00,0.012499734149660732,-0.6207397052885083,-0.47316308538185947,1.4904611398747702,0.06855566095986779
2024-10-29 12:30:00,-0.9484891391839387,-0.7074175404997036,-0.6332055178528959,1.0347647086854674,-0.8422951288895549
2024-10-29 12:45:00,-0.5238661486411854,-0.18735052923253165,-0.8732691665594505,0.5790682774961649,-0.5386781989397473
2024-10-29 13:00:00,-0.23333462879614378,-0.6207397052885083,1.6073885367416139,0.12337184630686211,0.06855566095986779
2024-10-29 13:15:00,-1.0602320314320317,-0.6207397052885083,0.16700664450228622,0.21451113254472265,-0.8958745871159915
2024-10-29 13:30:00,-0.9708377176335573,0.07268297640105437,0.32704907697332264,0.3056504187825832,-0.6279772959838084
2024-10-29 13:45:00,-0.1439403149976694,0.5060721524570311,0.40707029320884086,0.39678970502044375,0.15785475800392884
2024-10-29 14:00:00,-0.05454600119919504,0.3327164820346404,-0.7932479503239322,-0.5146031573581616,-0.252921088398752
2024-10-29 14:15:00,0.012499734149660732,-0.7940953757108989,0.9672188068574683,-0.6057424435960223,-0.056463074901817685
2024-10-29 14:30:00,0.21363694019622806,-0.7074175404997036,-0.7932479503239322,-0.3323245848824406,-0.21720144958112758
2024-10-29 14:45:00,0.5935627738397441,-0.44738403486611766,1.7674309692126502,0.5790682774961649,0.8901073537652294
2024-10-29 15:00:00,-0.5685633055404227,0.15936081161224971,0.24702786073780442,0.8524861362097464,-0.19934163017231535
2024-10-29 15:15:00,-0.5909118839900412,-0.8807732109220944,-0.39314186914634125,0.03223256006900157,-0.7351362124366817
2024-10-29 15:30:00,-0.5015175701915668,-0.1006726940213363,0.24702786073780442,0.12337184630686211,-0.342220185442813
2024-10-29 15:45:00,1.3981115980260135,1.1994948341465936,0.9672188068574683,-0.6057424435960223,1.46162157484722
2024-10-29 16:00:00,1.8897803239176225,1.026139163724203,1.3673248880350592,-0.6057424435960223,1.9081170600675255
2024-10-29 16:15:00,0.9511400290336416,-0.534061870077313,1.9274734016836867,-0.058906726168858975,1.0687055478533516
2024-10-29 16:30:00,1.0181857643824974,0.4193943172458357,2.167537050390241,-0.058906726168858975,1.372322477803159
2024-10-29 16:45:00,1.0405343428321159,1.026139163724203,2.087515834154723,-0.24118529864458005,1.46162157484722
2024-10-29 17:00:00,1.6662945394214366,-0.18735052923253165,2.007494617919205,-0.058906726168858975,1.7295188659794032
2024-10-29 17:15:00,1.7556888532199109,0.07268297640105437,0.16700664450228622,-0.42346387112030115,1.372322477803159
2024-10-29 17:30:00,1.3757630195763948,0.4193943172458357,0.8871975906219501,-0.15004601240671953,1.3544626583943469
2024-10-29 17:45:00,0.7723514014366928,-0.3607061996549223,0.006964212031249799,-0.6968817298338827,0.40789222972729977
2024-10-29 18:00:00,1.6215973825221994,-0.27402836444372697,0.24702786073780442,0.12337184630686211,1.3187430195767225
2024-10-29 18:15:00,0.9511400290336416,-0.18735052923253165,0.6471339419153954,-0.24118529864458005,0.8186680761299806
2024-10-29 18:30:00,0.3700769893435582,-0.3607061996549223,0.487091509444359,-0.6057424435960223,0.21143421623036546
2024-10-29 18:45:00,0.928791450584023,0.5927499876682264,-0.5531843016173776,-0.15004601240671953,0.7115091596771074
2024-10-29 19:00:00,0.16893978329699086,-0.9674510461332897,-0.23309943667530483,1.2170432811611887,0.12213511918630442
2024-10-29 19:15:00,-0.2556832072457624,-0.7074175404997036,0.006964212031249799,1.3993218536369096,-0.0743228943106299
2024-10-29 19:30:00,0.05719689104889791,-0.18735052923253165,0.5671127256798772,-0.5146031573581616,0.03283602214224337
2024-10-29 19:45:00,0.1018940479481351,-0.27402836444372697,0.006964212031249799,0.5790682774961649,0.13999493859511664
2024-10-29 20:00:00,-0.166288893447288,0.6794278228794217,0.32704907697332264,-0.24118529864458005,0.03283602214224337
2024-10-29 20:15:00,0.7500028229870742,-0.013994858810140965,0.006964212031249799,-0.24118529864458005,0.5507707849977974
2024-10-29 20:30:00,0.7723514014366928,0.15936081161224971,0.24702786073780442,0.8524861362097464,0.8722475343564172
2024-10-29 20:45:00,0.05719689104889791,0.15936081161224971,0.24702786073780442,0.12337184630686211,0.15785475800392884
2024-10-29 21:00:00,0.9064428721344044,-0.1006726940213363,0.32704907697332264,0.7613468499718858,0.9258269925828538
2024-10-29 21:15:00,0.3924255677931768,0.07268297640105437,-0.313120652910823,1.3993218536369096,0.5329109655889852
2024-10-29 21:30:00,0.012499734149660732,0.15936081161224971,-0.39314186914634125,0.48792899125830425,0.050695841551055575
2024-10-29 21:45:00,-1.3284149728274548,-0.9674510461332897,-0.8732691665594505,0.9436254224476069,-1.270930794701048
2024-10-29 22:00:00,-1.2166720805793618,-1.054128881344485,-1.0333115990304869,0.7613468499718858,-1.270930794701048
2024-10-29 22:15:00,-1.2166720805793618,-0.8807732109220944,-0.9532903827949687,0.9436254224476069,-1.181631697656987
2024-10-29 22:30:00,-1.2837178159282177,-0.8807732109220944,-0.9532903827949687,0.8524861362097464,-1.2530709752922358
2024-10-29 22:45:00,-1.1719749236801247,-0.8807732109220944,-0.9532903827949687,0.39678970502044375,-1.2530709752922358
2024-10-29 23:00:00,-1.3060663943778361,-0.9674510461332897,-0.9532903827949687,0.12337184630686211,-1.4316691693803578
2024-10-29 23:15:00,-1.3060663943778361,-0.8807732109220944,-0.9532903827949687,1.4904611398747702,-1.1459120588393625
2024-10-29 23:30:00,-1.3507635512770733,-0.8807732109220944,-1.0333115990304869,0.5790682774961649,-1.3780897111539212
2024-10-29 23:45:00,-1.2390206590289803,-0.8807732109220944,-1.0333115990304869,1.9461575710640728,-1.020893322977677
2024-10-30 00:00:00,-1.149626345230506,-0.8807732109220944,-1.0333115990304869,1.308182567399049,-1.0744727812041137
2024-10-30 00:15:00,-1.1943235021297431,-0.9674510461332897,-1.0333115990304869,1.7638789985883518,-1.0387531423864893
2024-10-30 00:30:00,-1.3060663943778361,-0.9674510461332897,-1.0333115990304869,0.7613468499718858,-1.3245102529274846
2024-10-30 00:45:00,-1.1272777667808875,-1.054128881344485,-0.9532903827949687,0.8524861362097464,-1.1637718782481747
2024-10-30 01:00:00,-1.1943235021297431,-0.8807732109220944,-0.9532903827949687,1.125903994923328,-1.1280522394305503
2024-10-30 01:15:00,-1.1272777667808875,-1.054128881344485,-0.8732691665594505,0.21451113254472265,-1.270930794701048
2024-10-30 01:30:00,-1.1943235021297431,-0.9674510461332897,-1.0333115990304869,1.5816004261126306,-1.0744727812041137
2024-10-30 01:45:00,-1.261369237478599,-0.9674510461332897,-0.9532903827949687,0.6702075637340253,-1.2887906141098602
2024-10-30 02:00:00,-1.3060663943778361,-0.8807732109220944,-0.9532903827949687,1.8550182848262124,-1.0744727812041137
2024-10-30 02:15:00,-1.1719749236801247,-0.8807732109220944,-1.0333115990304869,1.9461575710640728,-0.9673138647512404
2024-10-30 02:30:00,-1.149626345230506,-0.9674510461332897,-0.9532903827949687,0.7613468499718858,-1.181631697656987
2024-10-30 02:45:00,-1.261369237478599,-1.054128881344485,-0.8732691665594505,0.48792899125830425,-1.3245102529274846
2024-10-30 03:00:00,-1.1719749236801247,-1.054128881344485,-1.0333115990304869,1.7638789985883518,-1.0387531423864893
2024-10-30 03:15:00,-1.1272777667808875,-0.8807732109220944,-1.0333115990304869,1.2170432811611887,-1.0744727812041137
2024-10-30 03:30:00,-1.3284149728274548,-1.054128881344485,-0.8732691665594505,0.48792899125830425,-1.3780897111539212
2024-10-30 03:45:00,-1.3060663943778361,-1.054128881344485,-0.8732691665594505,1.125903994923328,-1.2352111558834236
2024-10-30 04:00:00,0.4147741462427954,-0.3607061996549223,-0.8732691665594505,-0.6057424435960223,-0.056463074901817685
2024-10-30 04:15:00,0.12424262639775369,-1.054128881344485,-0.7132267340884141,0.39678970502044375,-0.19934163017231535
2024-10-30 04:30:00,0.325379832444321,-0.3607061996549223,-0.7132267340884141,0.21451113254472265,0.06855566095986779
2024-10-30 04:45:00,0.25833409709546523,-0.18735052923253165,-0.47316308538185947,0.7613468499718858,0.21143421623036546
2024-10-30 05:00:00,0.45947130314203255,-0.27402836444372697,-0.9532903827949687,0.9436254224476069,0.2828734938656143
2024-10-30 05:15:00,0.12424262639775369,-1.054128881344485,-0.6332055178528959,-0.058906726168858975,-0.2707809078075642
2024-10-30 05:30:00,0.2806826755450838,-0.534061870077313,-0.8732691665594505,-0.6968817298338827,-0.21720144958112758
2024-10-30 05:45:00,0.3700769893435582,0.8527834933018124,-0.23309943667530483,-0.8791603023096038,0.2471538550479899
2024-10-30 06:00:00,1.085231499731353,0.15936081161224971,0.24702786073780442,-0.5146031573581616,0.854387714947605
2024-10-30 06:15:00,1.1075800781809717,0.8527834933018124,0.8071763743864319,-0.5146031573581616,1.1401448254886004
2024-10-30 06:30:00,0.3477284108939396,0.5060721524570311,-0.0730570042042684,-0.6968817298338827,0.22929403563917766
2024-10-30 06:45:00,1.7780374316695295,-0.18735052923253165,0.8071763743864319,-0.5146031573581616,1.46162157484722
2024-10-30 07:00:00,0.4147741462427954,0.766105658090617,0.08698542826676801,-0.5146031573581616,0.40789222972729977
2024-10-30 07:15:00,0.9734886074832602,1.286172669357789,0.006964212031249799,-0.42346387112030115,0.9615466314004782
2024-10-30 07:30:00,0.8393971367855486,0.9394613285130077,-0.23309943667530483,-0.8791603023096038,0.6400698820418586
2024-10-30 07:45:00,1.465157333374869,1.286172669357789,0.5671127256798772,-0.8791603023096038,1.3901822972119713
2024-10-30 08:00:00,1.0628829212817346,1.4595283397801795,-0.0730570042042684,-0.3323245848824406,1.0687055478533516
2024-10-30 08:15:00,1.3757630195763948,0.5060721524570311,0.5671127256798772,-1.061438874785325,1.1222850060797882
2024-10-30 08:30:00,1.3310658626771577,1.026139163724203,0.32704907697332264,-0.9702995885474643,1.1580046448974126
2024-10-30 08:45:00,0.5041684600412697,1.3728505045689845,0.9672188068574683,-0.9702995885474643,0.7115091596771074
2024-10-30 09:00:00,-0.2556832072457624,-0.3607061996549223,-0.23309943667530483,-0.3323245848824406,-0.3957996436692497
2024-10-30 09:15:00,0.2806826755450838,0.24603864682344503,0.487091509444359,-0.42346387112030115,0.30073331327442654
2024-10-30 09:30:00,-0.5909118839900412,-0.1006726940213363,0.24702786073780442,-0.24118529864458005,-0.4850987407133107
2024-10-30 09:45:00,-0.21098605034652518,-0.27402836444372697,1.0472400230929866,0.12337184630686211,0.03283602214224337
2024-10-30 10:00:00,-0.7473519331373714,-0.18735052923253165,0.487091509444359,-0.058906726168858975,-0.5386781989397473
2024-10-30 10:15:00,0.1018940479481351,-0.6207397052885083,0.40707029320884086,-1.061438874785325,-0.16362199135469094
2024-10-30 10:30:00,-0.23333462879614378,-0.18735052923253165,1.3673248880350592,-0.3323245848824406,0.014976202733431157
2024-10-30 10:45:00,0.012499734149660732,-0.6207397052885083,-0.5531843016173776,0.6702075637340253,-0.11004253312825431
2024-10-30 11:00:00,-0.8814434038350829,-0.534061870077313,-0.9532903827949687,1.0347647086854674,-0.8244353094807427
2024-10-30 11:15:00,-0.3450775210442367,-0.9674510461332897,0.006964212031249799,0.9436254224476069,-0.2886407272163764
2024-10-30 11:30:00,-0.3003803641449995,-0.44738403486611766,-0.9532903827949687,0.6702075637340253,-0.4136594630780619
2024-10-30 11:45:00,-0.9484891391839387,-0.3607061996549223,0.006964212031249799,1.3993218536369096,-0.5565380183485595
2024-10-30 12:00:00,-0.1439403149976694,-0.27402836444372697,-0.1530782204397866,0.8524861362097464,-0.03860325549300547
2024-10-30 12:15:00,-0.5015175701915668,-0.9674510461332897,-0.5531843016173776,0.5790682774961649,-0.6101174765749962
2024-10-30 12:30:00,-0.9931862960831759,-0.3607061996549223,-0.7132267340884141,1.2170432811611887,-0.7887156706631183
2024-10-30 12:45:00,-0.9484891391839387,-0.44738403486611766,-0.313120652910823,1.125903994923328,-0.6994165736190572
2024-10-30 13:00:00,-0.32272894259461815,-0.7940953757108989,-0.47316308538185947,-0.15004601240671953,-0.5565380183485595
2024-10-30 13:15:00,0.4147741462427954,-1.054128881344485,1.3673248880350592,0.03223256006900157,0.425752049136112
2024-10-30 13:30:00,-1.0825806098816502,0.5927499876682264,-0.7932479503239322,-0.7880210160717432,-1.0744727812041137
2024-10-30 13:45:00,0.30303125399470243,-0.27402836444372697,0.487091509444359,-0.6968817298338827,0.15785475800392884
2024-10-30 14:00:00,0.012499734149660732,0.5927499876682264,1.287303671799541,0.12337184630686211,0.4436118685449242
2024-10-30 14:15:00,-1.3284149728274548,-0.013994858810140965,1.287303671799541,0.5790682774961649,-0.6636969348014328
2024-10-30 14:30:00,-0.09924315809843222,-0.44738403486611766,0.9672188068574683,0.21451113254472265,0.08641548036867999
2024-10-30 14:45:00,0.05719689104889791,-0.013994858810140965,-0.6332055178528959,-0.6968817298338827,-0.2350612689899398
2024-10-30 15:00:00,-0.9484891391839387,0.07268297640105437,1.207282455564023,0.7613468499718858,-0.3243603660340008
2024-10-30 15:15:00,-0.9708377176335573,0.5060721524570311,0.16700664450228622,0.21451113254472265,-0.592257657166184
2024-10-30 15:30:00,-0.6132604624396598,0.07268297640105437,0.006964212031249799,-0.6968817298338827,-0.6101174765749962
2024-10-30 15:45:00,1.800386010119148,0.15936081161224971,-0.1530782204397866,-0.15004601240671953,1.4080421166207835
2024-10-30 16:00:00,1.2863687057779205,0.07268297640105437,1.4473461042705773,-0.24118529864458005,1.3187430195767225
2024-10-30 16:15:00,1.4875059118244878,1.286172669357789,1.6073885367416139,0.03223256006900157,1.8188179630234644
2024-10-30 16:30:00,1.532203068723725,0.4193943172458357,0.006964212031249799,0.12337184630686211,1.3366028389855347
2024-10-30 16:45:00,1.6215973825221994,-0.44738403486611766,2.167537050390241,-0.6968817298338827,1.5509206718912811
2024-10-30 17:00:00,0.7723514014366928,1.1994948341465936,0.32704907697332264,0.03223256006900157,0.943686811991666
2024-10-30 17:15:00,1.1522772350802089,-0.013994858810140965,1.8474521854481685,-0.3323245848824406,1.2651635613502858
2024-10-30 17:30:00,1.7109916963206737,-0.534061870077313,1.207282455564023,-0.3323245848824406,1.46162157484722
2024-10-30 17:45:00,1.8674317454680038,1.026139163724203,1.8474521854481685,-0.6057424435960223,1.9974161571115865
2024-10-30 18:00:00,0.9958371859328787,0.15936081161224971,1.7674309692126502,-0.6968817298338827,1.0865653672621638
2024-10-30 18:15:00,0.8840942936847858,-0.6207397052885083,0.5671127256798772,-0.5146031573581616,0.604350243224234
2024-10-30 18:30:00,0.5712141953901255,-0.7074175404997036,0.006964212031249799,-0.6968817298338827,0.17571457741274105
2024-10-30 18:45:00,0.9064428721344044,-0.7074175404997036,-0.5531843016173776,-0.3323245848824406,0.39003241031848757
2024-10-30 19:00:00,0.3924255677931768,-0.7940953757108989,-0.1530782204397866,1.125903994923328,0.33645295209205095
2024-10-30 19:15:00,-0.18863747189690658,-1.054128881344485,-0.23309943667530483,0.9436254224476069,-0.2350612689899398
2024-10-30 19:30:00,-0.2556832072457624,0.24603864682344503,0.40707029320884086,0.3056504187825832,-0.0028836166753810535
2024-10-30 19:45:00,0.012499734149660732,-0.27402836444372697,0.40707029320884086,1.2170432811611887,0.2828734938656143
2024-10-30 20:00:00,-0.27803178569538095,-0.534061870077313,-0.39314186914634125,0.7613468499718858,-0.2707809078075642
2024-10-30 20:15:00,0.9511400290336416,0.5060721524570311,0.24702786073780442,1.0347647086854674,1.1222850060797882
2024-10-30 20:30:00,0.5712141953901255,0.24603864682344503,0.08698542826676801,0.8524861362097464,0.6936493402682952
2024-10-30 20:45:00,0.928791450584023,0.4193943172458357,-0.6332055178528959,0.12337184630686211,0.7115091596771074
2024-10-30 21:00:00,0.3924255677931768,-0.27402836444372697,0.487091509444359,-0.42346387112030115,0.2828734938656143
2024-10-30 21:15:00,0.5041684600412697,-0.534061870077313,-0.5531843016173776,-0.3323245848824406,0.10427529977749221
2024-10-30 21:30:00,0.9958371859328787,-0.9674510461332897,0.32704907697332264,0.39678970502044375,0.7472287984947318
2024-10-30 21:45:00,-1.3060663943778361,-0.8807732109220944,-0.8732691665594505,0.7613468499718858,-1.270930794701048
2024-10-30 22:00:00,-1.2390206590289803,-0.8807732109220944,-0.9532903827949687,0.3056504187825832,-1.3245102529274846
2024-10-30 22:15:00,-1.2166720805793618,-0.9674510461332897,-0.9532903827949687,0.48792899125830425,-1.2887906141098602
2024-10-30 22:30:00,-1.3284149728274548,-0.9674510461332897,-1.0333115990304869,0.5790682774961649,-1.3780897111539212
2024-10-30 22:45:00,-1.2166720805793618,-0.9674510461332897,-0.8732691665594505,0.21451113254472265,-1.3245102529274846
2024-10-30 23:00:00,-1.1943235021297431,-0.9674510461332897,-1.0333115990304869,1.5816004261126306,-1.0744727812041137
2024-10-30 23:15:00,-1.261369237478599,-0.9674510461332897,-1.0333115990304869,1.125903994923328,-1.2173513364746114
2024-10-30 23:30:00,-1.1272777667808875,-1.054128881344485,-1.0333115990304869,1.7638789985883518,-1.003033503568865
2024-10-30 23:45:00,-1.3507635512770733,-1.054128881344485,-0.9532903827949687,0.21451113254472265,-1.4673888081979822
2024-10-31 00:00:00,-1.2390206590289803,-1.054128881344485,-0.8732691665594505,0.7613468499718858,-1.2530709752922358
2024-10-31 00:15:00,-1.1719749236801247,-0.8807732109220944,-0.8732691665594505,0.8524861362097464,-1.1459120588393625
2024-10-31 00:30:00,-1.2390206590289803,-1.054128881344485,-0.9532903827949687,0.21451113254472265,-1.3780897111539212
2024-10-31 00:45:00,-1.1719749236801247,-0.8807732109220944,-0.9532903827949687,1.2170432811611887,-1.092332600612926
2024-10-31 01:00:00,-1.1719749236801247,-0.9674510461332897,-0.8732691665594505,1.125903994923328,-1.1101924200217381
2024-10-31 01:15:00,-1.2390206590289803,-0.8807732109220944,-1.0333115990304869,1.6727397123504912,-1.0744727812041137
2024-10-31 01:30:00,-1.3507635512770733,-0.8807732109220944,-0.8732691665594505,1.3993218536369096,-1.181631697656987
2024-10-31 01:45:00,-1.149626345230506,-1.054128881344485,-0.9532903827949687,0.21451113254472265,-1.3066504335186724
2024-10-31 02:00:00,-1.2390206590289803,-0.9674510461332897,-0.8732691665594505,1.8550182848262124,-1.020893322977677
2024-10-31 02:15:00,-1.261369237478599,-1.054128881344485,-0.8732691665594505,1.9461575710640728,-1.0387531423864893
2024-10-31 02:30:00,-1.149626345230506,-1.054128881344485,-1.0333115990304869,1.125903994923328,-1.1459120588393625
2024-10-31 02:45:00,-1.3507635512770733,-0.8807732109220944,-0.9532903827949687,0.9436254224476069,-1.2887906141098602
2024-10-31 03:00:00,-1.2390206590289803,-0.8807732109220944,-1.0333115990304869,0.3056504187825832,-1.3423700723362968
2024-10-31 03:15:00,-1.2390206590289803,-0.8807732109220944,-0.8732691665594505,1.3993218536369096,-1.092332600612926
2024-10-31 03:30:00,-1.1943235021297431,-0.8807732109220944,-0.8732691665594505,0.9436254224476069,-1.1459120588393625
2024-10-31 03:45:00,-1.3060663943778361,-0.8807732109220944,-0.9532903827949687,1.2170432811611887,-1.1994915170657992
2024-10-31 04:00:00,0.1018940479481351,-0.6207397052885083,-0.6332055178528959,0.9436254224476069,-0.0028836166753810535
2024-10-31 04:15:00,0.03484831259927933,-0.6207397052885083,-0.5531843016173776,0.03223256006900157,-0.21720144958112758
2024-10-31 04:30:00,-0.3003803641449995,-0.534061870077313,-0.6332055178528959,-0.42346387112030115,-0.5743978377573717
2024-10-31 04:45:00,-0.1439403149976694,-1.054128881344485,-0.7132267340884141,0.7613468499718858,-0.342220185442813
2024-10-31 05:00:00,0.012499734149660732,-0.9674510461332897,-0.5531843016173776,0.03223256006900157,-0.3065005466251886
2024-10-31 05:15:00,-0.07689457964881363,-0.534061870077313,-0.7932479503239322,-0.058906726168858975,-0.3600800048516252
2024-10-31 05:30:00,0.1465912048473723,-0.44738403486611766,-0.6332055178528959,-0.42346387112030115,-0.19934163017231535
2024-10-31 05:45:00,0.548865616940507,-0.18735052923253165,0.08698542826676801,-0.8791603023096038,0.2471538550479899
2024-10-31 06:00:00,0.45947130314203255,0.8527834933018124,-0.23309943667530483,-0.6057424435960223,0.37217259090967536
2024-10-31 06:15:00,1.3310658626771577,1.1128169989353984,0.7271551581509137,-1.243717447261046,1.2115841031238492
2024-10-31 06:30:00,0.3477284108939396,1.4595283397801795,0.8871975906219501,-0.3323245848824406,0.7115091596771074
2024-10-31 06:45:00,1.8897803239176225,0.24603864682344503,0.7271551581509137,-0.6057424435960223,1.6045001301177177
2024-10-31 07:00:00,0.7276542445374556,0.24603864682344503,-0.1530782204397866,-0.3323245848824406,0.5329109655889852
2024-10-31 07:15:00,1.196974391979446,1.026139163724203,0.6471339419153954,-0.8791603023096038,1.1401448254886004
2024-10-31 07:30:00,0.8617457152351672,0.9394613285130077,0.16700664450228622,-1.1525781610231856,0.6936493402682952
2024-10-31 07:45:00,0.3477284108939396,0.24603864682344503,0.5671127256798772,-0.6968817298338827,0.31859313268323874
2024-10-31 08:00:00,0.548865616940507,1.1994948341465936,0.9672188068574683,-1.061438874785325,0.6936493402682952
2024-10-31 08:15:00,0.6159113522893627,1.1994948341465936,0.487091509444359,-1.1525781610231856,0.6222100626330462
2024-10-31 08:30:00,0.9958371859328787,1.1128169989353984,0.006964212031249799,-0.8791603023096038,0.854387714947605
2024-10-31 08:45:00,1.3310658626771577,0.3327164820346404,0.16700664450228622,-0.7880210160717432,1.015126089626915
2024-10-31 09:00:00,-0.4121232563930925,-0.18735052923253165,-0.313120652910823,-0.8791603023096038,-0.6101174765749962
2024-10-31 09:15:00,-0.09924315809843222,0.15936081161224971,0.40707029320884086,-0.42346387112030115,-0.03860325549300547
2024-10-31 09:30:00,-0.3897746779434739,-0.3607061996549223,0.08698542826676801,-0.9702995885474643,-0.5565380183485595
2024-10-31 09:45:00,-0.5238661486411854,-0.013994858810140965,-0.5531843016173776,-0.15004601240671953,-0.5743978377573717
2024-10-31 10:00:00,-0.657957619338897,-0.44738403486611766,1.1272612393285046,-0.9702995885474643,-0.5565380183485595
2024-10-31 10:15:00,-0.7920490900366085,-0.18735052923253165,1.207282455564023,-1.243717447261046,-0.6458371153926206
2024-10-31 10:30:00,0.23598551864584666,0.24603864682344503,0.08698542826676801,0.12337184630686211,0.2828734938656143
2024-10-31 10:45:00,-0.47916899174194827,-0.44738403486611766,-0.5531843016173776,1.0347647086854674,-0.3957996436692497
2024-10-31 11:00:00,-0.7920490900366085,-0.9674510461332897,-0.0730570042042684,0.9436254224476069,-0.6636969348014328
2024-10-31 11:15:00,-0.21098605034652518,-0.44738403486611766,-0.47316308538185947,1.3993218536369096,-0.0921827137194421
2024-10-31 11:30:00,0.03484831259927933,-0.7940953757108989,-0.6332055178528959,1.4904611398747702,0.014976202733431157
2024-10-31 11:45:00,-0.23333462879614378,-0.3607061996549223,-0.8732691665594505,1.0347647086854674,-0.252921088398752
2024-10-31 12:00:00,-0.3003803641449995,-0.18735052923253165,0.006964212031249799,1.4904611398747702,0.014976202733431157
2024-10-31 12:15:00,-0.8367462469358458,-0.7074175404997036,-1.0333115990304869,1.4904611398747702,-0.7529960318454939
2024-10-31 12:30:00,0.0795454694985165,-1.054128881344485,0.006964212031249799,0.5790682774961649,-0.03860325549300547
2024-10-31 12:45:00,-0.5238661486411854,-0.27402836444372697,-0.6332055178528959,0.5790682774961649,-0.5029585601221229
2024-10-31 13:00:00,0.6606085091885999,-0.7940953757108989,-0.8732691665594505,0.7613468499718858,0.31859313268323874
2024-10-31 13:15:00,-0.4568204132923297,0.07268297640105437,1.6073885367416139,0.7613468499718858,0.15785475800392884
2024-10-31 13:30:00,0.0795454694985165,-0.6207397052885083,-0.8732691665594505,-0.3323245848824406,-0.3243603660340008
2024-10-31 13:45:00,0.437122724692414,0.5927499876682264,-0.8732691665594505,0.8524861362097464,0.4436118685449242
2024-10-31 14:00:00,0.4818198815916512,0.24603864682344503,-0.5531843016173776,0.7613468499718858,0.4614716879537364
2024-10-31 14:15:00,0.7723514014366928,0.07268297640105437,-0.47316308538185947,-0.15004601240671953,0.4971913267713608
2024-10-31 14:30:00,-1.3507635512770733,0.5927499876682264,-0.7932479503239322,-0.7880210160717432,-1.2887906141098602
2024-10-31 14:45:00,-0.3450775210442367,0.07268297640105437,-0.0730570042042684,-0.15004601240671953,-0.3065005466251886
2024-10-31 15:00:00,-0.03219742274957645,-0.7940953757108989,0.32704907697332264,-0.6968817298338827,-0.252921088398752
2024-10-31 15:15:00,0.7053056660878371,-0.8807732109220944,-0.6332055178528959,-0.058906726168858975,0.22929403563917766
2024-10-31 15:30:00,0.7053056660878371,-0.3607061996549223,1.3673248880350592,0.7613468499718858,0.943686811991666
2024-10-31 15:45:00,0.7946999798863115,0.07268297640105437,1.4473461042705773,0.03223256006900157,0.9794064508092905
2024-10-31 16:00:00,1.6439459609718179,1.4595283397801795,1.687409752977132,-0.7880210160717432,1.8366777824322766
2024-10-31 16:15:00,1.6439459609718179,0.5060721524570311,2.087515834154723,-0.15004601240671953,1.8545376018410888
2024-10-31 16:30:00,0.8840942936847858,-0.013994858810140965,2.087515834154723,-0.42346387112030115,1.0865653672621638
2024-10-31 16:45:00,0.7946999798863115,1.1994948341465936,0.9672188068574683,-0.058906726168858975,1.0865653672621638
2024-10-31 17:00:00,0.9734886074832602,1.1128169989353984,1.8474521854481685,-0.6968817298338827,1.283023380759098
2024-10-31 17:15:00,1.5545516471733436,0.5927499876682264,0.006964212031249799,-0.24118529864458005,1.3187430195767225
2024-10-31 17:30:00,1.1746258135298275,0.5060721524570311,0.08698542826676801,0.03223256006900157,1.0687055478533516
2024-10-31 17:45:00,0.81704855833593,1.4595283397801795,1.8474521854481685,-0.058906726168858975,1.3544626583943469
2024-10-31 18:00:00,1.576900225622962,1.1128169989353984,1.4473461042705773,-0.058906726168858975,1.8009581436146522
2024-10-31 18:15:00,1.0405343428321159,0.8527834933018124,1.0472400230929866,-0.5146031573581616,1.1401448254886004
2024-10-31 18:30:00,0.8840942936847858,0.4193943172458357,0.24702786073780442,-0.24118529864458005,0.8008082567211684
2024-10-31 18:45:00,-0.18863747189690658,-0.013994858810140965,-0.0730570042042684,1.4904611398747702,0.12213511918630442
2024-10-31 19:00:00,-0.3003803641449995,0.5927499876682264,0.08698542826676801,1.3993218536369096,0.17571457741274105
2024-10-31 19:15:00,0.03484831259927933,-0.534061870077313,-0.1530782204397866,-0.15004601240671953,-0.14576217194587873
2024-10-31 19:30:00,-0.03219742274957645,-0.534061870077313,-0.0730570042042684,1.2170432811611887,0.08641548036867999
2024-10-31 19:45:00,0.928791450584023,-0.534061870077313,-0.0730570042042684,1.2170432811611887,0.854387714947605
2024-10-31 20:00:00,0.4818198815916512,-0.44738403486611766,-0.6332055178528959,-0.6968817298338827,0.014976202733431157
2024-10-31 20:15:00,0.12424262639775369,-0.3607061996549223,0.006964212031249799,0.8524861362097464,0.19357439682155325
2024-10-31 20:30:00,0.5712141953901255,-0.534061870077313,-0.47316308538185947,1.4904611398747702,0.5329109655889852
2024-10-31 20:45:00,0.3700769893435582,-0.7940953757108989,0.24702786073780442,0.48792899125830425,0.2828734938656143
2024-10-31 21:00:00,0.7276542445374556,0.3327164820346404,-0.39314186914634125,1.125903994923328,0.7829484373123562
2024-10-31 21:15:00,0.4147741462427954,-0.6207397052885083,-0.5531843016173776,1.4904611398747702,0.37217259090967536
2024-10-31 21:30:00,0.7276542445374556,0.5060721524570311,-0.39314186914634125,-0.058906726168858975,0.5864904238154218
2024-10-31 21:45:00,-1.3507635512770733,-0.9674510461332897,-0.9532903827949687,0.8524861362097464,-1.3245102529274846
2024-10-31 22:00:00,-1.3284149728274548,-0.8807732109220944,-1.0333115990304869,1.125903994923328,-1.2530709752922358
2024-10-31 22:15:00,-1.3060663943778361,-0.9674510461332897,-1.0333115990304869,1.125903994923328,-1.2530709752922358
2024-10-31 22:30:00,-1.2166720805793618,-0.9674510461332897,-1.0333115990304869,1.0347647086854674,-1.1994915170657992
2024-10-31 22:45:00,-1.1943235021297431,-0.9674510461332897,-0.8732691665594505,0.6702075637340253,-1.2173513364746114
2024-10-31 23:00:00,-1.2166720805793618,-1.054128881344485,-1.0333115990304869,1.3993218536369096,-1.1459120588393625
2024-10-31 23:15:00,-1.3284149728274548,-0.8807732109220944,-0.9532903827949687,0.9436254224476069,-1.270930794701048
2024-10-31 23:30:00,-1.3284149728274548,-1.054128881344485,-1.0333115990304869,1.5816004261126306,-1.1994915170657992
2024-10-31 23:45:00,-1.261369237478599,-0.9674510461332897,-0.9532903827949687,1.7638789985883518,-1.0744727812041137
2024-11-01 00:00:00,-1.1719749236801247,-0.8807732109220944,-1.0333115990304869,1.0347647086854674,-1.1459120588393625
2024-11-01 00:15:00,-1.2166720805793618,-0.9674510461332897,-0.9532903827949687,1.8550182848262124,-1.020893322977677
2024-11-01 00:30:00,-1.1272777667808875,-1.054128881344485,-0.9532903827949687,1.3993218536369096,-1.0566129617953015
2024-11-01 00:45:00,-1.1719749236801247,-0.9674510461332897,-1.0333115990304869,1.6727397123504912,-1.0387531423864893
2024-11-01 01:00:00,-1.1719749236801247,-1.054128881344485,-1.0333115990304869,1.2170432811611887,-1.1459120588393625
2024-11-01 01:15:00,-1.3507635512770733,-0.9674510461332897,-0.9532903827949687,0.7613468499718858,-1.3423700723362968
2024-11-01 01:30:00,-1.1719749236801247,-0.9674510461332897,-0.8732691665594505,0.7613468499718858,-1.181631697656987
2024-11-01 01:45:00,-1.1272777667808875,-0.9674510461332897,-1.0333115990304869,0.7613468499718858,-1.181631697656987
2024-11-01 02:00:00,-1.2390206590289803,-0.9674510461332897,-1.0333115990304869,0.3056504187825832,-1.360229891745109
2024-11-01 02:15:00,-1.1272777667808875,-0.8807732109220944,-0.8732691665594505,1.8550182848262124,-0.9137344065248038
2024-11-01 02:30:00,-1.3060663943778361,-0.8807732109220944,-0.8732691665594505,1.0347647086854674,-1.2173513364746114
2024-11-01 02:45:00,-1.3507635512770733,-1.054128881344485,-1.0333115990304869,1.4904611398747702,-1.2352111558834236
2024-11-01 03:00:00,-1.1272777667808875,-0.9674510461332897,-0.9532903827949687,1.6727397123504912,-0.9851736841600526
2024-11-01 03:15:00,-1.3507635512770733,-1.054128881344485,-0.9532903827949687,0.3056504187825832,-1.44952898878917
2024-11-01 03:30:00,-1.3060663943778361,-0.8807732109220944,-0.9532903827949687,0.39678970502044375,-1.360229891745109
2024-11-01 03:45:00,-1.1272777667808875,-0.9674510461332897,-1.0333115990304869,0.8524861362097464,-1.1637718782481747
2024-11-01 04:00:00,0.5041684600412697,-0.9674510461332897,-0.7932479503239322,-0.15004601240671953,-0.0028836166753810535
2024-11-01 04:15:00,0.1018940479481351,-0.3607061996549223,-0.5531843016173776,-0.5146031573581616,-0.21720144958112758
2024-11-01 04:30:00,0.12424262639775369,-0.7074175404997036,-0.6332055178528959,0.39678970502044375,-0.11004253312825431
2024-11-01 04:45:00,0.1465912048473723,-0.27402836444372697,-0.9532903827949687,0.6702075637340253,-0.020743436084193264
2024-11-01 05:00:00,-0.1439403149976694,-0.8807732109220944,-1.0333115990304869,-0.6057424435960223,-0.6458371153926206
2024-11-01 05:15:00,-0.3003803641449995,-0.44738403486611766,-1.0333115990304869,-0.5146031573581616,-0.6636969348014328
2024-11-01 05:30:00,-0.2556832072457624,-0.44738403486611766,-0.8732691665594505,1.0347647086854674,-0.2886407272163764
2024-11-01 05:45:00,0.3700769893435582,1.546206174991375,0.6471339419153954,-0.7880210160717432,0.604350243224234
2024-11-01 06:00:00,1.308717284227539,1.286172669357789,0.9672188068574683,-0.3323245848824406,1.46162157484722
2024-11-01 06:15:00,1.7333402747702922,0.8527834933018124,0.6471339419153954,-1.243717447261046,1.46162157484722
2024-11-01 06:30:00,0.928791450584023,0.766105658090617,0.16700664450228622,-0.6968817298338827,0.8008082567211684
2024-11-01 06:45:00,0.6606085091885999,1.546206174991375,0.8871975906219501,-1.1525781610231856,0.8186680761299806
2024-11-01 07:00:00,0.9064428721344044,1.4595283397801795,0.8071763743864319,-0.6968817298338827,1.0687055478533516
2024-11-01 07:15:00,1.7780374316695295,0.8527834933018124,0.8871975906219501,-0.42346387112030115,1.711659046570591
2024-11-01 07:30:00,1.0181857643824974,0.4193943172458357,0.16700664450228622,-0.6057424435960223,0.8186680761299806
2024-11-01 07:45:00,1.7109916963206737,0.07268297640105437,0.08698542826676801,-1.1525781610231856,1.1758644643062248
2024-11-01 08:00:00,1.0405343428321159,0.8527834933018124,0.32704907697332264,-0.3323245848824406,1.015126089626915
2024-11-01 08:15:00,1.532203068723725,1.286172669357789,0.487091509444359,-0.9702995885474643,1.4080421166207835
2024-11-01 08:30:00,0.45947130314203255,0.24603864682344503,0.8071763743864319,-1.1525781610231856,0.37217259090967536
2024-11-01 08:45:00,0.8393971367855486,0.5927499876682264,0.16700664450228622,-0.8791603023096038,0.6579297014506708
2024-11-01 09:00:00,-0.23333462879614378,-0.1006726940213363,0.9672188068574683,-0.42346387112030115,-0.0743228943106299
2024-11-01 09:15:00,-0.07689457964881363,-0.3607061996549223,0.6471339419153954,-0.7880210160717432,-0.14576217194587873
2024-11-01 09:30:00,-0.5462147270908041,-0.3607061996549223,-0.6332055178528959,-0.15004601240671953,-0.681556754210245
2024-11-01 09:45:00,-0.166288893447288,-0.18735052923253165,0.08698542826676801,-1.061438874785325,-0.3600800048516252
2024-11-01 10:00:00,0.2806826755450838,0.15936081161224971,0.006964212031249799,-1.061438874785325,0.050695841551055575
2024-11-01 10:15:00,-0.3674260994938553,-0.013994858810140965,0.006964212031249799,-0.6057424435960223,-0.4136594630780619
2024-11-01 10:30:00,-0.05454600119919504,-0.18735052923253165,-0.23309943667530483,0.12337184630686211,-0.11004253312825431
2024-11-01 10:45:00,-0.4568204132923297,-1.054128881344485,-0.0730570042042684,1.0347647086854674,-0.3957996436692497
2024-11-01 11:00:00,0.0795454694985165,-0.44738403486611766,-0.5531843016173776,0.7613468499718858,-0.0028836166753810535
2024-11-01 11:15:00,-0.3450775210442367,-0.534061870077313,-0.23309943667530483,1.4904611398747702,-0.14576217194587873
2024-11-01 11:30:00,0.012499734149660732,-0.534061870077313,-0.0730570042042684,0.5790682774961649,-0.0028836166753810535
2024-11-01 11:45:00,-0.4121232563930925,-0.18735052923253165,-0.8732691665594505,1.3993218536369096,-0.2886407272163764
2024-11-01 12:00:00,-0.09924315809843222,-0.8807732109220944,-0.313120652910823,0.7613468499718858,-0.18148181076350314
2024-11-01 12:15:00,-0.18863747189690658,-0.18735052923253165,-1.0333115990304869,0.7613468499718858,-0.2707809078075642
2024-11-01 12:30:00,-0.8814434038350829,-0.7940953757108989,-0.7932479503239322,0.9436254224476069,-0.8601549482983671
2024-11-01 12:45:00,-0.7920490900366085,-0.7074175404997036,-0.8732691665594505,1.2170432811611887,-0.7351362124366817
2024-11-01 13:00:00,-1.261369237478599,0.07268297640105437,-0.8732691665594505,0.03223256006900157,-1.181631697656987
2024-11-01 13:15:00,-0.4344718348427111,-0.18735052923253165,1.687409752977132,0.21451113254472265,0.03283602214224337
2024-11-01 13:30:00,-1.2166720805793618,0.3327164820346404,1.207282455564023,0.39678970502044375,-0.5565380183485595
2024-11-01 13:45:00,0.6829570876382185,-0.9674510461332897,-0.6332055178528959,0.5790682774961649,0.31859313268323874
2024-11-01 14:00:00,-0.8143976684862272,-0.013994858810140965,0.40707029320884086,-0.058906726168858975,-0.5743978377573717
2024-11-01 14:15:00,-0.3450775210442367,-0.3607061996549223,1.687409752977132,0.6702075637340253,0.15785475800392884
2024-11-01 14:30:00,0.437122724692414,-0.44738403486611766,-0.6332055178528959,0.12337184630686211,0.13999493859511664
2024-11-01 14:45:00,0.25833409709546523,-0.013994858810140965,0.7271551581509137,0.39678970502044375,0.4436118685449242
2024-11-01 15:00:00,-1.1049291883312689,-0.7074175404997036,-0.8732691665594505,-0.42346387112030115,-1.3066504335186724
2024-11-01 15:15:00,-0.6132604624396598,0.4193943172458357,-0.6332055178528959,-0.42346387112030115,-0.6279772959838084
2024-11-01 15:30:00,-1.2166720805793618,-0.18735052923253165,0.8071763743864319,-0.15004601240671953,-0.8601549482983671
2024-11-01 15:45:00,1.196974391979446,0.5060721524570311,0.32704907697332264,-0.42346387112030115,1.0508457284445394
2024-11-01 16:00:00,1.0181857643824974,-0.3607061996549223,1.9274734016836867,-0.7880210160717432,1.015126089626915
2024-11-01 16:15:00,1.1746258135298275,-0.18735052923253165,0.006964212031249799,-0.24118529864458005,0.854387714947605
2024-11-01 16:30:00,1.196974391979446,0.07268297640105437,1.207282455564023,-0.5146031573581616,1.1401448254886004
2024-11-01 16:45:00,1.7556888532199109,0.5060721524570311,1.207282455564023,-0.5146031573581616,1.6759394077529666
2024-11-01 17:00:00,1.5098544902741065,1.4595283397801795,0.08698542826676801,-0.6968817298338827,1.3901822972119713
2024-11-01 17:15:00,1.532203068723725,-0.6207397052885083,0.6471339419153954,-0.3323245848824406,1.1758644643062248
2024-11-01 17:30:00,1.6662945394214366,0.6794278228794217,1.1272612393285046,-0.5146031573581616,1.62235994952653
2024-11-01 17:45:00,1.1299286566305904,1.286172669357789,1.687409752977132,0.12337184630686211,1.5687804913000933
2024-11-01 18:00:00,1.2416715488786834,0.24603864682344503,0.487091509444359,0.12337184630686211,1.1758644643062248
2024-11-01 18:15:00,1.2863687057779205,1.546206174991375,1.5273673205060956,-0.6057424435960223,1.5687804913000933
2024-11-01 18:30:00,-0.07689457964881363,-1.054128881344485,0.487091509444359,1.3993218536369096,0.10427529977749221
2024-11-01 18:45:00,0.5712141953901255,0.4193943172458357,0.08698542826676801,-0.3323245848824406,0.4971913267713608
2024-11-01 19:00:00,0.928791450584023,0.6794278228794217,0.5671127256798772,0.03223256006900157,1.015126089626915
2024-11-01 19:15:00,0.21363694019622806,0.15936081161224971,-0.6332055178528959,1.4904611398747702,0.35431277150086316
2024-11-01 19:30:00,0.6829570876382185,-0.7940953757108989,-0.23309943667530483,1.308182567399049,0.5864904238154218
2024-11-01 19:45:00,0.012499734149660732,-0.8807732109220944,-0.1530782204397866,0.48792899125830425,-0.11004253312825431
2024-11-01 20:00:00,0.5265170384908884,0.24603864682344503,0.006964212031249799,1.125903994923328,0.6936493402682952
2024-11-01 20:15:00,0.0795454694985165,0.07268297640105437,-0.47316308538185947,0.3056504187825832,0.03283602214224337
2024-11-01 20:30:00,0.9734886074832602,0.3327164820346404,0.487091509444359,-0.5146031573581616,0.854387714947605
2024-11-01 20:45:00,-0.2556832072457624,-1.054128881344485,0.5671127256798772,-0.6968817298338827,-0.4315192824868741
2024-11-01 21:00:00,0.30303125399470243,-1.054128881344485,-0.39314186914634125,0.5790682774961649,0.050695841551055575
2024-11-01 21:15:00,0.2806826755450838,0.4193943172458357,0.5671127256798772,-0.6968817298338827,0.30073331327442654
2024-11-01 21:30:00,0.6159113522893627,-1.054128881344485,-0.23309943667530483,-0.058906726168858975,0.21143421623036546
2024-11-01 21:45:00,-1.261369237478599,-0.9674510461332897,-0.9532903827949687,1.5816004261126306,-1.1101924200217381
2024-11-01 22:00:00,-1.1719749236801247,-1.054128881344485,-1.0333115990304869,0.9436254224476069,-1.1994915170657992
2024-11-01 22:15:00,-1.1719749236801247,-0.8807732109220944,-0.9532903827949687,0.8524861362097464,-1.1637718782481747
2024-11-01 22:30:00,-1.149626345230506,-1.054128881344485,-1.0333115990304869,1.9461575710640728,-0.9851736841600526
2024-11-01 22:45:00,-1.2166720805793618,-0.9674510461332897,-0.9532903827949687,1.4904611398747702,-1.092332600612926
2024-11-01 23:00:00,-1.2166720805793618,-0.8807732109220944,-0.9532903827949687,1.7638789985883518,-1.020893322977677
2024-11-01 23:15:00,-1.1272777667808875,-0.9674510461332897,-0.8732691665594505,1.4904611398747702,-1.003033503568865
2024-11-01 23:30:00,-1.3060663943778361,-0.9674510461332897,-1.0333115990304869,1.7638789985883518,-1.1280522394305503
2024-11-01 23:45:00,-1.2390206590289803,-1.054128881344485,-1.0333115990304869,1.2170432811611887,-1.1994915170657992
2024-11-02 00:00:00,-1.3284149728274548,-0.8807732109220944,-0.9532903827949687,1.4904611398747702,-1.1637718782481747
2024-11-02 00:15:00,-1.1719749236801247,-0.8807732109220944,-0.9532903827949687,1.308182567399049,-1.0744727812041137
2024-11-02 00:30:00,-1.2837178159282177,-1.054128881344485,-1.0333115990304869,1.8550182848262124,-1.1101924200217381
2024-11-02 00:45:00,-1.261369237478599,-1.054128881344485,-1.0333115990304869,1.4904611398747702,-1.1637718782481747
2024-11-02 01:00:00,-1.3284149728274548,-0.8807732109220944,-0.8732691665594505,1.4904611398747702,-1.1459120588393625
2024-11-02 01:15:00,-1.1719749236801247,-0.8807732109220944,-0.9532903827949687,0.5790682774961649,-1.2173513364746114
2024-11-02 01:30:00,-1.1943235021297431,-1.054128881344485,-1.0333115990304869,1.308182567399049,-1.1459120588393625
2024-11-02 01:45:00,-1.1943235021297431,-0.9674510461332897,-0.9532903827949687,1.308182567399049,-1.1101924200217381
2024-11-02 02:00:00,-1.2166720805793618,-0.8807732109220944,-1.0333115990304869,0.12337184630686211,-1.360229891745109
2024-11-02 02:15:00,-1.2166720805793618,-0.8807732109220944,-0.8732691665594505,0.7613468499718858,-1.1994915170657992
2024-11-02 02:30:00,-1.261369237478599,-0.9674510461332897,-1.0333115990304869,0.6702075637340253,-1.3066504335186724
2024-11-02 02:45:00,-1.1943235021297431,-0.8807732109220944,-1.0333115990304869,1.308182567399049,-1.1101924200217381
2024-11-02 03:00:00,-1.2166720805793618,-1.054128881344485,-0.9532903827949687,1.9461575710640728,-1.020893322977677
2024-11-02 03:15:00,-1.2837178159282177,-0.8807732109220944,-0.8732691665594505,0.39678970502044375,-1.3245102529274846
2024-11-02 03:30:00,-1.3284149728274548,-0.8807732109220944,-0.9532903827949687,1.2170432811611887,-1.2173513364746114
2024-11-02 03:45:00,-1.2837178159282177,-0.9674510461332897,-0.8732691665594505,1.125903994923328,-1.1994915170657992
2024-11-02 04:00:00,-0.3450775210442367,-0.27402836444372697,-0.7132267340884141,-0.6057424435960223,-0.6101174765749962
2024-11-02 04:15:00,0.548865616940507,-1.054128881344485,-0.7132267340884141,0.21451113254472265,0.10427529977749221
2024-11-02 04:30:00,-0.32272894259461815,-0.44738403486611766,-0.6332055178528959,-0.6968817298338827,-0.6279772959838084
2024-11-02 04:45:00,0.3924255677931768,-1.054128881344485,-0.7132267340884141,-0.5146031573581616,-0.16362199135469094
2024-11-02 05:00:00,0.45947130314203255,-0.6207397052885083,-1.0333115990304869,0.21451113254472265,0.050695841551055575
2024-11-02 05:15:00,0.23598551864584666,-1.054128881344485,-0.7932479503239322,0.3056504187825832,-0.14576217194587873
2024-11-02 05:30:00,0.1465912048473723,-0.7074175404997036,-0.6332055178528959,-0.24118529864458005,-0.21720144958112758
2024-11-02 05:45:00,0.7946999798863115,0.6794278228794217,0.40707029320884086,-0.5146031573581616,0.765088617903544
2024-11-02 06:00:00,1.6439459609718179,0.07268297640105437,0.6471339419153954,-0.9702995885474643,1.283023380759098
2024-11-02 06:15:00,1.0628829212817346,1.286172669357789,-0.0730570042042684,-0.9702995885474643,0.9079671731740416
2024-11-02 06:30:00,1.3310658626771577,1.1994948341465936,-0.0730570042042684,-0.3323245848824406,1.2294439225326614
2024-11-02 06:45:00,1.4428087549252506,0.5060721524570311,0.32704907697332264,-0.5146031573581616,1.2294439225326614
2024-11-02 07:00:00,1.420460176475632,0.4193943172458357,0.6471339419153954,-1.243717447261046,1.1222850060797882
2024-11-02 07:15:00,0.8617457152351672,1.3728505045689845,-0.23309943667530483,-0.9702995885474643,0.7293689790859196
2024-11-02 07:30:00,0.437122724692414,1.286172669357789,0.6471339419153954,-0.5146031573581616,0.6579297014506708
2024-11-02 07:45:00,0.6606085091885999,-0.013994858810140965,0.9672188068574683,-0.3323245848824406,0.675789520859483
2024-11-02 08:00:00,0.8840942936847858,0.6794278228794217,-0.1530782204397866,-0.9702995885474643,0.6222100626330462
2024-11-02 08:15:00,1.420460176475632,1.286172669357789,0.6471339419153954,-0.8791603023096038,1.372322477803159
2024-11-02 08:30:00,1.2640201273283018,1.1994948341465936,0.6471339419153954,-0.7880210160717432,1.2473037419414736
2024-11-02 08:45:00,0.325379832444321,0.15936081161224971,0.7271551581509137,-1.1525781610231856,0.22929403563917766
2024-11-02 09:00:00,0.03484831259927933,-0.3607061996549223,0.9672188068574683,0.12337184630686211,0.19357439682155325
2024-11-02 09:15:00,0.19128836174660946,-0.44738403486611766,0.32704907697332264,-0.7880210160717432,-0.020743436084193264
2024-11-02 09:30:00,-0.7920490900366085,-0.3607061996549223,0.9672188068574683,-0.7880210160717432,-0.6458371153926206
2024-11-02 09:45:00,-0.166288893447288,-0.3607061996549223,0.8071763743864319,0.03223256006900157,-0.020743436084193264
2024-11-02 10:00:00,-0.18863747189690658,0.07268297640105437,-0.23309943667530483,-0.8791603023096038,-0.3600800048516252
2024-11-02 10:15:00,-0.23333462879614378,-0.013994858810140965,1.3673248880350592,-1.243717447261046,-0.12790235253706653
2024-11-02 10:30:00,-0.47916899174194827,-0.6207397052885083,-0.1530782204397866,-0.058906726168858975,-0.5565380183485595
2024-11-02 10:45:00,-0.1439403149976694,-0.6207397052885083,-0.23309943667530483,1.125903994923328,-0.0743228943106299
2024-11-02 11:00:00,-0.18863747189690658,-0.9674510461332897,-0.0730570042042684,0.8524861362097464,-0.19934163017231535
2024-11-02 11:15:00,0.03484831259927933,-0.534061870077313,-0.5531843016173776,0.9436254224476069,-0.020743436084193264
2024-11-02 11:30:00,-0.4344718348427111,-0.534061870077313,-0.1530782204397866,1.4904611398747702,-0.19934163017231535
2024-11-02 11:45:00,-0.5909118839900412,-0.6207397052885083,-0.23309943667530483,0.7613468499718858,-0.5029585601221229
2024-11-02 12:00:00,-0.5909118839900412,-0.3607061996549223,-0.6332055178528959,1.2170432811611887,-0.4493791018956863
2024-11-02 12:15:00,-1.0155348745327946,-0.7074175404997036,-0.313120652910823,1.125903994923328,-0.8065754900719305
2024-11-02 12:30:00,0.1018940479481351,-0.9674510461332897,-0.39314186914634125,0.5790682774961649,-0.0921827137194421
2024-11-02 12:45:00,-0.7697005115869899,-0.3607061996549223,0.006964212031249799,0.5790682774961649,-0.5743978377573717
2024-11-02 13:00:00,-1.2390206590289803,-0.7074175404997036,-0.7932479503239322,-0.058906726168858975,-1.3245102529274846
2024-11-02 13:15:00,-0.23333462879614378,-0.44738403486611766,0.8871975906219501,-0.3323245848824406,-0.14576217194587873
2024-11-02 13:30:00,0.1465912048473723,-0.013994858810140965,0.40707029320884086,0.39678970502044375,0.2828734938656143
2024-11-02 13:45:00,-0.6132604624396598,-0.44738403486611766,1.1272612393285046,-0.5146031573581616,-0.4315192824868741
2024-11-02 14:00:00,0.30303125399470243,-0.013994858810140965,0.7271551581509137,-0.42346387112030115,0.31859313268323874
2024-11-02 14:15:00,-0.5685633055404227,-0.27402836444372697,-0.5531843016173776,-0.7880210160717432,-0.7887156706631183
2024-11-02 14:30:00,-0.8367462469358458,-0.8807732109220944,-0.9532903827949687,-0.6968817298338827,-1.1994915170657992
2024-11-02 14:45:00,0.7500028229870742,-0.534061870077313,-0.23309943667530483,0.39678970502044375,0.515051146180173
2024-11-02 15:00:00,-0.47916899174194827,0.5927499876682264,1.207282455564023,0.6702075637340253,0.13999493859511664
2024-11-02 15:15:00,0.5712141953901255,-1.054128881344485,-0.1530782204397866,0.5790682774961649,0.31859313268323874
2024-11-02 15:30:00,-0.8367462469358458,0.24603864682344503,0.32704907697332264,0.12337184630686211,-0.5208183795309351
2024-11-02 15:45:00,1.0181857643824974,1.286172669357789,0.5671127256798772,0.12337184630686211,1.2294439225326614
2024-11-02 16:00:00,1.0628829212817346,-0.18735052923253165,1.6073885367416139,-0.7880210160717432,1.015126089626915
2024-11-02 16:15:00,1.196974391979446,1.286172669357789,0.32704907697332264,-0.15004601240671953,1.2651635613502858
2024-11-02 16:30:00,1.800386010119148,1.3728505045689845,-0.0730570042042684,-0.6968817298338827,1.5687804913000933
2024-11-02 16:45:00,1.3757630195763948,1.546206174991375,0.5671127256798772,-0.5146031573581616,1.443761755438408
2024-11-02 17:00:00,1.6215973825221994,-0.18735052923253165,-0.23309943667530483,0.12337184630686211,1.2294439225326614
2024-11-02 17:15:00,0.928791450584023,1.286172669357789,0.487091509444359,-0.058906726168858975,1.104425186670976
2024-11-02 17:30:00,0.81704855833593,0.15936081161224971,0.24702786073780442,0.12337184630686211,0.765088617903544
2024-11-02 17:45:00,1.3310658626771577,1.4595283397801795,-0.0730570042042684,-0.42346387112030115,1.2651635613502858
2024-11-02 18:00:00,1.0405343428321159,-0.013994858810140965,1.3673248880350592,-0.7880210160717432,0.9794064508092905
2024-11-02 18:15:00,1.2863687057779205,0.5927499876682264,0.08698542826676801,0.03223256006900157,1.1758644643062248
2024-11-02 18:30:00,0.9064428721344044,0.5927499876682264,-0.47316308538185947,-0.3323245848824406,0.675789520859483
2024-11-02 18:45:00,0.23598551864584666,0.3327164820346404,0.006964212031249799,0.12337184630686211,0.2828734938656143
2024-11-02 19:00:00,-0.00984884429995786,-0.6207397052885083,-0.5531843016173776,0.03223256006900157,-0.252921088398752
2024-11-02 19:15:00,-0.1439403149976694,0.5060721524570311,-0.39314186914634125,0.48792899125830425,-0.0028836166753810535
2024-11-02 19:30:00,0.7500028229870742,-1.054128881344485,-0.6332055178528959,1.0347647086854674,0.4436118685449242
2024-11-02 19:45:00,0.19128836174660946,-0.9674510461332897,-0.39314186914634125,0.5790682774961649,-0.020743436084193264
2024-11-02 20:00:00,0.8840942936847858,0.3327164820346404,0.16700664450228622,1.308182567399049,1.0687055478533516
2024-11-02 20:15:00,-0.18863747189690658,-0.3607061996549223,-0.1530782204397866,-0.24118529864458005,-0.3065005466251886
2024-11-02 20:30:00,0.7723514014366928,0.3327164820346404,0.006964212031249799,0.12337184630686211,0.7115091596771074
2024-11-02 20:45:00,0.5712141953901255,0.3327164820346404,0.24702786073780442,0.3056504187825832,0.6400698820418586
2024-11-02 21:00:00,0.12424262639775369,-0.7074175404997036,0.16700664450228622,1.3993218536369096,0.2650136744568021
2024-11-02 21:15:00,0.1018940479481351,-0.013994858810140965,0.487091509444359,-0.3323245848824406,0.12213511918630442
2024-11-02 21:30:00,0.05719689104889791,-1.054128881344485,-0.47316308538185947,-0.42346387112030115,-0.3600800048516252
2024-11-02 21:45:00,-1.1943235021297431,-0.9674510461332897,-0.9532903827949687,1.0347647086854674,-1.1637718782481747
2024-11-02 22:00:00,-1.149626345230506,-0.9674510461332897,-0.9532903827949687,1.4904611398747702,-1.0387531423864893
2024-11-02 22:15:00,-1.2837178159282177,-1.054128881344485,-0.9532903827949687,0.5790682774961649,-1.3423700723362968
2024-11-02 22:30:00,-1.3060663943778361,-0.8807732109220944,-0.8732691665594505,0.12337184630686211,-1.3959495305627334
2024-11-02 22:45:00,-1.2837178159282177,-1.054128881344485,-0.9532903827949687,1.0347647086854674,-1.2530709752922358
2024-11-02 23:00:00,-1.1719749236801247,-1.054128881344485,-0.9532903827949687,1.0347647086854674,-1.1637718782481747
2024-11-02 23:15:00,-1.1272777667808875,-0.9674510461332897,-0.8732691665594505,1.0347647086854674,-1.092332600612926
2024-11-02 23:30:00,-1.261369237478599,-0.9674510461332897,-0.9532903827949687,1.2170432811611887,-1.181631697656987
2024-11-02 23:45:00,-1.3507635512770733,-0.9674510461332897,-1.0333115990304869,1.5816004261126306,-1.1994915170657992
2024-11-03 00:00:00,-1.1719749236801247,-0.9674510461332897,-1.0333115990304869,1.6727397123504912,-1.0387531423864893
2024-11-03 00:15:00,-1.149626345230506,-1.054128881344485,-0.8732691665594505,1.0347647086854674,-1.1280522394305503
2024-11-03 00:30:00,-1.1719749236801247,-0.9674510461332897,-0.8732691665594505,0.6702075637340253,-1.1994915170657992
2024-11-03 00:45:00,-1.2837178159282177,-1.054128881344485,-0.9532903827949687,1.2170432811611887,-1.2173513364746114
2024-11-03 01:00:00,-1.2390206590289803,-1.054128881344485,-0.9532903827949687,1.6727397123504912,-1.092332600612926
2024-11-03 01:15:00,-1.1272777667808875,-0.9674510461332897,-1.0333115990304869,0.7613468499718858,-1.181631697656987
2024-11-03 01:30:00,-1.3060663943778361,-0.8807732109220944,-0.8732691665594505,1.9461575710640728,-1.0387531423864893
2024-11-03 01:45:00,-1.1943235021297431,-1.054128881344485,-1.0333115990304869,1.2170432811611887,-1.1637718782481747
2024-11-03 02:00:00,-1.149626345230506,-0.9674510461332897,-0.9532903827949687,0.21451113254472265,-1.2887906141098602
2024-11-03 02:15:00,-1.3507635512770733,-0.9674510461332897,-0.8732691665594505,1.0347647086854674,-1.270930794701048
2024-11-03 02:30:00,-1.2837178159282177,-0.9674510461332897,-1.0333115990304869,0.48792899125830425,-1.360229891745109
2024-11-03 02:45:00,-1.1272777667808875,-1.054128881344485,-1.0333115990304869,0.7613468499718858,-1.1994915170657992
2024-11-03 03:00:00,-1.149626345230506,-0.9674510461332897,-0.9532903827949687,0.6702075637340253,-1.1994915170657992
2024-11-03 03:15:00,-1.1943235021297431,-0.9674510461332897,-0.8732691665594505,1.5816004261126306,-1.0387531423864893
2024-11-03 03:30:00,-1.1719749236801247,-0.9674510461332897,-0.9532903827949687,0.5790682774961649,-1.2352111558834236
2024-11-03 03:45:00,-1.149626345230506,-0.8807732109220944,-1.0333115990304869,1.7638789985883518,-0.9851736841600526
2024-11-03 04:00:00,-0.5015175701915668,-0.3607061996549223,-1.0333115990304869,0.8524861362097464,-0.5386781989397473
2024-11-03 04:15:00,-0.8814434038350829,-0.9674510461332897,-0.8732691665594505,1.3993218536369096,-0.8244353094807427
2024-11-03 04:30:00,-0.3674260994938553,-0.9674510461332897,-0.6332055178528959,1.2170432811611887,-0.3957996436692497
2024-11-03 04:45:00,-0.00984884429995786,-0.27402836444372697,-0.8732691665594505,3.1309682921562603,0.35431277150086316
2024-11-03 05:00:00,-0.4344718348427111,-0.7074175404997036,-0.8732691665594505,3.6778040095834235,0.03283602214224337
2024-11-03 05:15:00,0.30303125399470243,-0.7074175404997036,-0.7932479503239322,0.6702075637340253,0.050695841551055575
2024-11-03 05:30:00,-0.7473519331373714,-0.27402836444372697,-0.7132267340884141,3.586664723345563,-0.11004253312825431
2024-11-03 05:45:00,-0.18863747189690658,-0.7940953757108989,-0.7932479503239322,1.7638789985883518,-0.14576217194587873
2024-11-03 06:00:00,0.16893978329699086,-0.7074175404997036,-1.0333115990304869,1.8550182848262124,0.12213511918630442
2024-11-03 06:15:00,-0.8143976684862272,-0.9674510461332897,-1.0333115990304869,1.8550182848262124,-0.7172763930278695
2024-11-03 06:30:00,0.30303125399470243,-0.18735052923253165,-0.9532903827949687,0.8524861362097464,0.15785475800392884
2024-11-03 06:45:00,-0.1439403149976694,-0.3607061996549223,-0.6332055178528959,2.3107147160155153,0.12213511918630442
2024-11-03 07:00:00,0.12424262639775369,-0.9674510461332897,-0.7132267340884141,2.3107147160155153,0.19357439682155325
2024-11-03 07:15:00,-0.3450775210442367,-0.18735052923253165,-0.8732691665594505,3.4043861508698416,0.15785475800392884
2024-11-03 07:30:00,-0.07689457964881363,-0.44738403486611766,-0.8732691665594505,1.4904611398747702,-0.056463074901817685
2024-11-03 07:45:00,0.1465912048473723,-1.054128881344485,-0.7132267340884141,0.7613468499718858,-0.11004253312825431
2024-11-03 08:00:00,-0.2556832072457624,-0.18735052923253165,-0.6332055178528959,1.3993218536369096,-0.11004253312825431
2024-11-03 08:15:00,-0.7697005115869899,-0.7940953757108989,-0.7932479503239322,0.6702075637340253,-0.8244353094807427
2024-11-03 08:30:00,0.1465912048473723,-0.534061870077313,-0.7132267340884141,1.5816004261126306,0.15785475800392884
2024-11-03 08:45:00,0.05719689104889791,-0.534061870077313,-0.9532903827949687,0.8524861362097464,-0.11004253312825431
2024-11-03 09:00:00,1.1299286566305904,1.8929175158361562,-0.6332055178528959,-1.061438874785325,0.943686811991666
2024-11-03 09:15:00,1.8674317454680038,2.1529510214697423,0.08698542826676801,-0.7880210160717432,1.8009581436146522
2024-11-03 09:30:00,1.7333402747702922,3.106407208792891,0.487091509444359,-1.243717447261046,1.8902572406587133
2024-11-03 09:45:00,1.7333402747702922,0.766105658090617,-0.5531843016173776,-1.1525781610231856,1.193724283715037
2024-11-03 10:00:00,0.7723514014366928,1.1994948341465936,0.08698542826676801,-1.1525781610231856,0.6579297014506708
2024-11-03 10:15:00,1.6439459609718179,1.546206174991375,0.006964212031249799,-0.7880210160717432,1.4794813942560323
2024-11-03 10:30:00,0.8393971367855486,0.9394613285130077,-0.5531843016173776,-1.061438874785325,0.5329109655889852
2024-11-03 10:45:00,1.576900225622962,2.2396288566809375,0.006964212031249799,-1.1525781610231856,1.4973412136648445
2024-11-03 11:00:00,0.7946999798863115,2.5863401975257188,0.006964212031249799,-1.1525781610231856,0.943686811991666
2024-11-03 11:15:00,1.7556888532199109,2.6730180327369144,0.006964212031249799,-0.9702995885474643,1.7652385047970278
2024-11-03 11:30:00,0.7946999798863115,1.8929175158361562,-0.0730570042042684,-1.061438874785325,0.8008082567211684
2024-11-03 11:45:00,0.9734886074832602,1.6328840102025703,-0.39314186914634125,-0.9702995885474643,0.8365278955387928
2024-11-03 12:00:00,1.3310658626771577,0.8527834933018124,0.40707029320884086,-0.9702995885474643,1.1401448254886004
2024-11-03 12:15:00,0.9511400290336416,1.3728505045689845,0.24702786073780442,-0.8791603023096038,0.9258269925828538
2024-11-03 12:30:00,1.8227345885687667,1.9795953510473516,0.487091509444359,-0.9702995885474643,1.78309832420584
2024-11-03 12:45:00,1.3981115980260135,3.193085044004086,-0.47316308538185947,-0.8791603023096038,1.4973412136648445
2024-11-03 13:00:00,1.4428087549252506,2.6730180327369144,0.16700664450228622,-1.1525781610231856,1.5152010330736567
2024-11-03 13:15:00,0.81704855833593,0.9394613285130077,-0.39314186914634125,-1.1525781610231856,0.5329109655889852
2024-11-03 13:30:00,1.0628829212817346,2.2396288566809375,0.32704907697332264,-0.7880210160717432,1.2294439225326614
2024-11-03 13:45:00,1.8227345885687667,2.2396288566809375,-0.6332055178528959,-0.9702995885474643,1.5866403107089055
2024-11-03 14:00:00,0.9734886074832602,1.546206174991375,-0.47316308538185947,-0.8791603023096038,0.8186680761299806
2024-11-03 14:15:00,1.2863687057779205,1.4595283397801795,0.24702786073780442,-0.7880210160717432,1.2294439225326614
2024-11-03 14:30:00,1.2416715488786834,2.4996623623145235,0.08698542826676801,-1.243717447261046,1.283023380759098
2024-11-03 14:45:00,1.576900225622962,2.9330515383705005,-0.313120652910823,-0.7880210160717432,1.6402197689353422
2024-11-03 15:00:00,-0.166288893447288,0.15936081161224971,0.08698542826676801,-0.3323245848824406,-0.14576217194587873
2024-11-03 15:15:00,-0.07689457964881363,-0.534061870077313,-0.47316308538185947,-0.6057424435960223,-0.3957996436692497
2024-11-03 15:30:00,-0.07689457964881363,-0.44738403486611766,-0.313120652910823,-1.061438874785325,-0.4315192824868741
2024-11-03 15:45:00,-0.23333462879614378,-0.534061870077313,-0.8732691665594505,-0.058906726168858975,-0.5029585601221229
2024-11-03 16:00:00,0.4818198815916512,0.24603864682344503,0.16700664450228622,-0.24118529864458005,0.425752049136112
2024-11-03 16:15:00,-0.07689457964881363,-0.6207397052885083,0.08698542826676801,-0.8791603023096038,-0.342220185442813
2024-11-03 16:30:00,0.3700769893435582,-0.6207397052885083,-0.6332055178528959,-1.243717447261046,-0.21720144958112758
2024-11-03 16:45:00,0.05719689104889791,-0.6207397052885083,-1.0333115990304869,-0.24118529864458005,-0.3600800048516252
2024-11-03 17:00:00,0.012499734149660732,-0.1006726940213363,-0.313120652910823,-1.243717447261046,-0.3243603660340008
2024-11-03 17:15:00,0.23598551864584666,0.15936081161224971,0.16700664450228622,-0.6968817298338827,0.12213511918630442
2024-11-03 17:30:00,0.5265170384908884,-0.3607061996549223,-0.7132267340884141,-0.3323245848824406,0.12213511918630442
2024-11-03 17:45:00,0.3477284108939396,0.07268297640105437,-1.0333115990304869,-0.42346387112030115,-0.020743436084193264
2024-11-03 18:00:00,-0.21098605034652518,-0.6207397052885083,-0.313120652910823,-0.15004601240671953,-0.3957996436692497
2024-11-03 18:15:00,-0.3003803641449995,-0.534061870077313,-0.6332055178528959,-1.1525781610231856,-0.7172763930278695
2024-11-03 18:30:00,0.325379832444321,-0.534061870077313,0.08698542826676801,-0.5146031573581616,0.06855566095986779
2024-11-03 18:45:00,0.3477284108939396,0.24603864682344503,-0.1530782204397866,0.12337184630686211,0.31859313268323874
2024-11-03 19:00:00,-0.6356090408892784,-0.8807732109220944,-0.7132267340884141,1.125903994923328,-0.6279772959838084
2024-11-03 19:15:00,-0.9261405607343202,-0.9674510461332897,-0.7932479503239322,1.4904611398747702,-0.8244353094807427
2024-11-03 19:30:00,-0.8814434038350829,-0.8807732109220944,-0.7132267340884141,1.4904611398747702,-0.7529960318454939
2024-11-03 19:45:00,-0.8367462469358458,-0.8807732109220944,-0.8732691665594505,2.0372968573019334,-0.6458371153926206
2024-11-03 20:00:00,-0.3674260994938553,-0.9674510461332897,-0.6332055178528959,1.3993218536369096,-0.3600800048516252
2024-11-03 20:15:00,-0.6132604624396598,-0.9674510461332897,-0.8732691665594505,1.9461575710640728,-0.5029585601221229
2024-11-03 20:30:00,-1.0155348745327946,-0.7940953757108989,-0.7132267340884141,1.9461575710640728,-0.7529960318454939
2024-11-03 20:45:00,-0.8367462469358458,-1.054128881344485,-0.7932479503239322,2.128436143539794,-0.6458371153926206
2024-11-03 21:00:00,-0.8590948253854643,-0.6207397052885083,-0.9532903827949687,0.5790682774961649,-0.9137344065248038
2024-11-03 21:15:00,-0.8367462469358458,-0.8807732109220944,-0.7132267340884141,2.3107147160155153,-0.5565380183485595
2024-11-03 21:30:00,-0.9931862960831759,-0.7074175404997036,-0.6332055178528959,1.125903994923328,-0.8601549482983671
2024-11-03 21:45:00,-1.3507635512770733,-0.9674510461332897,-0.8732691665594505,1.308182567399049,-1.2173513364746114
2024-11-03 22:00:00,-1.3060663943778361,-0.9674510461332897,-1.0333115990304869,0.3056504187825832,-1.4138093499715456
2024-11-03 22:15:00,-1.1719749236801247,-1.054128881344485,-0.8732691665594505,0.9436254224476069,-1.1637718782481747
2024-11-03 22:30:00,-1.1272777667808875,-1.054128881344485,-0.9532903827949687,0.8524861362097464,-1.1637718782481747
2024-11-03 22:45:00,-1.1272777667808875,-1.054128881344485,-0.9532903827949687,1.7638789985883518,-0.9851736841600526
2024-11-03 23:00:00,-1.1272777667808875,-1.054128881344485,-1.0333115990304869,1.3993218536369096,-1.0744727812041137
2024-11-03 23:15:00,-1.1719749236801247,-1.054128881344485,-0.9532903827949687,1.3993218536369096,-1.092332600612926
2024-11-03 23:30:00,-1.2166720805793618,-0.8807732109220944,-0.9532903827949687,0.9436254224476069,-1.181631697656987
2024-11-03 23:45:00,-1.1719749236801247,-0.9674510461332897,-0.8732691665594505,0.6702075637340253,-1.1994915170657992
2024-11-04 00:00:00,-1.1272777667808875,-1.054128881344485,-0.9532903827949687,0.21451113254472265,-1.2887906141098602
2024-11-04 00:15:00,-1.3284149728274548,-1.054128881344485,-0.8732691665594505,0.21451113254472265,-1.4316691693803578
2024-11-04 00:30:00,-1.1943235021297431,-1.054128881344485,-0.8732691665594505,1.6727397123504912,-1.0387531423864893
2024-11-04 00:45:00,-1.3284149728274548,-1.054128881344485,-0.8732691665594505,0.39678970502044375,-1.3959495305627334
2024-11-04 01:00:00,-1.1943235021297431,-0.8807732109220944,-1.0333115990304869,1.3993218536369096,-1.092332600612926
2024-11-04 01:15:00,-1.2837178159282177,-1.054128881344485,-0.9532903827949687,1.4904611398747702,-1.1637718782481747
2024-11-04 01:30:00,-1.3284149728274548,-0.8807732109220944,-1.0333115990304869,0.48792899125830425,-1.3780897111539212
2024-11-04 01:45:00,-1.149626345230506,-0.9674510461332897,-0.9532903827949687,1.4904611398747702,-1.0387531423864893
2024-11-04 02:00:00,-1.149626345230506,-1.054128881344485,-0.9532903827949687,0.7613468499718858,-1.1994915170657992
2024-11-04 02:15:00,-1.149626345230506,-0.9674510461332897,-0.9532903827949687,1.6727397123504912,-1.003033503568865
2024-11-04 02:30:00,-1.2166720805793618,-0.8807732109220944,-0.8732691665594505,1.308182567399049,-1.092332600612926
2024-11-04 02:45:00,-1.2837178159282177,-1.054128881344485,-0.9532903827949687,0.12337184630686211,-1.4316691693803578
2024-11-04 03:00:00,-1.261369237478599,-0.9674510461332897,-0.8732691665594505,0.7613468499718858,-1.2530709752922358
2024-11-04 03:15:00,-1.2837178159282177,-0.9674510461332897,-0.9532903827949687,0.7613468499718858,-1.2887906141098602
2024-11-04 03:30:00,-1.3284149728274548,-0.8807732109220944,-0.9532903827949687,1.0347647086854674,-1.2530709752922358
2024-11-04 03:45:00,-1.3060663943778361,-0.8807732109220944,-0.8732691665594505,0.7613468499718858,-1.270930794701048
2024-11-04 04:00:00,-0.3450775210442367,-0.6207397052885083,-0.7132267340884141,-0.24118529864458005,-0.6101174765749962
2024-11-04 04:15:00,-0.1439403149976694,-0.3607061996549223,-0.47316308538185947,-0.15004601240671953,-0.3243603660340008
2024-11-04 04:30:00,0.1018940479481351,-0.3607061996549223,-1.0333115990304869,0.48792899125830425,-0.12790235253706653
2024-11-04 04:45:00,-0.09924315809843222,-0.534061870077313,-0.6332055178528959,-0.6057424435960223,-0.4493791018956863
2024-11-04 05:00:00,0.03484831259927933,-0.7074175404997036,-0.7932479503239322,-0.24118529864458005,-0.342220185442813
2024-11-04 05:15:00,-0.05454600119919504,-0.44738403486611766,-1.0333115990304869,0.39678970502044375,-0.2886407272163764
2024-11-04 05:30:00,-0.27803178569538095,-0.9674510461332897,-0.9532903827949687,0.39678970502044375,-0.5565380183485595
2024-11-04 05:45:00,0.9064428721344044,0.8527834933018124,0.32704907697332264,-0.9702995885474643,0.7829484373123562
2024-11-04 06:00:00,1.085231499731353,0.5060721524570311,0.8871975906219501,-1.1525781610231856,0.943686811991666
2024-11-04 06:15:00,0.8393971367855486,0.15936081161224971,0.08698542826676801,-0.7880210160717432,0.5686306044066096
2024-11-04 06:30:00,1.1746258135298275,1.286172669357789,-0.23309943667530483,-0.6057424435960223,1.0329859090357272
2024-11-04 06:45:00,1.2193229704290647,-0.1006726940213363,-0.0730570042042684,-0.8791603023096038,0.765088617903544
2024-11-04 07:00:00,1.7556888532199109,0.8527834933018124,-0.0730570042042684,-0.7880210160717432,1.4080421166207835
2024-11-04 07:15:00,1.2863687057779205,0.6794278228794217,0.6471339419153954,-1.1525781610231856,1.0865653672621638
2024-11-04 07:30:00,0.5712141953901255,1.1994948341465936,-0.1530782204397866,-0.3323245848824406,0.604350243224234
2024-11-04 07:45:00,1.7333402747702922,1.1994948341465936,0.7271551581509137,-0.7880210160717432,1.6402197689353422
2024-11-04 08:00:00,1.2193229704290647,0.07268297640105437,-0.1530782204397866,-1.243717447261046,0.7115091596771074
2024-11-04 08:15:00,0.325379832444321,0.07268297640105437,-0.1530782204397866,-1.243717447261046,-0.0028836166753810535
2024-11-04 08:30:00,1.2863687057779205,1.546206174991375,0.006964212031249799,-0.6057424435960223,1.2294439225326614
2024-11-04 08:45:00,1.7333402747702922,1.1128169989353984,0.08698542826676801,-0.6057424435960223,1.5152010330736567
2024-11-04 09:00:00,-0.5909118839900412,-0.6207397052885083,0.32704907697332264,-0.42346387112030115,-0.6101174765749962
2024-11-04 09:15:00,0.16893978329699086,-0.013994858810140965,0.9672188068574683,-0.24118529864458005,0.30073331327442654
2024-11-04 09:30:00,0.21363694019622806,0.15936081161224971,0.8871975906219501,-0.058906726168858975,0.39003241031848757
2024-11-04 09:45:00,-0.6132604624396598,0.24603864682344503,-0.5531843016173776,-1.1525781610231856,-0.7887156706631183
2024-11-04 10:00:00,0.012499734149660732,-0.534061870077313,-0.47316308538185947,-0.24118529864458005,-0.252921088398752
2024-11-04 10:15:00,-0.4568204132923297,0.15936081161224971,0.40707029320884086,-0.42346387112030115,-0.3243603660340008
2024-11-04 10:30:00,0.25833409709546523,-0.1006726940213363,0.006964212031249799,-1.1525781610231856,-0.03860325549300547
2024-11-04 10:45:00,-0.166288893447288,-0.44738403486611766,-0.8732691665594505,0.5790682774961649,-0.3065005466251886
2024-11-04 11:00:00,-0.09924315809843222,-0.3607061996549223,-0.47316308538185947,1.3993218536369096,0.014976202733431157
2024-11-04 11:15:00,-0.4344718348427111,-0.8807732109220944,-1.0333115990304869,0.5790682774961649,-0.6458371153926206
2024-11-04 11:30:00,-0.23333462879614378,-0.7940953757108989,-0.7132267340884141,0.5790682774961649,-0.3957996436692497
2024-11-04 11:45:00,-0.657957619338897,-0.3607061996549223,-0.7932479503239322,0.9436254224476069,-0.592257657166184
2024-11-04 12:00:00,-0.3003803641449995,-0.9674510461332897,-0.39314186914634125,0.9436254224476069,-0.342220185442813
2024-11-04 12:15:00,-0.7473519331373714,-0.6207397052885083,-0.7132267340884141,0.6702075637340253,-0.7529960318454939
2024-11-04 12:30:00,-0.6132604624396598,-0.6207397052885083,-0.47316308538185947,0.7613468499718858,-0.5743978377573717
2024-11-04 12:45:00,-0.9261405607343202,-0.8807732109220944,-0.0730570042042684,1.2170432811611887,-0.6994165736190572
2024-11-04 13:00:00,0.548865616940507,0.24603864682344503,0.8871975906219501,0.9436254224476069,0.8722475343564172
2024-11-04 13:15:00,-1.0825806098816502,-0.7074175404997036,-0.7132267340884141,-0.6968817298338827,-1.3066504335186724
2024-11-04 13:30:00,0.437122724692414,-0.6207397052885083,-0.9532903827949687,0.6702075637340253,0.13999493859511664
2024-11-04 13:45:00,-0.7026547762381342,0.4193943172458357,0.487091509444359,0.12337184630686211,-0.342220185442813
2024-11-04 14:00:00,-0.23333462879614378,0.3327164820346404,0.32704907697332264,-0.24118529864458005,-0.0921827137194421
2024-11-04 14:15:00,-0.9037919822847015,-0.7940953757108989,1.207282455564023,-0.15004601240671953,-0.6458371153926206
2024-11-04 14:30:00,-0.03219742274957645,0.07268297640105437,-0.313120652910823,-0.6057424435960223,-0.19934163017231535
2024-11-04 14:45:00,-0.1439403149976694,0.15936081161224971,0.8871975906219501,0.21451113254472265,0.15785475800392884
2024-11-04 15:00:00,-1.2166720805793618,-0.7940953757108989,-0.8732691665594505,-0.42346387112030115,-1.4138093499715456
2024-11-04 15:15:00,0.5041684600412697,-0.7940953757108989,1.4473461042705773,0.39678970502044375,0.6400698820418586
2024-11-04 15:30:00,0.7723514014366928,0.5927499876682264,0.8071763743864319,0.3056504187825832,0.9794064508092905
2024-11-04 15:45:00,1.7556888532199109,0.3327164820346404,0.9672188068574683,-0.058906726168858975,1.6759394077529666
2024-11-04 16:00:00,1.1299286566305904,0.9394613285130077,1.9274734016836867,-0.6968817298338827,1.3901822972119713
2024-11-04 16:15:00,1.085231499731353,-0.534061870077313,2.007494617919205,-0.6968817298338827,1.0687055478533516
2024-11-04 16:30:00,1.4428087549252506,-0.18735052923253165,0.487091509444359,-0.7880210160717432,1.0687055478533516
2024-11-04 16:45:00,1.7556888532199109,0.5927499876682264,0.40707029320884086,-0.3323245848824406,1.5509206718912811
2024-11-04 17:00:00,1.196974391979446,0.07268297640105437,2.007494617919205,-0.058906726168858975,1.4080421166207835
2024-11-04 17:15:00,1.465157333374869,-0.534061870077313,0.32704907697332264,-0.6057424435960223,1.015126089626915
2024-11-04 17:30:00,1.2863687057779205,0.5060721524570311,0.40707029320884086,-0.6057424435960223,1.104425186670976
2024-11-04 17:45:00,1.8227345885687667,0.15936081161224971,1.5273673205060956,-0.7880210160717432,1.6759394077529666
2024-11-04 18:00:00,1.085231499731353,1.286172669357789,1.5273673205060956,-0.7880210160717432,1.3187430195767225
2024-11-04 18:15:00,1.0628829212817346,1.286172669357789,1.7674309692126502,-0.7880210160717432,1.3544626583943469
2024-11-04 18:30:00,0.7276542445374556,-0.3607061996549223,-0.313120652910823,-0.42346387112030115,0.35431277150086316
2024-11-04 18:45:00,0.23598551864584666,-0.7940953757108989,-0.39314186914634125,-0.5146031573581616,-0.16362199135469094
2024-11-04 19:00:00,0.9511400290336416,-0.3607061996549223,-0.5531843016173776,0.21451113254472265,0.604350243224234
2024-11-04 19:15:00,-0.05454600119919504,-0.1006726940213363,-0.6332055178528959,0.6702075637340253,-0.0743228943106299
2024-11-04 19:30:00,0.1465912048473723,0.6794278228794217,-0.6332055178528959,-0.058906726168858975,0.10427529977749221
2024-11-04 19:45:00,0.325379832444321,-1.054128881344485,-0.0730570042042684,-0.5146031573581616,-0.0743228943106299
2024-11-04 20:00:00,-0.1439403149976694,-0.44738403486611766,0.08698542826676801,-0.24118529864458005,-0.2350612689899398
2024-11-04 20:15:00,0.7500028229870742,-0.013994858810140965,0.08698542826676801,1.3993218536369096,0.8901073537652294
2024-11-04 20:30:00,-0.00984884429995786,0.3327164820346404,-0.313120652910823,-0.42346387112030115,-0.0921827137194421
2024-11-04 20:45:00,0.3477284108939396,0.5060721524570311,0.24702786073780442,1.308182567399049,0.6936493402682952
2024-11-04 21:00:00,0.8393971367855486,0.15936081161224971,-0.1530782204397866,-0.6968817298338827,0.5329109655889852
2024-11-04 21:15:00,0.3477284108939396,0.5060721524570311,-0.6332055178528959,-0.15004601240671953,0.21143421623036546
2024-11-04 21:30:00,-0.3003803641449995,-0.27402836444372697,-0.6332055178528959,1.3993218536369096,-0.16362199135469094
2024-11-04 21:45:00,-1.3284149728274548,-1.054128881344485,-0.8732691665594505,1.9461575710640728,-1.092332600612926
2024-11-04 22:00:00,-1.3284149728274548,-0.8807732109220944,-1.0333115990304869,1.9461575710640728,-1.092332600612926
2024-11-04 22:15:00,-1.261369237478599,-0.9674510461332897,-1.0333115990304869,0.3056504187825832,-1.3780897111539212
2024-11-04 22:30:00,-1.2166720805793618,-0.9674510461332897,-1.0333115990304869,0.6702075637340253,-1.270930794701048
2024-11-04 22:45:00,-1.149626345230506,-0.8807732109220944,-0.9532903827949687,1.8550182848262124,-0.9494540453424282
2024-11-04 23:00:00,-1.3060663943778361,-0.9674510461332897,-0.9532903827949687,1.0347647086854674,-1.2530709752922358
2024-11-04 23:15:00,-1.2837178159282177,-0.8807732109220944,-0.8732691665594505,1.4904611398747702,-1.1101924200217381
2024-11-04 23:30:00,-1.3507635512770733,-0.8807732109220944,-0.8732691665594505,1.308182567399049,-1.1994915170657992
2024-11-04 23:45:00,-1.3284149728274548,-0.9674510461332897,-0.8732691665594505,0.39678970502044375,-1.3780897111539212
2024-11-05 00:00:00,-1.1272777667808875,-1.054128881344485,-0.8732691665594505,1.2170432811611887,-1.0744727812041137
2024-11-05 00:15:00,-1.1272777667808875,-1.054128881344485,-0.8732691665594505,0.9436254224476069,-1.1280522394305503
2024-11-05 00:30:00,-1.3060663943778361,-0.8807732109220944,-0.8732691665594505,1.308182567399049,-1.1637718782481747
2024-11-05 00:45:00,-1.149626345230506,-0.8807732109220944,-1.0333115990304869,1.308182567399049,-1.0744727812041137
2024-11-05 01:00:00,-1.3284149728274548,-0.9674510461332897,-0.9532903827949687,1.7638789985883518,-1.1280522394305503
2024-11-05 01:15:00,-1.2166720805793618,-1.054128881344485,-1.0333115990304869,0.6702075637340253,-1.2887906141098602
2024-11-05 01:30:00,-1.3284149728274548,-0.8807732109220944,-0.9532903827949687,1.3993218536369096,-1.181631697656987
2024-11-05 01:45:00,-1.3060663943778361,-1.054128881344485,-0.8732691665594505,0.3056504187825832,-1.3959495305627334
2024-11-05 02:00:00,-1.1719749236801247,-0.8807732109220944,-1.0333115990304869,0.48792899125830425,-1.2530709752922358
2024-11-05 02:15:00,-1.3507635512770733,-0.8807732109220944,-0.9532903827949687,1.308182567399049,-1.2173513364746114
2024-11-05 02:30:00,-1.2390206590289803,-1.054128881344485,-0.9532903827949687,1.9461575710640728,-1.0387531423864893
2024-11-05 02:45:00,-1.1943235021297431,-0.9674510461332897,-0.8732691665594505,0.6702075637340253,-1.2173513364746114
2024-11-05 03:00:00,-1.2837178159282177,-1.054128881344485,-1.0333115990304869,0.8524861362097464,-1.3066504335186724
2024-11-05 03:15:00,-1.3060663943778361,-1.054128881344485,-0.8732691665594505,1.5816004261126306,-1.1459120588393625
2024-11-05 03:30:00,-1.149626345230506,-1.054128881344485,-1.0333115990304869,1.2170432811611887,-1.1280522394305503
2024-11-05 03:45:00,-1.149626345230506,-0.8807732109220944,-0.8732691665594505,1.8550182848262124,-0.931594225933616
2024-11-05 04:00:00,-0.18863747189690658,-0.534061870077313,-0.9532903827949687,1.0347647086854674,-0.2707809078075642
2024-11-05 04:15:00,-0.03219742274957645,-0.7074175404997036,-0.47316308538185947,-0.3323245848824406,-0.342220185442813
2024-11-05 04:30:00,0.325379832444321,-0.27402836444372697,-0.47316308538185947,0.9436254224476069,0.2828734938656143
2024-11-05 04:45:00,0.325379832444321,-0.8807732109220944,-0.8732691665594505,-0.058906726168858975,-0.12790235253706653
2024-11-05 05:00:00,0.2806826755450838,-0.7074175404997036,-1.0333115990304869,-0.6968817298338827,-0.2886407272163764
2024-11-05 05:15:00,-0.32272894259461815,-0.3607061996549223,-1.0333115990304869,0.9436254224476069,-0.3779398242604375
2024-11-05 05:30:00,0.012499734149660732,-0.7940953757108989,-1.0333115990304869,0.7613468499718858,-0.2350612689899398
2024-11-05 05:45:00,1.800386010119148,0.5927499876682264,0.9672188068574683,-0.9702995885474643,1.5866403107089055
2024-11-05 06:00:00,0.8617457152351672,0.8527834933018124,0.16700664450228622,-0.9702995885474643,0.7115091596771074
2024-11-05 06:15:00,1.5992488040725807,0.8527834933018124,0.08698542826676801,-0.7880210160717432,1.3187430195767225
2024-11-05 06:30:00,1.8897803239176225,1.1994948341465936,0.40707029320884086,-0.7880210160717432,1.6937992271617788
2024-11-05 06:45:00,1.8450831670183852,0.24603864682344503,0.7271551581509137,-0.9702995885474643,1.4973412136648445
2024-11-05 07:00:00,0.3924255677931768,1.546206174991375,-0.0730570042042684,-0.7880210160717432,0.4614716879537364
2024-11-05 07:15:00,0.6829570876382185,0.8527834933018124,0.8071763743864319,-0.9702995885474643,0.7115091596771074
2024-11-05 07:30:00,1.0405343428321159,-0.18735052923253165,0.8071763743864319,-0.6968817298338827,0.8365278955387928
2024-11-05 07:45:00,1.7780374316695295,0.6794278228794217,0.8871975906219501,-0.5146031573581616,1.6580795883441544
2024-11-05 08:00:00,0.45947130314203255,1.3728505045689845,0.487091509444359,-0.8791603023096038,0.5864904238154218
2024-11-05 08:15:00,1.3757630195763948,1.286172669357789,0.32704907697332264,-0.3323245848824406,1.372322477803159
2024-11-05 08:30:00,0.5041684600412697,-0.013994858810140965,0.487091509444359,-0.7880210160717432,0.35431277150086316
2024-11-05 08:45:00,0.8393971367855486,-0.1006726940213363,0.487091509444359,-1.243717447261046,0.515051146180173
2024-11-05 09:00:00,0.19128836174660946,0.15936081161224971,1.207282455564023,-0.3323245848824406,0.39003241031848757
2024-11-05 09:15:00,-0.5238661486411854,-0.18735052923253165,0.5671127256798772,-1.243717447261046,-0.5743978377573717
2024-11-05 09:30:00,-0.23333462879614378,-0.1006726940213363,0.5671127256798772,0.03223256006900157,-0.0743228943106299
2024-11-05 09:45:00,0.12424262639775369,-0.3607061996549223,1.207282455564023,-0.6968817298338827,0.15785475800392884
2024-11-05 10:00:00,-0.23333462879614378,-0.6207397052885083,0.8071763743864319,-0.24118529864458005,-0.18148181076350314
2024-11-05 10:15:00,-0.5015175701915668,-0.3607061996549223,0.7271551581509137,0.12337184630686211,-0.2886407272163764
2024-11-05 10:30:00,-0.2556832072457624,-0.1006726940213363,-0.1530782204397866,-0.6968817298338827,-0.3957996436692497
2024-11-05 10:45:00,-0.166288893447288,-0.27402836444372697,-0.7932479503239322,1.2170432811611887,-0.12790235253706653
2024-11-05 11:00:00,-0.4344718348427111,-0.9674510461332897,-0.1530782204397866,1.4904611398747702,-0.2886407272163764
2024-11-05 11:15:00,-0.03219742274957645,-0.534061870077313,-0.47316308538185947,1.0347647086854674,-0.03860325549300547
2024-11-05 11:30:00,-0.5015175701915668,-0.6207397052885083,-0.7932479503239322,1.125903994923328,-0.4850987407133107
2024-11-05 11:45:00,-0.5909118839900412,-0.18735052923253165,-0.8732691665594505,1.308182567399049,-0.4493791018956863
2024-11-05 12:00:00,-0.1439403149976694,-0.8807732109220944,-0.313120652910823,1.308182567399049,-0.11004253312825431
2024-11-05 12:15:00,-0.21098605034652518,-0.6207397052885083,-0.5531843016173776,1.308182567399049,-0.16362199135469094
2024-11-05 12:30:00,-0.5685633055404227,-0.6207397052885083,-0.0730570042042684,0.6702075637340253,-0.4672389213044985
2024-11-05 12:45:00,0.0795454694985165,-0.7074175404997036,-0.47316308538185947,0.6702075637340253,-0.056463074901817685
2024-11-05 13:00:00,-0.27803178569538095,-0.8807732109220944,0.08698542826676801,-0.6057424435960223,-0.5029585601221229
2024-11-05 13:15:00,-0.9708377176335573,-0.44738403486611766,-0.39314186914634125,0.7613468499718858,-0.8065754900719305
2024-11-05 13:30:00,-0.7250033546877528,0.3327164820346404,-0.6332055178528959,1.0347647086854674,-0.4493791018956863
2024-11-05 13:45:00,-0.6803061977885156,0.15936081161224971,0.24702786073780442,0.12337184630686211,-0.4315192824868741
2024-11-05 14:00:00,-1.1943235021297431,-0.7940953757108989,-0.1530782204397866,-0.3323245848824406,-1.2173513364746114
2024-11-05 14:15:00,0.3924255677931768,-0.013994858810140965,-0.39314186914634125,0.39678970502044375,0.30073331327442654
2024-11-05 14:30:00,-0.5909118839900412,-0.44738403486611766,-0.1530782204397866,0.03223256006900157,-0.592257657166184
2024-11-05 14:45:00,-0.47916899174194827,-0.013994858810140965,0.9672188068574683,-0.6057424435960223,-0.2886407272163764
2024-11-05 15:00:00,-0.18863747189690658,0.5927499876682264,-0.1530782204397866,-0.24118529864458005,-0.11004253312825431
2024-11-05 15:15:00,-1.1719749236801247,0.5927499876682264,-0.47316308538185947,-0.6057424435960223,-1.0387531423864893
2024-11-05 15:30:00,0.30303125399470243,0.4193943172458357,-0.0730570042042684,-0.5146031573581616,0.21143421623036546
2024-11-05 15:45:00,1.3757630195763948,0.6794278228794217,0.24702786073780442,-0.15004601240671953,1.2651635613502858
2024-11-05 16:00:00,1.0405343428321159,0.5927499876682264,0.16700664450228622,-0.058906726168858975,0.9794064508092905
2024-11-05 16:15:00,1.2640201273283018,-0.013994858810140965,0.5671127256798772,0.03223256006900157,1.1401448254886004
2024-11-05 16:30:00,1.688643117871055,0.8527834933018124,1.287303671799541,-0.6057424435960223,1.6937992271617788
2024-11-05 16:45:00,1.465157333374869,1.4595283397801795,1.6073885367416139,-0.6057424435960223,1.711659046570591
2024-11-05 17:00:00,1.3534144411267761,-0.534061870077313,0.7271551581509137,-0.3323245848824406,1.0687055478533516
2024-11-05 17:15:00,1.3981115980260135,0.15936081161224971,-0.1530782204397866,-0.058906726168858975,1.104425186670976
2024-11-05 17:30:00,1.5992488040725807,1.4595283397801795,1.8474521854481685,-0.058906726168858975,1.9795563377027743
2024-11-05 17:45:00,1.420460176475632,0.5060721524570311,-0.23309943667530483,-0.058906726168858975,1.1758644643062248
2024-11-05 18:00:00,0.7723514014366928,1.546206174991375,1.4473461042705773,0.12337184630686211,1.283023380759098
2024-11-05 18:15:00,1.576900225622962,0.3327164820346404,0.32704907697332264,-0.6968817298338827,1.2651635613502858
2024-11-05 18:30:00,0.6382599307389812,-0.3607061996549223,0.08698542826676801,0.03223256006900157,0.4614716879537364
2024-11-05 18:45:00,0.45947130314203255,0.15936081161224971,0.006964212031249799,1.308182567399049,0.6579297014506708
2024-11-05 19:00:00,0.3477284108939396,-1.054128881344485,-0.47316308538185947,-0.3323245848824406,-0.11004253312825431
2024-11-05 19:15:00,0.4147741462427954,-0.9674510461332897,0.24702786073780442,0.03223256006900157,0.19357439682155325
2024-11-05 19:30:00,0.23598551864584666,-0.1006726940213363,0.24702786073780442,-0.15004601240671953,0.19357439682155325
2024-11-05 19:45:00,0.23598551864584666,-0.1006726940213363,0.487091509444359,-0.15004601240671953,0.2471538550479899
2024-11-05 20:00:00,0.3924255677931768,-0.18735052923253165,0.487091509444359,-0.058906726168858975,0.37217259090967536
2024-11-05 20:15:00,-0.12159173654805082,-0.8807732109220944,-0.23309943667530483,-0.058906726168858975,-0.342220185442813
2024-11-05 20:30:00,-0.23333462879614378,-0.27402836444372697,0.16700664450228622,0.5790682774961649,-0.0921827137194421
2024-11-05 20:45:00,0.0795454694985165,-0.7940953757108989,0.487091509444359,1.2170432811611887,0.2471538550479899
2024-11-05 21:00:00,-0.3003803641449995,-0.8807732109220944,-0.313120652910823,0.03223256006900157,-0.4850987407133107
2024-11-05 21:15:00,0.19128836174660946,-0.27402836444372697,0.16700664450228622,1.308182567399049,0.39003241031848757
2024-11-05 21:30:00,0.81704855833593,0.5060721524570311,0.5671127256798772,1.125903994923328,1.104425186670976
2024-11-05 21:45:00,-1.261369237478599,-0.8807732109220944,-0.8732691665594505,1.125903994923328,-1.1637718782481747
2024-11-05 22:00:00,-1.149626345230506,-0.9674510461332897,-0.9532903827949687,0.8524861362097464,-1.1637718782481747
2024-11-05 22:15:00,-1.2837178159282177,-0.8807732109220944,-0.8732691665594505,1.4904611398747702,-1.1101924200217381
2024-11-05 22:30:00,-1.149626345230506,-1.054128881344485,-1.0333115990304869,0.8524861362097464,-1.1994915170657992
2024-11-05 22:45:00,-1.3284149728274548,-0.8807732109220944,-0.8732691665594505,1.9461575710640728,-1.0566129617953015
2024-11-05 23:00:00,-1.1943235021297431,-0.8807732109220944,-0.9532903827949687,1.3993218536369096,-1.0744727812041137
2024-11-05 23:15:00,-1.1272777667808875,-1.054128881344485,-0.9532903827949687,0.5790682774961649,-1.2173513364746114
2024-11-05 23:30:00,-1.1719749236801247,-0.9674510461332897,-0.8732691665594505,1.9461575710640728,-0.9494540453424282
2024-11-05 23:45:00,-1.261369237478599,-0.8807732109220944,-0.8732691665594505,1.2170432811611887,-1.1459120588393625
2024-11-06 00:00:00,-1.261369237478599,-0.8807732109220944,-1.0333115990304869,0.7613468499718858,-1.270930794701048
2024-11-06 00:15:00,-1.149626345230506,-0.9674510461332897,-1.0333115990304869,1.0347647086854674,-1.1459120588393625
2024-11-06 00:30:00,-1.1272777667808875,-0.8807732109220944,-1.0333115990304869,1.0347647086854674,-1.1101924200217381
2024-11-06 00:45:00,-1.3060663943778361,-0.8807732109220944,-1.0333115990304869,0.6702075637340253,-1.3245102529274846
2024-11-06 01:00:00,-1.3507635512770733,-1.054128881344485,-0.8732691665594505,0.39678970502044375,-1.4138093499715456
2024-11-06 01:15:00,-1.261369237478599,-0.9674510461332897,-1.0333115990304869,0.7613468499718858,-1.2887906141098602
2024-11-06 01:30:00,-1.3284149728274548,-0.8807732109220944,-0.8732691665594505,0.8524861362097464,-1.270930794701048
2024-11-06 01:45:00,-1.3060663943778361,-0.8807732109220944,-0.9532903827949687,1.8550182848262124,-1.0744727812041137
2024-11-06 02:00:00,-1.3284149728274548,-0.8807732109220944,-0.9532903827949687,0.7613468499718858,-1.3066504335186724
2024-11-06 02:15:00,-1.3284149728274548,-0.9674510461332897,-0.9532903827949687,1.5816004261126306,-1.1637718782481747
2024-11-06 02:30:00,-1.2390206590289803,-0.9674510461332897,-0.8732691665594505,0.5790682774961649,-1.270930794701048
2024-11-06 02:45:00,-1.1943235021297431,-0.8807732109220944,-1.0333115990304869,1.9461575710640728,-0.9851736841600526
2024-11-06 03:00:00,-1.2390206590289803,-1.054128881344485,-0.9532903827949687,1.3993218536369096,-1.1459120588393625
2024-11-06 03:15:00,-1.2837178159282177,-1.054128881344485,-0.9532903827949687,0.3056504187825832,-1.3959495305627334
2024-11-06 03:30:00,-1.2390206590289803,-1.054128881344485,-0.8732691665594505,1.6727397123504912,-1.0744727812041137
2024-11-06 03:45:00,-1.1943235021297431,-0.9674510461332897,-0.8732691665594505,0.21451113254472265,-1.3066504335186724
2024-11-06 04:00:00,0.16893978329699086,-0.44738403486611766,-0.8732691665594505,0.3056504187825832,-0.0921827137194421
2024-11-06 04:15:00,-0.1439403149976694,-0.27402836444372697,-0.7132267340884141,0.12337184630686211,-0.3065005466251886
2024-11-06 04:30:00,-0.3003803641449995,-0.8807732109220944,-0.6332055178528959,1.0347647086854674,-0.3600800048516252
2024-11-06 04:45:00,-0.05454600119919504,-0.534061870077313,-0.7932479503239322,0.8524861362097464,-0.16362199135469094
2024-11-06 05:00:00,0.25833409709546523,-0.8807732109220944,-0.6332055178528959,0.03223256006900157,-0.11004253312825431
2024-11-06 05:15:00,-0.166288893447288,-0.3607061996549223,-0.47316308538185947,-0.5146031573581616,-0.4136594630780619
2024-11-06 05:30:00,0.1465912048473723,-0.9674510461332897,-0.6332055178528959,-0.6968817298338827,-0.3600800048516252
2024-11-06 05:45:00,1.3534144411267761,0.15936081161224971,0.08698542826676801,-0.9702995885474643,0.943686811991666
2024-11-06 06:00:00,0.5712141953901255,1.4595283397801795,0.487091509444359,-0.3323245848824406,0.8008082567211684
2024-11-06 06:15:00,1.532203068723725,0.5060721524570311,0.08698542826676801,-1.1525781610231856,1.1222850060797882
2024-11-06 06:30:00,0.6829570876382185,0.5060721524570311,0.24702786073780442,-1.061438874785325,0.4971913267713608
2024-11-06 06:45:00,1.0405343428321159,0.8527834933018124,-0.0730570042042684,-1.243717447261046,0.7472287984947318
2024-11-06 07:00:00,1.3310658626771577,0.8527834933018124,-0.23309943667530483,-0.8791603023096038,1.015126089626915
2024-11-06 07:15:00,1.7109916963206737,1.1128169989353984,0.7271551581509137,-1.243717447261046,1.5152010330736567
2024-11-06 07:30:00,0.81704855833593,0.5927499876682264,0.006964212031249799,-0.7880210160717432,0.6222100626330462
2024-11-06 07:45:00,0.5265170384908884,0.9394613285130077,0.487091509444359,-0.6057424435960223,0.604350243224234
2024-11-06 08:00:00,1.196974391979446,0.24603864682344503,0.32704907697332264,-0.6057424435960223,0.9615466314004782
2024-11-06 08:15:00,1.5992488040725807,0.07268297640105437,0.487091509444359,-0.42346387112030115,1.3187430195767225
2024-11-06 08:30:00,1.3981115980260135,0.766105658090617,0.487091509444359,-0.5146031573581616,1.283023380759098
2024-11-06 08:45:00,0.3477284108939396,0.6794278228794217,0.40707029320884086,-0.3323245848824406,0.4436118685449242
2024-11-06 09:00:00,-0.3674260994938553,0.24603864682344503,0.16700664450228622,-1.243717447261046,-0.4493791018956863
2024-11-06 09:15:00,-0.1439403149976694,-0.534061870077313,-0.23309943667530483,-0.15004601240671953,-0.3065005466251886
2024-11-06 09:30:00,0.0795454694985165,-0.6207397052885083,1.0472400230929866,-1.1525781610231856,-0.056463074901817685
2024-11-06 09:45:00,0.1465912048473723,-0.18735052923253165,-0.47316308538185947,0.12337184630686211,-0.0028836166753810535
2024-11-06 10:00:00,-0.47916899174194827,0.24603864682344503,0.24702786073780442,-0.24118529864458005,-0.3243603660340008
2024-11-06 10:15:00,0.05719689104889791,0.24603864682344503,1.0472400230929866,-0.6968817298338827,0.19357439682155325
2024-11-06 10:30:00,0.19128836174660946,-0.27402836444372697,0.08698542826676801,-1.1525781610231856,-0.11004253312825431
2024-11-06 10:45:00,-0.6803061977885156,-0.534061870077313,-0.23309943667530483,1.4904611398747702,-0.4136594630780619
2024-11-06 11:00:00,-0.07689457964881363,-0.27402836444372697,-0.0730570042042684,1.2170432811611887,0.10427529977749221
2024-11-06 11:15:00,-0.4344718348427111,-0.18735052923253165,-1.0333115990304869,1.3993218536369096,-0.342220185442813
2024-11-06 11:30:00,-0.05454600119919504,-0.6207397052885083,-0.8732691665594505,1.125903994923328,-0.14576217194587873
2024-11-06 11:45:00,-0.166288893447288,-0.18735052923253165,-0.8732691665594505,0.7613468499718858,-0.21720144958112758
2024-11-06 12:00:00,0.05719689104889791,-1.054128881344485,-0.0730570042042684,1.4904611398747702,0.10427529977749221
2024-11-06 12:15:00,-0.8590948253854643,-0.44738403486611766,-1.0333115990304869,1.308182567399049,-0.7529960318454939
2024-11-06 12:30:00,-0.9261405607343202,-0.7074175404997036,-0.1530782204397866,1.308182567399049,-0.6636969348014328
2024-11-06 12:45:00,0.1018940479481351,-0.534061870077313,-0.39314186914634125,1.4904611398747702,0.17571457741274105
2024-11-06 13:00:00,-1.149626345230506,0.5927499876682264,0.7271551581509137,-0.3323245848824406,-0.6994165736190572
2024-11-06 13:15:00,0.1465912048473723,-0.3607061996549223,0.32704907697332264,0.8524861362097464,0.2828734938656143
2024-11-06 13:30:00,-1.149626345230506,-1.054128881344485,1.0472400230929866,0.12337184630686211,-0.8780147677071793
2024-11-06 13:45:00,0.7053056660878371,-0.7074175404997036,0.9672188068574683,-0.058906726168858975,0.6222100626330462
2024-11-06 14:00:00,-0.9484891391839387,0.5927499876682264,-0.7932479503239322,0.03223256006900157,-0.8065754900719305
2024-11-06 14:15:00,-0.4344718348427111,-0.7940953757108989,1.5273673205060956,0.7613468499718858,-0.020743436084193264
2024-11-06 14:30:00,-0.9484891391839387,0.4193943172458357,1.1272612393285046,-0.5146031573581616,-0.5208183795309351
2024-11-06 14:45:00,-0.3897746779434739,-0.7074175404997036,-0.39314186914634125,-0.15004601240671953,-0.5743978377573717
2024-11-06 15:00:00,0.5265170384908884,0.07268297640105437,-0.47316308538185947,0.7613468499718858,0.4793315073625486
2024-11-06 15:15:00,-0.3897746779434739,-0.18735052923253165,0.8071763743864319,0.6702075637340253,-0.03860325549300547
2024-11-06 15:30:00,0.25833409709546523,0.07268297640105437,0.487091509444359,-0.6968817298338827,0.19357439682155325
2024-11-06 15:45:00,1.1746258135298275,-0.3607061996549223,1.1272612393285046,-0.24118529864458005,1.0687055478533516
2024-11-06 16:00:00,1.7780374316695295,0.5927499876682264,0.7271551581509137,0.03223256006900157,1.711659046570591
2024-11-06 16:15:00,0.8393971367855486,0.9394613285130077,0.40707029320884086,0.03223256006900157,0.9615466314004782
2024-11-06 16:30:00,1.3534144411267761,0.8527834933018124,1.207282455564023,-0.24118529864458005,1.4794813942560323
2024-11-06 16:45:00,1.2193229704290647,1.026139163724203,1.3673248880350592,-0.7880210160717432,1.3366028389855347
2024-11-06 17:00:00,1.3981115980260135,-0.18735052923253165,0.08698542826676801,-0.058906726168858975,1.0865653672621638
2024-11-06 17:15:00,1.7109916963206737,1.1994948341465936,1.5273673205060956,-0.7880210160717432,1.8009581436146522
2024-11-06 17:30:00,1.2416715488786834,1.1128169989353984,1.6073885367416139,-0.5146031573581616,1.4794813942560323
2024-11-06 17:45:00,1.7556888532199109,-0.534061870077313,0.40707029320884086,-0.6057424435960223,1.2651635613502858
2024-11-06 18:00:00,1.1299286566305904,1.1994948341465936,0.08698542826676801,-0.058906726168858975,1.1580046448974126
2024-11-06 18:15:00,1.6215973825221994,0.766105658090617,2.087515834154723,-0.15004601240671953,1.8902572406587133
2024-11-06 18:30:00,0.8393971367855486,-0.6207397052885083,-0.47316308538185947,-0.5146031573581616,0.33645295209205095
2024-11-06 18:45:00,0.7723514014366928,0.15936081161224971,-0.23309943667530483,0.3056504187825832,0.6579297014506708
2024-11-06 19:00:00,0.6159113522893627,-0.1006726940213363,0.5671127256798772,-0.6968817298338827,0.4614716879537364
2024-11-06 19:15:00,0.7053056660878371,0.4193943172458357,0.487091509444359,1.308182567399049,1.015126089626915
2024-11-06 19:30:00,0.3477284108939396,-0.27402836444372697,0.16700664450228622,0.5790682774961649,0.37217259090967536
2024-11-06 19:45:00,0.7946999798863115,-0.3607061996549223,-0.47316308538185947,-0.7880210160717432,0.30073331327442654
2024-11-06 20:00:00,0.9064428721344044,-0.44738403486611766,-0.47316308538185947,0.6702075637340253,0.6579297014506708
2024-11-06 20:15:00,0.45947130314203255,-0.3607061996549223,0.40707029320884086,-0.5146031573581616,0.2828734938656143
2024-11-06 20:30:00,0.19128836174660946,0.15936081161224971,-0.0730570042042684,0.12337184630686211,0.19357439682155325
2024-11-06 20:45:00,-0.03219742274957645,0.07268297640105437,0.006964212031249799,-0.24118529864458005,-0.056463074901817685
2024-11-06 21:00:00,-0.12159173654805082,0.6794278228794217,-0.0730570042042684,1.2170432811611887,0.2650136744568021
2024-11-06 21:15:00,-0.166288893447288,0.24603864682344503,-0.0730570042042684,1.125903994923328,0.12213511918630442
2024-11-06 21:30:00,0.6606085091885999,-0.44738403486611766,0.40707029320884086,1.3993218536369096,0.8008082567211684
2024-11-06 21:45:00,-1.3507635512770733,-0.8807732109220944,-0.8732691665594505,0.9436254224476069,-1.270930794701048
2024-11-06 22:00:00,-1.1719749236801247,-0.8807732109220944,-1.0333115990304869,1.7638789985883518,-1.003033503568865
2024-11-06 22:15:00,-1.2837178159282177,-0.9674510461332897,-0.9532903827949687,1.308182567399049,-1.181631697656987
2024-11-06 22:30:00,-1.3507635512770733,-0.8807732109220944,-1.0333115990304869,1.125903994923328,-1.270930794701048
2024-11-06 22:45:00,-1.3507635512770733,-0.9674510461332897,-0.9532903827949687,0.5790682774961649,-1.3780897111539212
2024-11-06 23:00:00,-1.1272777667808875,-0.8807732109220944,-0.8732691665594505,1.2170432811611887,-1.0387531423864893
2024-11-06 23:15:00,-1.1719749236801247,-0.9674510461332897,-0.8732691665594505,1.7638789985883518,-0.9851736841600526
2024-11-06 23:30:00,-1.3284149728274548,-0.8807732109220944,-0.9532903827949687,0.3056504187825832,-1.3959495305627334
2024-11-06 23:45:00,-1.2837178159282177,-0.9674510461332897,-0.8732691665594505,0.7613468499718858,-1.270930794701048
2024-11-07 00:00:00,-1.261369237478599,-1.054128881344485,-1.0333115990304869,1.8550182848262124,-1.092332600612926
2024-11-07 00:15:00,-1.1272777667808875,-0.9674510461332897,-0.9532903827949687,1.125903994923328,-1.092332600612926
2024-11-07 00:30:00,-1.2837178159282177,-1.054128881344485,-0.8732691665594505,0.5790682774961649,-1.3245102529274846
2024-11-07 00:45:00,-1.1272777667808875,-0.9674510461332897,-1.0333115990304869,0.9436254224476069,-1.1459120588393625
2024-11-07 01:00:00,-1.3284149728274548,-0.9674510461332897,-0.9532903827949687,1.3993218536369096,-1.1994915170657992
2024-11-07 01:15:00,-1.2390206590289803,-0.8807732109220944,-0.9532903827949687,1.308182567399049,-1.1280522394305503
2024-11-07 01:30:00,-1.261369237478599,-1.054128881344485,-0.9532903827949687,0.39678970502044375,-1.360229891745109
2024-11-07 01:45:00,-1.2390206590289803,-0.9674510461332897,-1.0333115990304869,0.8524861362097464,-1.2530709752922358
2024-11-07 02:00:00,-1.2390206590289803,-0.8807732109220944,-0.9532903827949687,1.7638789985883518,-1.0387531423864893
2024-11-07 02:15:00,-1.261369237478599,-1.054128881344485,-0.9532903827949687,1.7638789985883518,-1.092332600612926
2024-11-07 02:30:00,-1.3284149728274548,-0.8807732109220944,-0.8732691665594505,0.12337184630686211,-1.4138093499715456
2024-11-07 02:45:00,-1.1272777667808875,-1.054128881344485,-1.0333115990304869,1.2170432811611887,-1.1101924200217381
2024-11-07 03:00:00,-1.261369237478599,-1.054128881344485,-1.0333115990304869,0.3056504187825832,-1.3959495305627334
2024-11-07 03:15:00,-1.2166720805793618,-0.9674510461332897,-1.0333115990304869,0.6702075637340253,-1.270930794701048
2024-11-07 03:30:00,-1.261369237478599,-1.054128881344485,-1.0333115990304869,0.5790682774961649,-1.3423700723362968
2024-11-07 03:45:00,-1.149626345230506,-0.9674510461332897,-0.8732691665594505,0.12337184630686211,-1.2887906141098602
2024-11-07 04:00:00,-0.03219742274957645,-1.054128881344485,-0.8732691665594505,-0.6057424435960223,-0.5565380183485595
2024-11-07 04:15:00,-0.12159173654805082,-0.3607061996549223,-0.47316308538185947,-0.6968817298338827,-0.4136594630780619
2024-11-07 04:30:00,0.25833409709546523,-0.6207397052885083,-1.0333115990304869,0.12337184630686211,-0.12790235253706653
2024-11-07 04:45:00,-0.1439403149976694,-0.9674510461332897,-0.47316308538185947,-0.6968817298338827,-0.5565380183485595
2024-11-07 05:00:00,0.1465912048473723,-0.8807732109220944,-0.5531843016173776,-0.6968817298338827,-0.3243603660340008
2024-11-07 05:15:00,0.45947130314203255,-0.18735052923253165,-0.8732691665594505,-0.6057424435960223,0.014976202733431157
2024-11-07 05:30:00,0.30303125399470243,-0.44738403486611766,-0.7132267340884141,-0.7880210160717432,-0.16362199135469094
2024-11-07 05:45:00,1.3981115980260135,1.4595283397801795,0.8871975906219501,-0.8791603023096038,1.443761755438408
2024-11-07 06:00:00,1.6662945394214366,0.24603864682344503,0.006964212031249799,-1.061438874785325,1.1758644643062248
2024-11-07 06:15:00,1.8897803239176225,1.3728505045689845,-0.0730570042042684,-0.8791603023096038,1.6045001301177177
2024-11-07 06:30:00,0.3477284108939396,0.5927499876682264,0.7271551581509137,-1.243717447261046,0.31859313268323874
2024-11-07 06:45:00,0.5041684600412697,-0.013994858810140965,-0.0730570042042684,-1.1525781610231856,0.15785475800392884
2024-11-07 07:00:00,0.7053056660878371,-0.18735052923253165,0.24702786073780442,-0.7880210160717432,0.425752049136112
2024-11-07 07:15:00,0.5935627738397441,-0.1006726940213363,0.8071763743864319,-0.6968817298338827,0.4971913267713608
2024-11-07 07:30:00,0.9734886074832602,0.9394613285130077,0.40707029320884086,-0.5146031573581616,0.9615466314004782
2024-11-07 07:45:00,0.8617457152351672,1.4595283397801795,0.6471339419153954,-0.3323245848824406,1.0687055478533516
2024-11-07 08:00:00,1.4428087549252506,0.4193943172458357,0.32704907697332264,-0.6057424435960223,1.193724283715037
2024-11-07 08:15:00,0.548865616940507,0.5060721524570311,0.9672188068574683,-1.1525781610231856,0.5329109655889852
2024-11-07 08:30:00,1.0628829212817346,-0.013994858810140965,-0.0730570042042684,-0.8791603023096038,0.6579297014506708
2024-11-07 08:45:00,0.7276542445374556,1.4595283397801795,0.8871975906219501,-1.243717447261046,0.8365278955387928
2024-11-07 09:00:00,-0.6803061977885156,-0.18735052923253165,-0.1530782204397866,-0.15004601240671953,-0.6458371153926206
2024-11-07 09:15:00,-0.7697005115869899,0.07268297640105437,-0.1530782204397866,-1.061438874785325,-0.8422951288895549
2024-11-07 09:30:00,0.325379832444321,-0.27402836444372697,-0.313120652910823,-0.8791603023096038,-0.03860325549300547
2024-11-07 09:45:00,-0.12159173654805082,-0.18735052923253165,-0.39314186914634125,-0.6968817298338827,-0.3600800048516252
2024-11-07 10:00:00,0.03484831259927933,-0.44738403486611766,0.487091509444359,-0.6057424435960223,-0.0743228943106299
2024-11-07 10:15:00,-0.6132604624396598,0.24603864682344503,-0.313120652910823,0.03223256006900157,-0.5029585601221229
2024-11-07 10:30:00,-0.07689457964881363,-0.1006726940213363,-0.313120652910823,-0.6057424435960223,-0.2707809078075642
2024-11-07 10:45:00,-0.9931862960831759,-0.18735052923253165,-1.0333115990304869,0.5790682774961649,-0.9494540453424282
2024-11-07 11:00:00,-0.5462147270908041,-1.054128881344485,-0.313120652910823,0.5790682774961649,-0.6101174765749962
2024-11-07 11:15:00,-0.18863747189690658,-0.9674510461332897,-0.5531843016173776,0.9436254224476069,-0.2886407272163764
2024-11-07 11:30:00,-0.8814434038350829,-1.054128881344485,-0.1530782204397866,1.308182567399049,-0.6994165736190572
2024-11-07 11:45:00,-0.3450775210442367,-0.27402836444372697,-0.23309943667530483,0.9436254224476069,-0.19934163017231535
2024-11-07 12:00:00,-0.21098605034652518,-0.7940953757108989,-0.1530782204397866,0.8524861362097464,-0.19934163017231535
2024-11-07 12:15:00,-0.1439403149976694,-0.7074175404997036,-0.39314186914634125,1.0347647086854674,-0.14576217194587873
2024-11-07 12:30:00,-0.09924315809843222,-0.27402836444372697,-0.23309943667530483,0.6702075637340253,-0.056463074901817685
2024-11-07 12:45:00,-0.21098605034652518,-0.44738403486611766,-0.39314186914634125,1.125903994923328,-0.12790235253706653
2024-11-07 13:00:00,-0.9484891391839387,-0.8807732109220944,-0.6332055178528959,0.3056504187825832,-1.020893322977677
2024-11-07 13:15:00,0.16893978329699086,-0.3607061996549223,-0.23309943667530483,0.39678970502044375,0.08641548036867999
2024-11-07 13:30:00,0.7276542445374556,-0.3607061996549223,1.0472400230929866,-0.058906726168858975,0.7293689790859196
2024-11-07 13:45:00,-0.9708377176335573,-0.534061870077313,0.8071763743864319,-0.7880210160717432,-0.8601549482983671
2024-11-07 14:00:00,-0.6132604624396598,-0.44738403486611766,1.1272612393285046,0.3056504187825832,-0.2707809078075642
2024-11-07 14:15:00,0.23598551864584666,-0.013994858810140965,-0.39314186914634125,-0.3323245848824406,0.03283602214224337
2024-11-07 14:30:00,0.30303125399470243,0.24603864682344503,1.0472400230929866,1.0347647086854674,0.7293689790859196
2024-11-07 14:45:00,0.23598551864584666,-0.534061870077313,-0.5531843016173776,0.9436254224476069,0.13999493859511664
2024-11-07 15:00:00,-0.07689457964881363,-0.534061870077313,1.287303671799541,0.39678970502044375,0.19357439682155325
2024-11-07 15:15:00,-1.037883452982413,-0.8807732109220944,0.8071763743864319,0.5790682774961649,-0.7172763930278695
2024-11-07 15:30:00,-1.1719749236801247,-0.18735052923253165,1.7674309692126502,0.03223256006900157,-0.5743978377573717
2024-11-07 15:45:00,0.8840942936847858,-0.534061870077313,0.24702786073780442,-0.058906726168858975,0.6400698820418586
2024-11-07 16:00:00,1.7556888532199109,0.15936081161224971,-0.0730570042042684,-0.24118529864458005,1.372322477803159
2024-11-07 16:15:00,1.2416715488786834,0.4193943172458357,1.7674309692126502,-0.42346387112030115,1.3901822972119713
2024-11-07 16:30:00,1.7780374316695295,-0.6207397052885083,0.5671127256798772,-0.6057424435960223,1.3008832001679103
2024-11-07 16:45:00,1.3757630195763948,-0.1006726940213363,0.8871975906219501,-0.24118529864458005,1.2294439225326614
2024-11-07 17:00:00,1.1299286566305904,-0.1006726940213363,-0.1530782204397866,-0.24118529864458005,0.8008082567211684
2024-11-07 17:15:00,1.3981115980260135,-0.27402836444372697,1.287303671799541,0.12337184630686211,1.372322477803159
2024-11-07 17:30:00,1.1299286566305904,0.5060721524570311,1.5273673205060956,-0.058906726168858975,1.3366028389855347
2024-11-07 17:45:00,1.8674317454680038,0.6794278228794217,0.32704907697332264,-0.5146031573581616,1.6045001301177177
2024-11-07 18:00:00,1.7556888532199109,1.286172669357789,0.7271551581509137,-0.24118529864458005,1.78309832420584
2024-11-07 18:15:00,1.7780374316695295,-0.534061870077313,2.167537050390241,-0.5146031573581616,1.6937992271617788
2024-11-07 18:30:00,-0.05454600119919504,-0.8807732109220944,-0.1530782204397866,1.2170432811611887,-0.020743436084193264
2024-11-07 18:45:00,0.9958371859328787,0.3327164820346404,0.40707029320884086,1.3993218536369096,1.2294439225326614
2024-11-07 19:00:00,-0.05454600119919504,-0.1006726940213363,-0.23309943667530483,0.39678970502044375,-0.03860325549300547
2024-11-07 19:15:00,0.9064428721344044,-0.3607061996549223,-0.23309943667530483,1.125903994923328,0.8186680761299806
2024-11-07 19:30:00,-0.3450775210442367,-0.27402836444372697,-0.1530782204397866,0.3056504187825832,-0.3065005466251886
2024-11-07 19:45:00,-0.27803178569538095,0.07268297640105437,-0.0730570042042684,-0.3323245848824406,-0.2886407272163764
2024-11-07 20:00:00,0.3477284108939396,-1.054128881344485,0.40707029320884086,-0.6057424435960223,0.03283602214224337
2024-11-07 20:15:00,0.548865616940507,0.6794278228794217,0.5671127256798772,-0.7880210160717432,0.5507707849977974
2024-11-07 20:30:00,-0.21098605034652518,-0.013994858810140965,-0.313120652910823,0.3056504187825832,-0.18148181076350314
2024-11-07 20:45:00,0.548865616940507,-1.054128881344485,-0.1530782204397866,1.2170432811611887,0.425752049136112
2024-11-07 21:00:00,0.81704855833593,-0.7074175404997036,-0.39314186914634125,0.8524861362097464,0.5864904238154218
2024-11-07 21:15:00,0.7500028229870742,-1.054128881344485,-0.1530782204397866,0.21451113254472265,0.39003241031848757
2024-11-07 21:30:00,0.437122724692414,-0.8807732109220944,0.24702786073780442,0.5790682774961649,0.33645295209205095
2024-11-07 21:45:00,-1.1719749236801247,-0.8807732109220944,-0.8732691665594505,0.6702075637340253,-1.181631697656987
2024-11-07 22:00:00,-1.1943235021297431,-0.9674510461332897,-0.9532903827949687,0.12337184630686211,-1.3423700723362968
2024-11-07 22:15:00,-1.3060663943778361,-1.054128881344485,-0.9532903827949687,1.4904611398747702,-1.181631697656987
2024-11-07 22:30:00,-1.261369237478599,-1.054128881344485,-0.8732691665594505,1.7638789985883518,-1.0744727812041137
2024-11-07 22:45:00,-1.2837178159282177,-0.9674510461332897,-1.0333115990304869,0.6702075637340253,-1.3245102529274846
2024-11-07 23:00:00,-1.3507635512770733,-1.054128881344485,-1.0333115990304869,1.4904611398747702,-1.2352111558834236
2024-11-07 23:15:00,-1.1719749236801247,-0.9674510461332897,-0.8732691665594505,1.0347647086854674,-1.1280522394305503
2024-11-07 23:30:00,-1.3060663943778361,-0.8807732109220944,-0.8732691665594505,1.6727397123504912,-1.092332600612926
2024-11-07 23:45:00,-1.261369237478599,-0.8807732109220944,-0.8732691665594505,0.8524861362097464,-1.2173513364746114
2024-11-08 00:00:00,-1.3284149728274548,-0.9674510461332897,-0.9532903827949687,1.4904611398747702,-1.181631697656987
2024-11-08 00:15:00,-1.149626345230506,-1.054128881344485,-0.9532903827949687,0.12337184630686211,-1.3245102529274846
2024-11-08 00:30:00,-1.2166720805793618,-1.054128881344485,-0.8732691665594505,1.8550182848262124,-1.020893322977677
2024-11-08 00:45:00,-1.261369237478599,-0.8807732109220944,-1.0333115990304869,0.8524861362097464,-1.2530709752922358
2024-11-08 01:00:00,-1.3507635512770733,-1.054128881344485,-1.0333115990304869,0.3056504187825832,-1.4673888081979822
2024-11-08 01:15:00,-1.261369237478599,-1.054128881344485,-1.0333115990304869,0.48792899125830425,-1.360229891745109
2024-11-08 01:30:00,-1.3507635512770733,-0.8807732109220944,-0.8732691665594505,1.0347647086854674,-1.2530709752922358
2024-11-08 01:45:00,-1.261369237478599,-1.054128881344485,-0.9532903827949687,0.7613468499718858,-1.2887906141098602
2024-11-08 02:00:00,-1.261369237478599,-0.9674510461332897,-1.0333115990304869,1.8550182848262124,-1.0744727812041137
2024-11-08 02:15:00,-1.3284149728274548,-1.054128881344485,-1.0333115990304869,1.308182567399049,-1.2530709752922358
2024-11-08 02:30:00,-1.1719749236801247,-0.8807732109220944,-0.9532903827949687,1.0347647086854674,-1.1280522394305503
2024-11-08 02:45:00,-1.3507635512770733,-1.054128881344485,-0.9532903827949687,1.3993218536369096,-1.2352111558834236
2024-11-08 03:00:00,-1.3507635512770733,-1.054128881344485,-1.0333115990304869,1.3993218536369096,-1.2530709752922358
2024-11-08 03:15:00,-1.261369237478599,-0.8807732109220944,-0.8732691665594505,0.9436254224476069,-1.1994915170657992
2024-11-08 03:30:00,-1.261369237478599,-0.9674510461332897,-1.0333115990304869,1.3993218536369096,-1.1637718782481747
2024-11-08 03:45:00,-1.2837178159282177,-1.054128881344485,-1.0333115990304869,1.9461575710640728,-1.092332600612926
2024-11-08 04:00:00,-0.03219742274957645,-0.18735052923253165,-0.47316308538185947,-0.3323245848824406,-0.2350612689899398
2024-11-08 04:15:00,0.012499734149660732,-0.7940953757108989,-0.9532903827949687,0.6702075637340253,-0.2350612689899398
2024-11-08 04:30:00,-0.18863747189690658,-0.18735052923253165,-0.8732691665594505,-0.058906726168858975,-0.3957996436692497
2024-11-08 04:45:00,0.23598551864584666,-0.44738403486611766,-0.7132267340884141,-0.3323245848824406,-0.12790235253706653
2024-11-08 05:00:00,0.12424262639775369,-0.3607061996549223,-0.6332055178528959,0.21451113254472265,-0.0743228943106299
2024-11-08 05:15:00,-0.00984884429995786,-1.054128881344485,-0.5531843016173776,1.0347647086854674,-0.14576217194587873
2024-11-08 05:30:00,-0.2556832072457624,-0.8807732109220944,-0.7932479503239322,-0.5146031573581616,-0.6636969348014328
2024-11-08 05:45:00,0.928791450584023,-0.18735052923253165,0.8071763743864319,-1.243717447261046,0.6400698820418586
2024-11-08 06:00:00,0.81704855833593,1.3728505045689845,0.7271551581509137,-0.6968817298338827,0.9615466314004782
2024-11-08 06:15:00,1.1746258135298275,0.3327164820346404,0.487091509444359,-0.9702995885474643,0.9258269925828538
2024-11-08 06:30:00,1.7556888532199109,0.07268297640105437,-0.23309943667530483,-1.243717447261046,1.1222850060797882
2024-11-08 06:45:00,1.8227345885687667,0.766105658090617,-0.0730570042042684,-0.6968817298338827,1.46162157484722
2024-11-08 07:00:00,1.1299286566305904,-0.18735052923253165,-0.1530782204397866,-0.5146031573581616,0.7293689790859196
2024-11-08 07:15:00,1.7109916963206737,-0.1006726940213363,0.9672188068574683,-1.243717447261046,1.3187430195767225
2024-11-08 07:30:00,0.8840942936847858,1.1128169989353984,0.006964212031249799,-0.8791603023096038,0.765088617903544
2024-11-08 07:45:00,1.6215973825221994,0.9394613285130077,0.32704907697332264,-0.6057424435960223,1.443761755438408
2024-11-08 08:00:00,1.7556888532199109,0.24603864682344503,0.16700664450228622,-0.42346387112030115,1.4080421166207835
2024-11-08 08:15:00,1.2640201273283018,1.026139163724203,0.32704907697332264,-0.8791603023096038,1.1222850060797882
2024-11-08 08:30:00,1.5992488040725807,1.3728505045689845,0.32704907697332264,-0.42346387112030115,1.5509206718912811
2024-11-08 08:45:00,1.0628829212817346,0.3327164820346404,-0.0730570042042684,-0.6057424435960223,0.7829484373123562
2024-11-08 09:00:00,0.2806826755450838,-0.3607061996549223,-0.1530782204397866,-0.8791603023096038,-0.056463074901817685
2024-11-08 09:15:00,-0.47916899174194827,-0.013994858810140965,1.1272612393285046,-0.5146031573581616,-0.2350612689899398
2024-11-08 09:30:00,-0.18863747189690658,0.07268297640105437,-0.1530782204397866,-0.42346387112030115,-0.252921088398752
2024-11-08 09:45:00,0.1465912048473723,-0.27402836444372697,1.1272612393285046,-0.6057424435960223,0.19357439682155325
2024-11-08 10:00:00,-0.166288893447288,0.15936081161224971,-0.47316308538185947,-0.24118529864458005,-0.252921088398752
2024-11-08 10:15:00,0.325379832444321,-0.27402836444372697,1.0472400230929866,-0.7880210160717432,0.2828734938656143
2024-11-08 10:30:00,0.05719689104889791,-0.013994858810140965,-0.23309943667530483,-0.058906726168858975,-0.020743436084193264
2024-11-08 10:45:00,-0.18863747189690658,-0.3607061996549223,0.006964212031249799,1.2170432811611887,0.014976202733431157
2024-11-08 11:00:00,-0.6356090408892784,-0.18735052923253165,-0.6332055178528959,1.308182567399049,-0.4315192824868741
2024-11-08 11:15:00,-0.1439403149976694,-1.054128881344485,-0.9532903827949687,0.6702075637340253,-0.4136594630780619
2024-11-08 11:30:00,-0.7697005115869899,-0.27402836444372697,0.006964212031249799,1.308182567399049,-0.4136594630780619
2024-11-08 11:45:00,-0.2556832072457624,-0.3607061996549223,-0.313120652910823,1.0347647086854674,-0.14576217194587873
2024-11-08 12:00:00,-0.7250033546877528,-0.534061870077313,-1.0333115990304869,0.9436254224476069,-0.7351362124366817
2024-11-08 12:15:00,-0.00984884429995786,-1.054128881344485,0.006964212031249799,0.8524861362097464,-0.056463074901817685
2024-11-08 12:30:00,-0.9261405607343202,-0.7074175404997036,-0.5531843016173776,0.9436254224476069,-0.8244353094807427
2024-11-08 12:45:00,-0.4344718348427111,-0.18735052923253165,-0.0730570042042684,0.9436254224476069,-0.21720144958112758
2024-11-08 13:00:00,-0.6356090408892784,0.3327164820346404,-0.7932479503239322,0.39678970502044375,-0.5386781989397473
2024-11-08 13:15:00,-0.5238661486411854,0.3327164820346404,1.0472400230929866,-0.15004601240671953,-0.14576217194587873
2024-11-08 13:30:00,0.19128836174660946,-0.3607061996549223,-0.47316308538185947,0.9436254224476069,0.15785475800392884
2024-11-08 13:45:00,-0.5015175701915668,-0.013994858810140965,0.6471339419153954,-0.6968817298338827,-0.3957996436692497
2024-11-08 14:00:00,0.1465912048473723,-0.6207397052885083,-0.1530782204397866,0.9436254224476069,0.13999493859511664
2024-11-08 14:15:00,-0.07689457964881363,0.15936081161224971,0.7271551581509137,0.03223256006900157,0.13999493859511664
2024-11-08 14:30:00,-0.23333462879614378,0.07268297640105437,0.24702786073780442,-0.7880210160717432,-0.2707809078075642
2024-11-08 14:45:00,0.7053056660878371,-0.27402836444372697,0.16700664450228622,0.6702075637340253,0.675789520859483
2024-11-08 15:00:00,-0.5238661486411854,0.4193943172458357,-0.8732691665594505,-0.6968817298338827,-0.6636969348014328
2024-11-08 15:15:00,-1.1049291883312689,0.15936081161224971,0.08698542826676801,-0.058906726168858975,-0.8422951288895549
2024-11-08 15:30:00,0.16893978329699086,-1.054128881344485,1.6073885367416139,1.0347647086854674,0.4793315073625486
2024-11-08 15:45:00,0.9064428721344044,-0.6207397052885083,1.287303671799541,-0.42346387112030115,0.8008082567211684
2024-11-08 16:00:00,1.7109916963206737,0.3327164820346404,0.40707029320884086,-0.7880210160717432,1.372322477803159
2024-11-08 16:15:00,1.0405343428321159,-0.3607061996549223,0.6471339419153954,-0.15004601240671953,0.8722475343564172
2024-11-08 16:30:00,1.420460176475632,-0.44738403486611766,1.0472400230929866,-0.3323245848824406,1.2115841031238492
2024-11-08 16:45:00,1.465157333374869,-0.1006726940213363,-0.23309943667530483,-0.058906726168858975,1.0865653672621638
2024-11-08 17:00:00,0.8617457152351672,0.4193943172458357,-0.0730570042042684,-0.24118529864458005,0.7115091596771074
2024-11-08 17:15:00,1.3981115980260135,0.5927499876682264,1.5273673205060956,0.12337184630686211,1.6045001301177177
2024-11-08 17:30:00,1.7556888532199109,0.3327164820346404,0.08698542826676801,-0.6968817298338827,1.3544626583943469
2024-11-08 17:45:00,1.8897803239176225,-0.6207397052885083,-0.1530782204397866,-0.058906726168858975,1.3366028389855347
2024-11-08 18:00:00,1.3981115980260135,0.6794278228794217,0.24702786073780442,-0.24118529864458005,1.2651635613502858
2024-11-08 18:15:00,0.8617457152351672,1.3728505045689845,-0.0730570042042684,-0.6968817298338827,0.8186680761299806
2024-11-08 18:30:00,-0.07689457964881363,0.07268297640105437,-0.5531843016173776,-0.3323245848824406,-0.2350612689899398
2024-11-08 18:45:00,0.012499734149660732,0.3327164820346404,0.32704907697332264,1.4904611398747702,0.4436118685449242
2024-11-08 19:00:00,0.8393971367855486,-0.18735052923253165,-0.39314186914634125,0.7613468499718858,0.6936493402682952
2024-11-08 19:15:00,-0.05454600119919504,-1.054128881344485,-0.23309943667530483,-0.058906726168858975,-0.3243603660340008
2024-11-08 19:30:00,0.7723514014366928,-0.1006726940213363,-0.23309943667530483,1.4904611398747702,0.8365278955387928
2024-11-08 19:45:00,0.1018940479481351,-0.9674510461332897,-0.47316308538185947,0.12337184630686211,-0.19934163017231535
2024-11-08 20:00:00,0.3700769893435582,0.07268297640105437,-0.5531843016173776,-0.058906726168858975,0.17571457741274105
2024-11-08 20:15:00,0.7276542445374556,0.3327164820346404,0.32704907697332264,1.308182567399049,0.9794064508092905
2024-11-08 20:30:00,-0.12159173654805082,-0.7074175404997036,0.5671127256798772,1.125903994923328,0.10427529977749221
2024-11-08 20:45:00,0.548865616940507,0.5060721524570311,0.16700664450228622,0.39678970502044375,0.6579297014506708
2024-11-08 21:00:00,-0.03219742274957645,-0.27402836444372697,-0.39314186914634125,0.5790682774961649,-0.056463074901817685
2024-11-08 21:15:00,0.3700769893435582,0.15936081161224971,-0.1530782204397866,-0.058906726168858975,0.2828734938656143
2024-11-08 21:30:00,-0.23333462879614378,-0.27402836444372697,0.16700664450228622,-0.15004601240671953,-0.2350612689899398
2024-11-08 21:45:00,-1.3060663943778361,-0.9674510461332897,-0.8732691665594505,0.48792899125830425,-1.3423700723362968
2024-11-08 22:00:00,-1.2166720805793618,-1.054128881344485,-0.9532903827949687,0.8524861362097464,-1.2352111558834236
2024-11-08 22:15:00,-1.261369237478599,-0.9674510461332897,-0.9532903827949687,0.12337184630686211,-1.3959495305627334
2024-11-08 22:30:00,-1.1272777667808875,-1.054128881344485,-0.8732691665594505,1.9461575710640728,-0.931594225933616
2024-11-08 22:45:00,-1.1943235021297431,-0.9674510461332897,-0.9532903827949687,0.48792899125830425,-1.270930794701048
2024-11-08 23:00:00,-1.2837178159282177,-1.054128881344485,-0.9532903827949687,1.2170432811611887,-1.2173513364746114
2024-11-08 23:15:00,-1.3060663943778361,-0.8807732109220944,-1.0333115990304869,1.5816004261126306,-1.1459120588393625
2024-11-08 23:30:00,-1.2837178159282177,-0.9674510461332897,-0.8732691665594505,1.5816004261126306,-1.1101924200217381
2024-11-08 23:45:00,-1.3284149728274548,-0.8807732109220944,-1.0333115990304869,0.39678970502044375,-1.3959495305627334
2024-11-09 00:00:00,-1.1943235021297431,-0.9674510461332897,-0.8732691665594505,1.308182567399049,-1.092332600612926
2024-11-09 00:15:00,-1.261369237478599,-1.054128881344485,-0.9532903827949687,0.5790682774961649,-1.3245102529274846
2024-11-09 00:30:00,-1.1719749236801247,-1.054128881344485,-0.8732691665594505,0.39678970502044375,-1.270930794701048
2024-11-09 00:45:00,-1.1272777667808875,-0.8807732109220944,-1.0333115990304869,0.8524861362097464,-1.1459120588393625
2024-11-09 01:00:00,-1.261369237478599,-0.9674510461332897,-0.9532903827949687,1.125903994923328,-1.1994915170657992
2024-11-09 01:15:00,-1.2390206590289803,-0.9674510461332897,-0.9532903827949687,1.2170432811611887,-1.1637718782481747
2024-11-09 01:30:00,-1.2390206590289803,-1.054128881344485,-1.0333115990304869,1.308182567399049,-1.181631697656987
2024-11-09 01:45:00,-1.1943235021297431,-0.9674510461332897,-1.0333115990304869,1.4904611398747702,-1.092332600612926
2024-11-09 02:00:00,-1.1272777667808875,-1.054128881344485,-0.8732691665594505,0.7613468499718858,-1.1637718782481747
2024-11-09 02:15:00,-1.1719749236801247,-0.9674510461332897,-0.8732691665594505,1.3993218536369096,-1.0566129617953015
2024-11-09 02:30:00,-1.1943235021297431,-1.054128881344485,-0.9532903827949687,1.4904611398747702,-1.092332600612926
2024-11-09 02:45:00,-1.1719749236801247,-0.8807732109220944,-1.0333115990304869,0.8524861362097464,-1.181631697656987
2024-11-09 03:00:00,-1.3284149728274548,-0.9674510461332897,-0.9532903827949687,0.21451113254472265,-1.4316691693803578
2024-11-09 03:15:00,-1.1943235021297431,-0.9674510461332897,-1.0333115990304869,0.7613468499718858,-1.2352111558834236
2024-11-09 03:30:00,-1.2837178159282177,-1.054128881344485,-1.0333115990304869,0.12337184630686211,-1.44952898878917
2024-11-09 03:45:00,-1.2837178159282177,-0.8807732109220944,-0.8732691665594505,1.4904611398747702,-1.1101924200217381
2024-11-09 04:00:00,-0.00984884429995786,-0.9674510461332897,-0.5531843016173776,-0.058906726168858975,-0.342220185442813
2024-11-09 04:15:00,-0.12159173654805082,-0.3607061996549223,-0.5531843016173776,-0.7880210160717432,-0.4493791018956863
2024-11-09 04:30:00,-0.21098605034652518,-0.18735052923253165,-0.7132267340884141,-0.6968817298338827,-0.5029585601221229
2024-11-09 04:45:00,-0.18863747189690658,-1.054128881344485,-0.7932479503239322,0.21451113254472265,-0.5029585601221229
2024-11-09 05:00:00,0.2806826755450838,-0.6207397052885083,-0.5531843016173776,-0.6057424435960223,-0.14576217194587873
2024-11-09 05:15:00,0.03484831259927933,-0.18735052923253165,-0.9532903827949687,0.5790682774961649,-0.11004253312825431
2024-11-09 05:30:00,0.3924255677931768,-0.7940953757108989,-0.47316308538185947,0.12337184630686211,0.06855566095986779
2024-11-09 05:45:00,0.81704855833593,1.1128169989353984,0.16700664450228622,-0.9702995885474643,0.7293689790859196
2024-11-09 06:00:00,0.6829570876382185,0.8527834933018124,-0.23309943667530483,-0.9702995885474643,0.4793315073625486
2024-11-09 06:15:00,0.7946999798863115,0.766105658090617,0.487091509444359,-0.3323245848824406,0.8365278955387928
2024-11-09 06:30:00,0.5041684600412697,0.766105658090617,0.8871975906219501,-0.5146031573581616,0.6579297014506708
2024-11-09 06:45:00,1.1746258135298275,-0.1006726940213363,0.24702786073780442,-1.243717447261046,0.7293689790859196
2024-11-09 07:00:00,0.9064428721344044,0.15936081161224971,0.16700664450228622,-0.6968817298338827,0.6579297014506708
2024-11-09 07:15:00,1.8897803239176225,1.546206174991375,0.08698542826676801,-0.3323245848824406,1.78309832420584
2024-11-09 07:30:00,0.325379832444321,0.5060721524570311,0.8071763743864319,-1.061438874785325,0.33645295209205095
2024-11-09 07:45:00,1.7109916963206737,1.4595283397801795,0.16700664450228622,-1.243717447261046,1.46162157484722
2024-11-09 08:00:00,0.3477284108939396,1.546206174991375,0.7271551581509137,-1.1525781610231856,0.5329109655889852
2024-11-09 08:15:00,0.9734886074832602,0.5060721524570311,0.08698542826676801,-0.9702995885474643,0.7115091596771074
2024-11-09 08:30:00,1.4428087549252506,0.15936081161224971,0.006964212031249799,-1.1525781610231856,0.9615466314004782
2024-11-09 08:45:00,1.8897803239176225,0.5927499876682264,0.8071763743864319,-0.6057424435960223,1.6937992271617788
2024-11-09 09:00:00,-0.05454600119919504,-0.6207397052885083,0.08698542826676801,-0.7880210160717432,-0.3065005466251886
2024-11-09 09:15:00,-0.657957619338897,-0.534061870077313,0.16700664450228622,-1.1525781610231856,-0.8244353094807427
2024-11-09 09:30:00,-0.12159173654805082,-0.534061870077313,-0.5531843016173776,-0.6968817298338827,-0.4672389213044985
2024-11-09 09:45:00,-0.4344718348427111,-0.1006726940213363,-0.313120652910823,-0.15004601240671953,-0.4672389213044985
2024-11-09 10:00:00,0.2806826755450838,0.24603864682344503,1.0472400230929866,-0.3323245848824406,0.4436118685449242
2024-11-09 10:15:00,-0.2556832072457624,-0.6207397052885083,-0.1530782204397866,-1.061438874785325,-0.5743978377573717
2024-11-09 10:30:00,-0.5909118839900412,-0.18735052923253165,1.207282455564023,-0.6968817298338827,-0.3779398242604375
2024-11-09 10:45:00,-0.07689457964881363,-0.9674510461332897,-0.1530782204397866,1.3993218536369096,-0.020743436084193264
2024-11-09 11:00:00,-0.1439403149976694,-0.8807732109220944,-0.1530782204397866,1.308182567399049,-0.0743228943106299
2024-11-09 11:15:00,-0.09924315809843222,-0.7074175404997036,-0.39314186914634125,1.3993218536369096,-0.03860325549300547
2024-11-09 11:30:00,-0.07689457964881363,-0.18735052923253165,-0.0730570042042684,1.4904611398747702,0.17571457741274105
2024-11-09 11:45:00,-0.5238661486411854,-0.3607061996549223,-0.5531843016173776,1.4904611398747702,-0.3243603660340008
2024-11-09 12:00:00,-0.03219742274957645,-0.6207397052885083,-0.9532903827949687,1.3993218536369096,-0.0921827137194421
2024-11-09 12:15:00,-0.18863747189690658,-0.6207397052885083,-0.8732691665594505,0.9436254224476069,-0.2886407272163764
2024-11-09 12:30:00,0.05719689104889791,-0.7074175404997036,-0.313120652910823,0.6702075637340253,-0.03860325549300547
2024-11-09 12:45:00,-0.9261405607343202,-0.44738403486611766,-0.8732691665594505,0.9436254224476069,-0.8422951288895549
2024-11-09 13:00:00,-1.1943235021297431,-0.9674510461332897,1.6073885367416139,0.48792899125830425,-0.6994165736190572
2024-11-09 13:15:00,0.437122724692414,-0.8807732109220944,1.3673248880350592,-0.24118529864458005,0.425752049136112
2024-11-09 13:30:00,-0.5462147270908041,0.5060721524570311,1.3673248880350592,-0.42346387112030115,-0.11004253312825431
2024-11-09 13:45:00,-1.3284149728274548,0.3327164820346404,1.0472400230929866,-0.058906726168858975,-0.7708558512543061
2024-11-09 14:00:00,0.21363694019622806,-0.9674510461332897,0.40707029320884086,0.12337184630686211,0.08641548036867999
2024-11-09 14:15:00,0.5935627738397441,0.24603864682344503,0.32704907697332264,-0.3323245848824406,0.5329109655889852
2024-11-09 14:30:00,0.12424262639775369,-0.8807732109220944,-0.6332055178528959,0.12337184630686211,-0.19934163017231535
2024-11-09 14:45:00,0.7276542445374556,0.6794278228794217,0.6471339419153954,-0.42346387112030115,0.7829484373123562
2024-11-09 15:00:00,0.25833409709546523,-0.534061870077313,0.24702786073780442,0.8524861362097464,0.31859313268323874
2024-11-09 15:15:00,-0.09924315809843222,-1.054128881344485,0.8871975906219501,0.03223256006900157,-0.0921827137194421
2024-11-09 15:30:00,0.548865616940507,-0.6207397052885083,0.006964212031249799,-0.24118529864458005,0.2650136744568021
2024-11-09 15:45:00,1.196974391979446,-0.3607061996549223,1.687409752977132,-0.6057424435960223,1.1401448254886004
2024-11-09 16:00:00,1.2193229704290647,0.4193943172458357,1.9274734016836867,-0.42346387112030115,1.4080421166207835
2024-11-09 16:15:00,1.688643117871055,0.9394613285130077,0.8871975906219501,-0.3323245848824406,1.6759394077529666
2024-11-09 16:30:00,1.1746258135298275,1.546206174991375,1.207282455564023,-0.6968817298338827,1.3901822972119713
2024-11-09 16:45:00,1.6439459609718179,1.546206174991375,1.6073885367416139,-0.24118529864458005,1.9438366988851499
2024-11-09 17:00:00,1.4875059118244878,0.3327164820346404,0.006964212031249799,-0.6968817298338827,1.1222850060797882
2024-11-09 17:15:00,1.1075800781809717,1.1994948341465936,1.687409752977132,0.12337184630686211,1.533060852482469
2024-11-09 17:30:00,0.8840942936847858,0.3327164820346404,1.5273673205060956,-0.15004601240671953,1.0865653672621638
2024-11-09 17:45:00,1.1299286566305904,-0.18735052923253165,1.1272612393285046,-0.6968817298338827,0.9794064508092905
2024-11-09 18:00:00,1.8227345885687667,0.8527834933018124,0.32704907697332264,0.12337184630686211,1.7295188659794032
2024-11-09 18:15:00,1.6215973825221994,0.07268297640105437,0.16700664450228622,-0.5146031573581616,1.2473037419414736
2024-11-09 18:30:00,0.4147741462427954,-0.7074175404997036,0.08698542826676801,1.308182567399049,0.4614716879537364
2024-11-09 18:45:00,0.45947130314203255,-0.1006726940213363,-0.0730570042042684,-0.42346387112030115,0.2471538550479899
2024-11-09 19:00:00,0.21363694019622806,-0.8807732109220944,0.32704907697332264,1.125903994923328,0.2828734938656143
2024-11-09 19:15:00,-0.32272894259461815,-0.6207397052885083,-0.6332055178528959,-0.15004601240671953,-0.5565380183485595
2024-11-09 19:30:00,0.23598551864584666,0.5060721524570311,-0.6332055178528959,0.21451113254472265,0.19357439682155325
2024-11-09 19:45:00,0.03484831259927933,-0.013994858810140965,-0.23309943667530483,-0.24118529864458005,-0.0743228943106299
2024-11-09 20:00:00,0.7500028229870742,-0.7074175404997036,-0.313120652910823,0.03223256006900157,0.39003241031848757
2024-11-09 20:15:00,0.012499734149660732,0.5927499876682264,0.24702786073780442,1.0347647086854674,0.39003241031848757
2024-11-09 20:30:00,0.0795454694985165,-1.054128881344485,-0.39314186914634125,-0.5146031573581616,-0.342220185442813
2024-11-09 20:45:00,-0.3450775210442367,0.5060721524570311,-0.6332055178528959,1.3993218536369096,-0.03860325549300547
2024-11-09 21:00:00,-0.21098605034652518,0.5927499876682264,-0.1530782204397866,0.48792899125830425,0.014976202733431157
2024-11-09 21:15:00,0.928791450584023,0.4193943172458357,-0.1530782204397866,0.8524861362097464,0.9615466314004782
2024-11-09 21:30:00,0.9958371859328787,0.3327164820346404,-0.47316308538185947,1.3993218536369096,1.0329859090357272
2024-11-09 21:45:00,-1.3507635512770733,-1.054128881344485,-0.9532903827949687,0.48792899125830425,-1.4138093499715456
2024-11-09 22:00:00,-1.3284149728274548,-1.054128881344485,-0.9532903827949687,1.5816004261126306,-1.181631697656987
2024-11-09 22:15:00,-1.3507635512770733,-0.9674510461332897,-0.8732691665594505,0.12337184630686211,-1.44952898878917
2024-11-09 22:30:00,-1.3284149728274548,-0.8807732109220944,-0.9532903827949687,0.8524861362097464,-1.2887906141098602
2024-11-09 22:45:00,-1.3284149728274548,-1.054128881344485,-0.8732691665594505,1.3993218536369096,-1.1994915170657992
2024-11-09 23:00:00,-1.3507635512770733,-1.054128881344485,-0.8732691665594505,0.48792899125830425,-1.3959495305627334
2024-11-09 23:15:00,-1.2166720805793618,-0.8807732109220944,-0.8732691665594505,1.2170432811611887,-1.1101924200217381
2024-11-09 23:30:00,-1.3507635512770733,-0.8807732109220944,-0.8732691665594505,1.6727397123504912,-1.1280522394305503
2024-11-09 23:45:00,-1.2390206590289803,-0.9674510461332897,-1.0333115990304869,0.5790682774961649,-1.3066504335186724
2024-11-10 00:00:00,-0.7697005115869899,-1.054128881344485,-0.7132267340884141,-1.3348567334989065,-1.2530709752922358
2024-11-10 00:15:00,-0.3674260994938553,-1.054128881344485,-0.7932479503239322,-1.4259960197367672,-0.9673138647512404
2024-11-10 00:30:00,-0.4344718348427111,-1.054128881344485,-0.7932479503239322,-1.1525781610231856,-0.9673138647512404
2024-11-10 00:45:00,-0.32272894259461815,-1.054128881344485,-0.8732691665594505,-1.243717447261046,-0.9137344065248038
2024-11-10 01:00:00,-0.18863747189690658,-0.534061870077313,0.16700664450228622,-0.24118529864458005,-0.2707809078075642
2024-11-10 01:15:00,-0.47916899174194827,-1.054128881344485,-0.6332055178528959,-1.3348567334989065,-1.003033503568865
2024-11-10 01:30:00,-0.6356090408892784,-1.054128881344485,-0.9532903827949687,-1.3348567334989065,-1.1994915170657992
2024-11-10 01:45:00,-0.5238661486411854,-0.7074175404997036,-0.7132267340884141,-1.243717447261046,-0.9673138647512404
2024-11-10 02:00:00,-0.32272894259461815,-1.054128881344485,-0.313120652910823,-1.061438874785325,-0.7529960318454939
2024-11-10 02:15:00,-0.7026547762381342,-1.054128881344485,-0.7132267340884141,-1.061438874785325,-1.1459120588393625
2024-11-10 02:30:00,-0.4568204132923297,-1.054128881344485,-0.9532903827949687,-1.6082745922124881,-1.1101924200217381
2024-11-10 02:45:00,-0.4568204132923297,-1.054128881344485,-0.9532903827949687,-1.4259960197367672,-1.0744727812041137
2024-11-10 03:00:00,-0.3450775210442367,-1.054128881344485,-0.7932479503239322,-1.6994138784503487,-1.003033503568865
2024-11-10 03:15:00,-0.7026547762381342,-1.054128881344485,-0.7132267340884141,-1.3348567334989065,-1.1994915170657992
2024-11-10 03:30:00,1.420460176475632,0.8527834933018124,2.3275794828612777,-1.6082745922124881,1.5152010330736567
2024-11-10 03:45:00,1.7556888532199109,0.3327164820346404,2.887727996509905,-1.6994138784503487,1.78309832420584
2024-11-10 04:00:00,1.0181857643824974,1.3728505045689845,0.5671127256798772,-1.4259960197367672,0.943686811991666
2024-11-10 04:15:00,0.03484831259927933,-0.1006726940213363,-0.23309943667530483,-0.24118529864458005,-0.0921827137194421
2024-11-10 04:30:00,-0.00984884429995786,1.026139163724203,-0.47316308538185947,-0.24118529864458005,0.050695841551055575
2024-11-10 04:45:00,0.6382599307389812,1.286172669357789,-0.47316308538185947,-0.24118529864458005,0.6222100626330462
2024-11-10 05:00:00,0.6382599307389812,0.6794278228794217,-0.39314186914634125,-1.061438874785325,0.35431277150086316
2024-11-10 05:15:00,0.03484831259927933,1.4595283397801795,-0.6332055178528959,-0.7880210160717432,0.03283602214224337
2024-11-10 05:30:00,-0.21098605034652518,-0.013994858810140965,-0.8732691665594505,-0.42346387112030115,-0.4493791018956863
2024-11-10 05:45:00,-0.18863747189690658,0.07268297640105437,-0.7932479503239322,-0.6968817298338827,-0.4493791018956863
2024-11-10 06:00:00,1.420460176475632,0.8527834933018124,2.3275794828612777,-1.6082745922124881,1.5152010330736567
2024-11-10 06:15:00,1.7556888532199109,0.3327164820346404,2.887727996509905,-1.6994138784503487,1.78309832420584
2024-11-10 06:30:00,1.0181857643824974,1.3728505045689845,0.5671127256798772,-1.4259960197367672,0.943686811991666
2024-11-10 06:45:00,1.2193229704290647,1.286172669357789,2.6476643478033504,-1.4259960197367672,1.5509206718912811
2024-11-10 07:00:00,0.81704855833593,2.326306691892133,2.7276855640388686,-1.6082745922124881,1.4259019360295957
2024-11-10 07:15:00,1.7780374316695295,0.9394613285130077,1.1272612393285046,-1.6994138784503487,1.533060852482469
2024-11-10 07:30:00,1.085231499731353,2.1529510214697423,0.6471339419153954,-1.243717447261046,1.2115841031238492
2024-11-10 07:45:00,0.9511400290336416,0.5060721524570311,0.7271551581509137,-1.6082745922124881,0.7115091596771074
2024-11-10 08:00:00,1.2640201273283018,1.3728505045689845,1.6073885367416139,-1.6082745922124881,1.3366028389855347
2024-11-10 08:15:00,1.085231499731353,2.326306691892133,1.3673248880350592,-1.4259960197367672,1.372322477803159
2024-11-10 08:30:00,1.8897803239176225,2.066273186258547,0.9672188068574683,-1.6082745922124881,1.8366777824322766
2024-11-10 08:45:00,0.928791450584023,-0.18735052923253165,2.887727996509905,-1.5171353059746275,1.0508457284445394
2024-11-10 09:00:00,1.308717284227539,1.026139163724203,0.7271551581509137,-1.6994138784503487,1.0865653672621638
2024-11-10 09:15:00,0.25833409709546523,0.3327164820346404,2.087515834154723,0.9436254224476069,0.9258269925828538
2024-11-10 09:30:00,-1.1272777667808875,0.9394613285130077,1.3673248880350592,0.21451113254472265,-0.3600800048516252
2024-11-10 09:45:00,-0.7473519331373714,0.8527834933018124,2.007494617919205,0.21451113254472265,0.06855566095986779
2024-11-10 10:00:00,0.05719689104889791,0.07268297640105437,1.287303671799541,0.48792899125830425,0.4436118685449242
2024-11-10 10:15:00,-0.8590948253854643,0.3327164820346404,1.8474521854481685,1.0347647086854674,-0.0028836166753810535
2024-11-10 10:30:00,0.23598551864584666,-0.44738403486611766,-0.1530782204397866,-0.3323245848824406,-0.0028836166753810535
2024-11-10 10:45:00,-0.5462147270908041,0.9394613285130077,0.5671127256798772,-0.15004601240671953,-0.14576217194587873
2024-11-10 11:00:00,-0.7250033546877528,-0.18735052923253165,-0.7932479503239322,0.9436254224476069,-0.6101174765749962
2024-11-10 11:15:00,-0.166288893447288,-0.3607061996549223,0.08698542826676801,0.9436254224476069,-0.0028836166753810535
2024-11-10 11:30:00,-0.00984884429995786,-0.44738403486611766,-0.1530782204397866,0.6702075637340253,-0.0028836166753810535
2024-11-10 11:45:00,-0.4121232563930925,-0.27402836444372697,-0.5531843016173776,0.9436254224476069,-0.3243603660340008
2024-11-10 12:00:00,-0.6132604624396598,-0.18735052923253165,-0.6332055178528959,0.5790682774961649,-0.5565380183485595
2024-11-10 12:15:00,-0.18863747189690658,-0.3607061996549223,-0.0730570042042684,0.9436254224476069,-0.056463074901817685
2024-11-10 12:30:00,-1.0155348745327946,-0.534061870077313,-0.7132267340884141,0.12337184630686211,-1.0566129617953015
2024-11-10 12:45:00,-0.9261405607343202,-0.27402836444372697,0.08698542826676801,0.39678970502044375,-0.6994165736190572
2024-11-10 13:00:00,-0.3003803641449995,-0.18735052923253165,0.006964212031249799,0.21451113254472265,-0.2350612689899398
2024-11-10 13:15:00,0.30303125399470243,0.24603864682344503,1.8474521854481685,-0.058906726168858975,0.6936493402682952
2024-11-10 13:30:00,0.4147741462427954,1.026139163724203,0.7271551581509137,-0.058906726168858975,0.6936493402682952
2024-11-10 13:45:00,-0.1439403149976694,0.5927499876682264,1.7674309692126502,-0.24118529864458005,0.35431277150086316
2024-11-10 14:00:00,0.5041684600412697,1.1994948341465936,1.4473461042705773,0.03223256006900157,0.9794064508092905
2024-11-10 14:15:00,-0.9261405607343202,-0.1006726940213363,1.5273673205060956,-0.5146031573581616,-0.5208183795309351
2024-11-10 14:30:00,0.9958371859328787,0.4193943172458357,0.8071763743864319,0.12337184630686211,1.0865653672621638
2024-11-10 14:45:00,-0.8143976684862272,1.1994948341465936,-0.6332055178528959,-1.1525781610231856,-0.7708558512543061
2024-11-10 15:00:00,-0.5015175701915668,1.1994948341465936,-0.1530782204397866,0.12337184630686211,-0.16362199135469094
2024-11-10 15:15:00,0.05719689104889791,1.3728505045689845,-0.313120652910823,-0.3323245848824406,0.19357439682155325
2024-11-10 15:30:00,0.9511400290336416,0.3327164820346404,-0.39314186914634125,-0.058906726168858975,0.7293689790859196
2024-11-10 15:45:00,0.7946999798863115,1.1994948341465936,-0.39314186914634125,-0.42346387112030115,0.7115091596771074
2024-11-10 16:00:00,1.688643117871055,1.6328840102025703,1.8474521854481685,-1.1525781610231856,1.872397421249901
2024-11-10 16:15:00,1.2193229704290647,1.1128169989353984,1.207282455564023,-1.243717447261046,1.2294439225326614
2024-11-10 16:30:00,1.5992488040725807,0.9394613285130077,2.4876219153323142,-1.243717447261046,1.78309832420584
2024-11-10 16:45:00,1.308717284227539,-0.1006726940213363,1.3673248880350592,-1.061438874785325,1.1222850060797882
2024-11-10 17:00:00,1.7780374316695295,1.1128169989353984,2.887727996509905,-1.061438874785325,2.0867152541556475
2024-11-10 17:15:00,1.2640201273283018,2.1529510214697423,0.8071763743864319,-0.9702995885474643,1.443761755438408
2024-11-10 17:30:00,1.576900225622962,1.546206174991375,0.5671127256798772,-0.8791603023096038,1.533060852482469
2024-11-10 17:45:00,1.7780374316695295,0.5060721524570311,2.167537050390241,-0.8791603023096038,1.8366777824322766
2024-11-10 18:00:00,1.6215973825221994,1.8929175158361562,1.207282455564023,-1.243717447261046,1.711659046570591
2024-11-10 18:15:00,1.2863687057779205,-0.18735052923253165,1.287303671799541,-0.9702995885474643,1.0865653672621638
2024-11-10 18:30:00,0.8840942936847858,0.24603864682344503,0.6471339419153954,-0.8791603023096038,0.7293689790859196
2024-11-10 18:45:00,0.21363694019622806,0.8527834933018124,0.5671127256798772,-0.6968817298338827,0.33645295209205095
2024-11-10 19:00:00,0.548865616940507,-0.013994858810140965,-0.23309943667530483,-0.5146031573581616,0.2828734938656143
2024-11-10 19:15:00,0.81704855833593,0.8527834933018124,0.5671127256798772,-0.24118529864458005,0.9079671731740416
2024-11-10 19:30:00,-0.09924315809843222,0.5060721524570311,0.16700664450228622,0.7613468499718858,0.21143421623036546
2024-11-10 19:45:00,0.1018940479481351,-0.3607061996549223,0.08698542826676801,-1.1525781610231856,-0.19934163017231535
2024-11-10 20:00:00,0.325379832444321,0.4193943172458357,-0.0730570042042684,1.3993218536369096,0.604350243224234
2024-11-10 20:15:00,-0.07689457964881363,-0.013994858810140965,0.08698542826676801,0.03223256006900157,-0.03860325549300547
2024-11-10 20:30:00,0.6829570876382185,-0.6207397052885083,-0.1530782204397866,-0.5146031573581616,0.2828734938656143
2024-11-10 20:45:00,0.81704855833593,-0.534061870077313,-0.0730570042042684,-0.5146031573581616,0.425752049136112
2024-11-10 21:00:00,0.5712141953901255,0.15936081161224971,0.16700664450228622,-1.1525781610231856,0.30073331327442654
2024-11-10 21:15:00,0.6606085091885999,-0.3607061996549223,0.32704907697332264,-0.5146031573581616,0.425752049136112
2024-11-10 21:30:00,0.21363694019622806,0.24603864682344503,-0.0730570042042684,0.21451113254472265,0.2471538550479899
2024-11-10 21:45:00,-0.27803178569538095,0.766105658090617,0.5671127256798772,-0.7880210160717432,-0.0921827137194421
2024-11-10 22:00:00,-1.1719749236801247,-0.9674510461332897,-1.0333115990304869,0.03223256006900157,-1.360229891745109
2024-11-10 22:15:00,-1.2390206590289803,-1.054128881344485,-0.9532903827949687,0.48792899125830425,-1.3245102529274846
2024-11-10 22:30:00,-1.1049291883312689,-0.8807732109220944,-1.0333115990304869,1.308182567399049,-1.0387531423864893
2024-11-10 22:45:00,-1.2166720805793618,-0.9674510461332897,-1.0333115990304869,0.9436254224476069,-1.2173513364746114
2024-11-10 23:00:00,-1.0602320314320317,-0.8807732109220944,-0.9532903827949687,-0.5146031573581616,-1.3423700723362968
2024-11-10 23:15:00,-1.1272777667808875,-1.054128881344485,-0.9532903827949687,-0.6968817298338827,-1.4673888081979822
2024-11-10 23:30:00,-1.149626345230506,-0.9674510461332897,-1.0333115990304869,1.308182567399049,-1.092332600612926
2024-11-10 23:45:00,-1.0825806098816502,-0.8807732109220944,-1.0333115990304869,0.3056504187825832,-1.2173513364746114
2024-11-11 00:00:00,-1.1943235021297431,-0.8807732109220944,-0.9532903827949687,-0.15004601240671953,-1.3780897111539212
2024-11-11 00:15:00,-1.0602320314320317,-1.054128881344485,-1.0333115990304869,0.9436254224476069,-1.1101924200217381
2024-11-11 00:30:00,-1.1049291883312689,-0.9674510461332897,-1.0333115990304869,-0.42346387112030115,-1.3959495305627334
2024-11-11 00:45:00,-1.0155348745327946,-1.054128881344485,-1.0333115990304869,-0.42346387112030115,-1.3423700723362968
2024-11-11 01:00:00,-1.0155348745327946,-0.9674510461332897,-0.9532903827949687,1.0347647086854674,-1.020893322977677
2024-11-11 01:15:00,-1.1272777667808875,-1.054128881344485,-0.9532903827949687,0.39678970502044375,-1.2530709752922358
2024-11-11 01:30:00,-1.1049291883312689,-1.054128881344485,-0.9532903827949687,0.6702075637340253,-1.181631697656987
2024-11-11 01:45:00,-1.0602320314320317,-0.7074175404997036,-1.0333115990304869,-0.6968817298338827,-1.360229891745109
2024-11-11 02:00:00,-1.0825806098816502,-0.7940953757108989,-0.9532903827949687,1.5816004261126306,-0.931594225933616
2024-11-11 02:15:00,-1.149626345230506,-0.7074175404997036,-0.9532903827949687,-0.7880210160717432,-1.4316691693803578
2024-11-11 02:30:00,-1.0602320314320317,-0.8807732109220944,-0.9532903827949687,0.5790682774961649,-1.1280522394305503
2024-11-11 02:45:00,-1.1943235021297431,-0.8807732109220944,-1.0333115990304869,0.03223256006900157,-1.360229891745109
2024-11-11 03:00:00,-1.2166720805793618,-0.7074175404997036,-1.0333115990304869,1.0347647086854674,-1.1459120588393625
2024-11-11 03:15:00,-1.037883452982413,-0.9674510461332897,-0.9532903827949687,1.5816004261126306,-0.931594225933616
2024-11-11 03:30:00,-1.2390206590289803,-0.7074175404997036,-1.0333115990304869,1.5816004261126306,-1.0566129617953015
2024-11-11 03:45:00,-1.0155348745327946,-0.9674510461332897,-0.9532903827949687,1.2170432811611887,-0.9851736841600526
2024-11-11 04:00:00,-1.1272777667808875,-0.6207397052885083,-0.9532903827949687,1.9461575710640728,-0.8601549482983671
2024-11-11 04:15:00,0.8617457152351672,-0.534061870077313,-0.6332055178528959,-1.6082745922124881,0.12213511918630442
2024-11-11 04:30:00,0.9734886074832602,1.1128169989353984,-0.7932479503239322,-0.9702995885474643,0.6400698820418586
2024-11-11 04:45:00,0.3700769893435582,0.9394613285130077,-0.39314186914634125,0.12337184630686211,0.425752049136112
2024-11-11 05:00:00,0.3477284108939396,1.1128169989353984,-0.9532903827949687,-0.058906726168858975,0.2828734938656143
2024-11-11 05:15:00,0.6606085091885999,0.3327164820346404,-0.23309943667530483,-1.6082745922124881,0.22929403563917766
2024-11-11 05:30:00,0.5712141953901255,1.026139163724203,-0.47316308538185947,-1.1525781610231856,0.33645295209205095
2024-11-11 05:45:00,0.3477284108939396,1.546206174991375,-0.23309943667530483,-1.6994138784503487,0.21143421623036546
2024-11-11 06:00:00,1.3310658626771577,0.07268297640105437,1.0472400230929866,-1.5171353059746275,1.015126089626915
2024-11-11 06:15:00,1.3310658626771577,2.326306691892133,2.887727996509905,-1.4259960197367672,1.9081170600675255
2024-11-11 06:30:00,1.3310658626771577,1.8929175158361562,1.9274734016836867,-1.6082745922124881,1.5687804913000933
2024-11-11 06:45:00,1.3310658626771577,0.5927499876682264,0.9672188068574683,-1.3348567334989065,1.1401448254886004
2024-11-11 07:00:00,1.3310658626771577,0.24603864682344503,2.887727996509905,-1.6994138784503487,1.4259019360295957
2024-11-11 07:15:00,1.3310658626771577,1.7195618454137656,2.9677492127454235,-1.243717447261046,1.8366777824322766
2024-11-11 07:30:00,1.3310658626771577,2.2396288566809375,2.9677492127454235,-1.6082745922124881,1.872397421249901
2024-11-11 07:45:00,1.3310658626771577,1.4595283397801795,1.287303671799541,-1.4259960197367672,1.372322477803159
2024-11-11 08:00:00,1.3310658626771577,1.6328840102025703,2.807706780274387,-1.3348567334989065,1.7652385047970278
2024-11-11 08:15:00,1.3310658626771577,1.7195618454137656,2.9677492127454235,-1.6994138784503487,1.7473786853882156
2024-11-11 08:30:00,1.3310658626771577,1.6328840102025703,2.5676431315678325,-1.6994138784503487,1.6402197689353422
2024-11-11 08:45:00,1.3310658626771577,0.766105658090617,0.5671127256798772,-1.6082745922124881,1.0329859090357272
2024-11-11 09:00:00,1.3310658626771577,1.3728505045689845,1.8474521854481685,-1.6994138784503487,1.4259019360295957
2024-11-11 09:15:00,-0.5909118839900412,-0.18735052923253165,1.9274734016836867,-0.24118529864458005,-0.12790235253706653
2024-11-11 09:30:00,0.5265170384908884,-0.3607061996549223,-0.0730570042042684,-0.5146031573581616,0.22929403563917766
2024-11-11 09:45:00,-0.32272894259461815,0.3327164820346404,0.24702786073780442,-0.5146031573581616,-0.2350612689899398
2024-11-11 10:00:00,-1.0825806098816502,-0.27402836444372697,0.40707029320884086,0.8524861362097464,-0.6636969348014328
2024-11-11 10:15:00,-0.3897746779434739,1.1128169989353984,1.8474521854481685,0.21451113254472265,0.37217259090967536
2024-11-11 10:30:00,0.6159113522893627,-0.44738403486611766,1.3673248880350592,-0.24118529864458005,0.6579297014506708
2024-11-11 10:45:00,-0.23333462879614378,0.24603864682344503,1.8474521854481685,-0.3323245848824406,0.21143421623036546
2024-11-11 11:00:00,-0.32272894259461815,-0.18735052923253165,-0.39314186914634125,0.3056504187825832,-0.3243603660340008
2024-11-11 11:15:00,-0.32272894259461815,-0.44738403486611766,-0.7932479503239322,0.48792899125830425,-0.4315192824868741
2024-11-11 11:30:00,-0.32272894259461815,-0.27402836444372697,-0.47316308538185947,1.0347647086854674,-0.21720144958112758
2024-11-11 11:45:00,-0.32272894259461815,-0.44738403486611766,0.08698542826676801,0.12337184630686211,-0.3065005466251886
2024-11-11 12:00:00,-0.32272894259461815,-0.18735052923253165,0.08698542826676801,0.12337184630686211,-0.252921088398752
2024-11-11 12:15:00,-0.32272894259461815,-0.18735052923253165,-0.5531843016173776,0.3056504187825832,-0.3600800048516252
2024-11-11 12:30:00,-0.32272894259461815,-0.3607061996549223,-0.1530782204397866,0.3056504187825832,-0.3065005466251886
2024-11-11 12:45:00,-0.32272894259461815,-0.534061870077313,-0.23309943667530483,0.6702075637340253,-0.2886407272163764
2024-11-11 13:00:00,-0.32272894259461815,-0.44738403486611766,-0.47316308538185947,0.7613468499718858,-0.3065005466251886
2024-11-11 13:15:00,0.8617457152351672,0.4193943172458357,0.9672188068574683,0.12337184630686211,1.015126089626915
2024-11-11 13:30:00,-1.3284149728274548,1.3728505045689845,1.1272612393285046,-0.42346387112030115,-0.6101174765749962
2024-11-11 13:45:00,-0.2556832072457624,1.4595283397801795,1.9274734016836867,-0.8791603023096038,0.35431277150086316
2024-11-11 14:00:00,-0.5015175701915668,0.07268297640105437,1.3673248880350592,0.12337184630686211,-0.056463074901817685
2024-11-11 14:15:00,-0.12159173654805082,0.766105658090617,1.0472400230929866,-0.6968817298338827,0.15785475800392884
2024-11-11 14:30:00,0.7946999798863115,0.9394613285130077,-0.39314186914634125,0.12337184630686211,0.765088617903544
2024-11-11 14:45:00,-0.07689457964881363,1.1994948341465936,0.487091509444359,-0.6968817298338827,0.15785475800392884
2024-11-11 15:00:00,-0.5909118839900412,1.026139163724203,0.006964212031249799,-0.6968817298338827,-0.3957996436692497
2024-11-11 15:15:00,0.548865616940507,0.6794278228794217,1.7674309692126502,-1.061438874785325,0.765088617903544
2024-11-11 15:30:00,0.9734886074832602,1.546206174991375,0.7271551581509137,0.12337184630686211,1.283023380759098
2024-11-11 15:45:00,0.05719689104889791,1.1994948341465936,0.9672188068574683,0.12337184630686211,0.5329109655889852
2024-11-11 16:00:00,1.7109916963206737,0.8527834933018124,1.9274734016836867,-1.1525781610231856,1.7473786853882156
2024-11-11 16:15:00,1.0628829212817346,0.15936081161224971,0.5671127256798772,-1.243717447261046,0.765088617903544
2024-11-11 16:30:00,1.7109916963206737,0.07268297640105437,1.9274734016836867,-0.9702995885474643,1.62235994952653
2024-11-11 16:45:00,0.9511400290336416,0.9394613285130077,1.0472400230929866,-0.8791603023096038,1.015126089626915
2024-11-11 17:00:00,1.2640201273283018,1.4595283397801795,1.3673248880350592,-1.061438874785325,1.4080421166207835
2024-11-11 17:15:00,1.5098544902741065,-0.013994858810140965,1.3673248880350592,-1.061438874785325,1.3008832001679103
2024-11-11 17:30:00,1.1746258135298275,0.9394613285130077,2.007494617919205,-0.7880210160717432,1.4259019360295957
2024-11-11 17:45:00,1.2416715488786834,1.9795953510473516,1.0472400230929866,-0.9702995885474643,1.443761755438408
2024-11-11 18:00:00,1.1299286566305904,0.9394613285130077,0.5671127256798772,-0.9702995885474643,1.0329859090357272
2024-11-11 18:15:00,1.4875059118244878,-0.013994858810140965,1.1272612393285046,-0.9702995885474643,1.2473037419414736
2024-11-11 18:30:00,1.7556888532199109,0.4193943172458357,1.6073885367416139,-1.061438874785325,1.6402197689353422
2024-11-11 18:45:00,0.8393971367855486,0.766105658090617,-0.1530782204397866,-0.6968817298338827,0.6579297014506708
2024-11-11 19:00:00,0.928791450584023,0.24603864682344503,-0.23309943667530483,-0.3323245848824406,0.675789520859483
2024-11-11 19:15:00,-0.3450775210442367,-0.18735052923253165,-0.23309943667530483,-0.15004601240671953,-0.3957996436692497
2024-11-11 19:30:00,0.9511400290336416,0.24603864682344503,-0.23309943667530483,-1.1525781610231856,0.5329109655889852
2024-11-11 19:45:00,0.9511400290336416,1.026139163724203,0.16700664450228622,0.9436254224476069,1.193724283715037
2024-11-11 20:00:00,0.7946999798863115,-0.534061870077313,0.16700664450228622,-0.5146031573581616,0.4614716879537364
2024-11-11 20:15:00,-0.23333462879614378,0.4193943172458357,-0.0730570042042684,0.03223256006900157,-0.11004253312825431
2024-11-11 20:30:00,0.25833409709546523,-0.44738403486611766,0.5671127256798772,-0.24118529864458005,0.19357439682155325
2024-11-11 20:45:00,0.5712141953901255,-0.013994858810140965,0.487091509444359,-0.9702995885474643,0.37217259090967536
2024-11-11 21:00:00,0.6606085091885999,1.1128169989353984,0.32704907697332264,0.9436254224476069,1.015126089626915
2024-11-11 21:15:00,0.2806826755450838,0.4193943172458357,0.32704907697332264,0.7613468499718858,0.5329109655889852
2024-11-11 21:30:00,0.7276542445374556,0.3327164820346404,0.24702786073780442,0.21451113254472265,0.7472287984947318
2024-11-11 21:45:00,0.45947130314203255,0.07268297640105437,-0.1530782204397866,1.4904611398747702,0.6400698820418586
2024-11-11 22:00:00,-1.0602320314320317,-0.7074175404997036,-1.0333115990304869,-0.24118529864458005,-1.270930794701048
2024-11-11 22:15:00,-1.0602320314320317,-0.6207397052885083,-1.0333115990304869,-0.6057424435960223,-1.3245102529274846
2024-11-11 22:30:00,-1.0602320314320317,-0.8807732109220944,-0.9532903827949687,0.5790682774961649,-1.1280522394305503
2024-11-11 22:45:00,-1.0602320314320317,-0.9674510461332897,-1.0333115990304869,-0.15004601240671953,-1.3066504335186724
2024-11-11 23:00:00,-1.0602320314320317,-0.6207397052885083,-1.0333115990304869,0.21451113254472265,-1.1637718782481747
2024-11-11 23:15:00,-1.0602320314320317,-1.054128881344485,-0.9532903827949687,-0.6057424435960223,-1.3959495305627334
2024-11-11 23:30:00,-1.0602320314320317,-0.7940953757108989,-0.9532903827949687,0.8524861362097464,-1.0566129617953015
2024-11-11 23:45:00,-1.0602320314320317,-0.7074175404997036,-0.9532903827949687,1.9461575710640728,-0.8244353094807427
2024-11-12 00:00:00,-1.0602320314320317,-0.9674510461332897,-0.9532903827949687,1.8550182848262124,-0.8958745871159915
2024-11-12 00:15:00,-1.0602320314320317,-0.7074175404997036,-1.0333115990304869,1.0347647086854674,-1.020893322977677
2024-11-12 00:30:00,-1.0602320314320317,-0.6207397052885083,-0.9532903827949687,-0.5146031573581616,-1.2887906141098602
2024-11-12 00:45:00,-1.0602320314320317,-0.8807732109220944,-1.0333115990304869,1.6727397123504912,-0.931594225933616
2024-11-12 01:00:00,-1.0602320314320317,-1.054128881344485,-1.0333115990304869,-0.5146031573581616,-1.3959495305627334
2024-11-12 01:15:00,-1.0602320314320317,-0.6207397052885083,-1.0333115990304869,-0.6968817298338827,-1.3423700723362968
2024-11-12 01:30:00,-1.0602320314320317,-0.6207397052885083,-0.9532903827949687,-0.6057424435960223,-1.3066504335186724
2024-11-12 01:45:00,-1.0602320314320317,-0.9674510461332897,-0.9532903827949687,-0.24118529864458005,-1.3066504335186724
2024-11-12 02:00:00,-1.0602320314320317,-0.9674510461332897,-0.9532903827949687,1.3993218536369096,-0.9851736841600526
2024-11-12 02:15:00,-1.0602320314320317,-0.9674510461332897,-1.0333115990304869,0.48792899125830425,-1.181631697656987
2024-11-12 02:30:00,-1.0602320314320317,-1.054128881344485,-1.0333115990304869,0.39678970502044375,-1.2173513364746114
2024-11-12 02:45:00,-1.0602320314320317,-1.054128881344485,-1.0333115990304869,0.7613468499718858,-1.1459120588393625
2024-11-12 03:00:00,-1.0602320314320317,-0.6207397052885083,-1.0333115990304869,0.8524861362097464,-1.0387531423864893
2024-11-12 03:15:00,-1.0602320314320317,-0.9674510461332897,-1.0333115990304869,-0.42346387112030115,-1.360229891745109
2024-11-12 03:30:00,-1.0602320314320317,-0.6207397052885083,-1.0333115990304869,0.5790682774961649,-1.092332600612926
2024-11-12 03:45:00,-1.0602320314320317,-0.7074175404997036,-0.9532903827949687,1.0347647086854674,-1.003033503568865
2024-11-12 04:00:00,-1.0602320314320317,-0.6207397052885083,-0.9532903827949687,1.0347647086854674,-0.9851736841600526
2024-11-12 04:15:00,-0.07689457964881363,1.026139163724203,-0.47316308538185947,-1.5171353059746275,-0.252921088398752
2024-11-12 04:30:00,-0.32272894259461815,0.9394613285130077,-0.5531843016173776,-1.6082745922124881,-0.5029585601221229
2024-11-12 04:45:00,1.085231499731353,0.9394613285130077,-0.23309943667530483,0.03223256006900157,1.015126089626915
2024-11-12 05:00:00,0.437122724692414,0.8527834933018124,-0.313120652910823,-0.8791603023096038,0.2828734938656143
2024-11-12 05:15:00,0.81704855833593,1.026139163724203,-0.7132267340884141,0.12337184630686211,0.7293689790859196
2024-11-12 05:30:00,0.7946999798863115,0.5060721524570311,-0.7932479503239322,-0.15004601240671953,0.5329109655889852
2024-11-12 05:45:00,1.1299286566305904,0.5927499876682264,-1.0333115990304869,-0.15004601240671953,0.765088617903544
2024-11-12 06:00:00,1.1522772350802089,2.2396288566809375,2.9677492127454235,-1.243717447261046,1.8009581436146522
2024-11-12 06:15:00,1.085231499731353,1.7195618454137656,1.687409752977132,-1.5171353059746275,1.3008832001679103
2024-11-12 06:30:00,1.2193229704290647,0.4193943172458357,0.8071763743864319,-1.6082745922124881,0.9258269925828538
2024-11-12 06:45:00,1.7780374316695295,0.6794278228794217,0.9672188068574683,-1.5171353059746275,1.4794813942560323
2024-11-12 07:00:00,1.3310658626771577,1.546206174991375,2.807706780274387,-1.6082745922124881,1.6937992271617788
2024-11-12 07:15:00,0.8393971367855486,1.286172669357789,2.5676431315678325,-1.6082745922124881,1.193724283715037
2024-11-12 07:30:00,1.085231499731353,0.6794278228794217,2.407600699096796,-1.6082745922124881,1.2294439225326614
2024-11-12 07:45:00,1.7780374316695295,-0.18735052923253165,2.4876219153323142,-1.6082745922124881,1.62235994952653
2024-11-12 08:00:00,1.8227345885687667,1.6328840102025703,0.5671127256798772,-1.3348567334989065,1.6580795883441544
2024-11-12 08:15:00,0.8617457152351672,1.026139163724203,2.167537050390241,-1.6994138784503487,1.0508457284445394
2024-11-12 08:30:00,1.308717284227539,-0.1006726940213363,0.7271551581509137,-1.6994138784503487,0.854387714947605
2024-11-12 08:45:00,0.7946999798863115,2.1529510214697423,1.4473461042705773,-1.3348567334989065,1.1401448254886004
2024-11-12 09:00:00,1.7556888532199109,1.546206174991375,1.9274734016836867,-1.6082745922124881,1.8366777824322766
2024-11-12 09:15:00,-0.9261405607343202,0.5060721524570311,1.9274734016836867,-0.058906726168858975,-0.21720144958112758
2024-11-12 09:30:00,-0.9261405607343202,-0.3607061996549223,0.32704907697332264,0.5790682774961649,-0.6279772959838084
2024-11-12 09:45:00,-1.1049291883312689,0.8527834933018124,-0.0730570042042684,0.12337184630686211,-0.6994165736190572
2024-11-12 10:00:00,-0.8814434038350829,-0.8807732109220944,2.087515834154723,0.6702075637340253,-0.2886407272163764
2024-11-12 10:15:00,0.548865616940507,-0.44738403486611766,0.40707029320884086,-0.3323245848824406,0.37217259090967536
2024-11-12 10:30:00,-0.1439403149976694,-0.534061870077313,-0.1530782204397866,-0.6968817298338827,-0.3957996436692497
2024-11-12 10:45:00,-0.8367462469358458,-0.44738403486611766,0.7271551581509137,-0.058906726168858975,-0.6101174765749962
2024-11-12 11:00:00,-0.12159173654805082,-0.6207397052885083,0.08698542826676801,0.21451113254472265,-0.16362199135469094
2024-11-12 11:15:00,0.0795454694985165,-0.27402836444372697,-0.39314186914634125,0.39678970502044375,-0.0028836166753810535
2024-11-12 11:30:00,-0.1439403149976694,-0.27402836444372697,-0.0730570042042684,0.6702075637340253,-0.056463074901817685
2024-11-12 11:45:00,-0.9261405607343202,-0.18735052923253165,-0.6332055178528959,0.21451113254472265,-0.8780147677071793
2024-11-12 12:00:00,-0.5462147270908041,-0.44738403486611766,-0.47316308538185947,0.21451113254472265,-0.592257657166184
2024-11-12 12:15:00,-0.3897746779434739,-0.18735052923253165,-0.313120652910823,0.9436254224476069,-0.2350612689899398
2024-11-12 12:30:00,-0.1439403149976694,-0.18735052923253165,0.08698542826676801,0.39678970502044375,-0.056463074901817685
2024-11-12 12:45:00,0.03484831259927933,-0.44738403486611766,-0.0730570042042684,0.8524861362097464,0.08641548036867999
2024-11-12 13:00:00,-0.3003803641449995,-0.27402836444372697,-0.39314186914634125,0.12337184630686211,-0.3600800048516252
2024-11-12 13:15:00,-0.4568204132923297,1.1994948341465936,1.287303671799541,-0.7880210160717432,0.014976202733431157
2024-11-12 13:30:00,-1.149626345230506,0.766105658090617,-0.47316308538185947,-0.058906726168858975,-0.8780147677071793
2024-11-12 13:45:00,-0.23333462879614378,0.8527834933018124,0.8871975906219501,-0.7880210160717432,0.03283602214224337
2024-11-12 14:00:00,-0.4568204132923297,0.15936081161224971,2.087515834154723,-1.243717447261046,-0.11004253312825431
2024-11-12 14:15:00,0.548865616940507,0.4193943172458357,0.24702786073780442,-0.6968817298338827,0.4436118685449242
2024-11-12 14:30:00,-0.7250033546877528,0.766105658090617,0.9672188068574683,-1.243717447261046,-0.4493791018956863
2024-11-12 14:45:00,1.1746258135298275,1.1128169989353984,1.4473461042705773,-0.5146031573581616,1.3901822972119713
2024-11-12 15:00:00,0.45947130314203255,1.3728505045689845,0.006964212031249799,-1.243717447261046,0.40789222972729977
2024-11-12 15:15:00,0.8840942936847858,1.4595283397801795,0.7271551581509137,-0.6057424435960223,1.0508457284445394
2024-11-12 15:30:00,-1.2390206590289803,0.5927499876682264,1.0472400230929866,-0.9702995885474643,-0.8244353094807427
2024-11-12 15:45:00,-0.4344718348427111,0.8527834933018124,0.40707029320884086,-0.8791603023096038,-0.252921088398752
2024-11-12 16:00:00,0.8840942936847858,1.9795953510473516,2.807706780274387,-1.1525781610231856,1.5152010330736567
2024-11-12 16:15:00,1.5545516471733436,2.1529510214697423,1.687409752977132,-1.243717447261046,1.8188179630234644
2024-11-12 16:30:00,0.8393971367855486,1.4595283397801795,2.4876219153323142,-1.1525781610231856,1.3008832001679103
2024-11-12 16:45:00,1.0628829212817346,0.07268297640105437,2.3275794828612777,-0.7880210160717432,1.2294439225326614
2024-11-12 17:00:00,0.8393971367855486,0.6794278228794217,1.1272612393285046,-0.8791603023096038,0.8901073537652294
2024-11-12 17:15:00,1.8897803239176225,0.07268297640105437,0.5671127256798772,-0.8791603023096038,1.4794813942560323
2024-11-12 17:30:00,1.1299286566305904,1.1128169989353984,1.6073885367416139,-0.9702995885474643,1.3008832001679103
2024-11-12 17:45:00,0.9734886074832602,0.3327164820346404,2.2475582666257594,-0.8791603023096038,1.1758644643062248
2024-11-12 18:00:00,1.0405343428321159,-0.1006726940213363,2.9677492127454235,-1.243717447261046,1.2294439225326614
2024-11-12 18:15:00,0.8617457152351672,1.6328840102025703,1.3673248880350592,-1.243717447261046,1.0865653672621638
2024-11-12 18:30:00,1.800386010119148,0.5060721524570311,2.167537050390241,-1.1525781610231856,1.8009581436146522
2024-11-12 18:45:00,0.9958371859328787,1.026139163724203,-0.23309943667530483,0.9436254224476069,1.1401448254886004
2024-11-12 19:00:00,-0.12159173654805082,0.24603864682344503,-0.0730570042042684,0.5790682774961649,0.050695841551055575
2024-11-12 19:15:00,0.8393971367855486,-0.27402836444372697,0.08698542826676801,0.9436254224476069,0.8186680761299806
2024-11-12 19:30:00,0.81704855833593,-0.534061870077313,0.16700664450228622,-1.1525781610231856,0.35431277150086316
2024-11-12 19:45:00,-0.32272894259461815,0.4193943172458357,0.24702786073780442,-0.9702995885474643,-0.3065005466251886
2024-11-12 20:00:00,-0.07689457964881363,-0.013994858810140965,-0.1530782204397866,-0.058906726168858975,-0.11004253312825431
2024-11-12 20:15:00,0.8393971367855486,0.15936081161224971,-0.0730570042042684,-1.243717447261046,0.4436118685449242
2024-11-12 20:30:00,-0.3450775210442367,-0.44738403486611766,-0.1530782204397866,0.39678970502044375,-0.3243603660340008
2024-11-12 20:45:00,0.325379832444321,0.15936081161224971,0.5671127256798772,-1.1525781610231856,0.19357439682155325
2024-11-12 21:00:00,0.7276542445374556,0.07268297640105437,0.40707029320884086,0.21451113254472265,0.7293689790859196
2024-11-12 21:15:00,-0.27803178569538095,1.1128169989353984,0.5671127256798772,-0.5146031573581616,0.03283602214224337
2024-11-12 21:30:00,-0.3003803641449995,-0.3607061996549223,-0.23309943667530483,0.7613468499718858,-0.21720144958112758
2024-11-12 21:45:00,0.12424262639775369,0.9394613285130077,0.006964212031249799,0.21451113254472265,0.33645295209205095
2024-11-12 22:00:00,-1.0825806098816502,-0.7940953757108989,-1.0333115990304869,0.9436254224476069,-1.0744727812041137
2024-11-12 22:15:00,-1.0155348745327946,-0.6207397052885083,-0.9532903827949687,1.5816004261126306,-0.8422951288895549
2024-11-12 22:30:00,-1.1272777667808875,-1.054128881344485,-1.0333115990304869,1.2170432811611887,-1.1101924200217381
2024-11-12 22:45:00,-1.1272777667808875,-1.054128881344485,-0.9532903827949687,0.12337184630686211,-1.3066504335186724
2024-11-12 23:00:00,-1.149626345230506,-0.8807732109220944,-1.0333115990304869,0.39678970502044375,-1.2530709752922358
2024-11-12 23:15:00,-1.1719749236801247,-0.9674510461332897,-1.0333115990304869,0.9436254224476069,-1.181631697656987
2024-11-12 23:30:00,-1.149626345230506,-0.6207397052885083,-1.0333115990304869,1.125903994923328,-1.0566129617953015
2024-11-12 23:45:00,-1.1049291883312689,-0.7940953757108989,-1.0333115990304869,1.308182567399049,-1.020893322977677
2024-11-13 00:00:00,-1.0602320314320317,-0.7074175404997036,-0.9532903827949687,-0.3323245848824406,-1.270930794701048
2024-11-13 00:15:00,-1.0155348745327946,-1.054128881344485,-0.9532903827949687,0.39678970502044375,-1.1637718782481747
2024-11-13 00:30:00,-1.037883452982413,-0.7940953757108989,-1.0333115990304869,-0.24118529864458005,-1.270930794701048
2024-11-13 00:45:00,-1.2390206590289803,-0.7940953757108989,-1.0333115990304869,-0.6057424435960223,-1.5031084470156066
2024-11-13 01:00:00,-1.2390206590289803,-0.7074175404997036,-1.0333115990304869,0.39678970502044375,-1.2887906141098602
2024-11-13 01:15:00,-1.1943235021297431,-0.6207397052885083,-1.0333115990304869,0.9436254224476069,-1.1280522394305503
2024-11-13 01:30:00,-1.2390206590289803,-1.054128881344485,-1.0333115990304869,1.8550182848262124,-1.0744727812041137
2024-11-13 01:45:00,-1.1049291883312689,-0.8807732109220944,-0.9532903827949687,0.21451113254472265,-1.2352111558834236
2024-11-13 02:00:00,-1.0602320314320317,-0.7074175404997036,-0.9532903827949687,1.5816004261126306,-0.8958745871159915
2024-11-13 02:15:00,-1.1272777667808875,-0.9674510461332897,-1.0333115990304869,-0.42346387112030115,-1.4138093499715456
2024-11-13 02:30:00,-1.0825806098816502,-0.7074175404997036,-1.0333115990304869,-0.5146031573581616,-1.3423700723362968
2024-11-13 02:45:00,-1.0602320314320317,-0.7940953757108989,-0.9532903827949687,0.48792899125830425,-1.1280522394305503
2024-11-13 03:00:00,-1.037883452982413,-0.8807732109220944,-1.0333115990304869,-0.6968817298338827,-1.3780897111539212
2024-11-13 03:15:00,-1.037883452982413,-0.7940953757108989,-1.0333115990304869,0.21451113254472265,-1.181631697656987
2024-11-13 03:30:00,-1.037883452982413,-0.7940953757108989,-0.9532903827949687,1.125903994923328,-0.9851736841600526
2024-11-13 03:45:00,-1.149626345230506,-0.8807732109220944,-0.9532903827949687,0.03223256006900157,-1.3066504335186724
2024-11-13 04:00:00,-1.2166720805793618,-1.054128881344485,-1.0333115990304869,0.7613468499718858,-1.270930794701048
2024-11-13 04:15:00,-0.8590948253854643,-0.534061870077313,-0.9532903827949687,-0.6968817298338827,-1.1459120588393625
2024-11-13 04:30:00,-0.7250033546877528,-0.1006726940213363,-0.5531843016173776,-0.5146031573581616,-0.8244353094807427
2024-11-13 04:45:00,-0.05454600119919504,-0.534061870077313,-0.47316308538185947,-0.7880210160717432,-0.4136594630780619
2024-11-13 05:00:00,-0.166288893447288,0.07268297640105437,-0.7132267340884141,-0.3323245848824406,-0.342220185442813
2024-11-13 05:15:00,-0.18863747189690658,-0.1006726940213363,-0.47316308538185947,-0.7880210160717432,-0.4315192824868741
2024-11-13 05:30:00,-0.05454600119919504,-0.18735052923253165,-0.5531843016173776,-0.6057424435960223,-0.3243603660340008
2024-11-13 05:45:00,0.19128836174660946,-0.27402836444372697,-1.0333115990304869,-0.3323245848824406,-0.19934163017231535
2024-11-13 06:00:00,0.12424262639775369,-0.27402836444372697,-0.47316308538185947,-0.7880210160717432,-0.21720144958112758
2024-11-13 06:15:00,-0.7250033546877528,-0.27402836444372697,-0.5531843016173776,-0.5146031573581616,-0.8601549482983671
2024-11-13 06:30:00,-0.8143976684862272,-0.534061870077313,-0.9532903827949687,-0.6057424435960223,-1.092332600612926
2024-11-13 06:45:00,-0.7473519331373714,-0.27402836444372697,-0.7932479503239322,-0.6968817298338827,-0.9673138647512404
2024-11-13 07:00:00,-0.18863747189690658,0.15936081161224971,-0.7932479503239322,-0.6968817298338827,-0.4315192824868741
2024-11-13 07:15:00,-0.7697005115869899,-0.1006726940213363,-1.0333115990304869,-0.42346387112030115,-0.9494540453424282
2024-11-13 07:30:00,-0.7920490900366085,-0.27402836444372697,-0.7932479503239322,-0.7880210160717432,-1.020893322977677
2024-11-13 07:45:00,-0.09924315809843222,-0.3607061996549223,-0.47316308538185947,-0.6057424435960223,-0.3779398242604375
2024-11-13 08:00:00,-0.4121232563930925,-0.18735052923253165,-0.7132267340884141,-0.7880210160717432,-0.681556754210245
2024-11-13 08:15:00,0.325379832444321,0.3327164820346404,-0.7132267340884141,-0.3323245848824406,0.10427529977749221
2024-11-13 08:30:00,-0.3674260994938553,-0.18735052923253165,-0.8732691665594505,-0.7880210160717432,-0.681556754210245
2024-11-13 08:45:00,-0.166288893447288,-0.44738403486611766,-0.6332055178528959,-0.5146031573581616,-0.4672389213044985
2024-11-13 09:00:00,-0.27803178569538095,0.5927499876682264,-0.9532903827949687,-0.7880210160717432,-0.4672389213044985
2024-11-13 09:15:00,1.4875059118244878,3.0197293735816957,0.9672188068574683,-1.6994138784503487,1.6937992271617788
2024-11-13 09:30:00,1.465157333374869,3.453118549637672,0.16700664450228622,-1.6994138784503487,1.5866403107089055
2024-11-13 09:45:00,2.359100471359613,4.0598633961160395,1.1272612393285046,-1.4259960197367672,2.693949114055263
2024-11-13 10:00:00,1.465157333374869,2.6730180327369144,0.5671127256798772,-1.4259960197367672,1.5687804913000933
2024-11-13 10:15:00,2.4931919420573245,3.7998298904824535,-0.0730570042042684,-1.3348567334989065,2.4974911005583285
2024-11-13 10:30:00,2.1132661084138085,3.0197293735816957,1.3673248880350592,-1.4259960197367672,2.336752725879019
2024-11-13 10:45:00,2.515540520506943,4.839963913016797,1.207282455564023,-1.3348567334989065,3.0154258634138826
2024-11-13 11:00:00,2.3144033144603755,5.013319583439189,0.5671127256798772,-1.4259960197367672,2.7296687528728873
2024-11-13 11:15:00,1.5098544902741065,3.7998298904824535,0.9672188068574683,-1.5171353059746275,1.9081170600675255
2024-11-13 11:30:00,1.912128902367241,3.453118549637672,0.006964212031249799,-1.6994138784503487,1.9081170600675255
2024-11-13 11:45:00,2.5378890989565615,2.9330515383705005,1.1272612393285046,-1.4259960197367672,2.6046500170112017
2024-11-13 12:00:00,1.7556888532199109,4.839963913016797,0.5671127256798772,-1.6994138784503487,2.1938741706085207
2024-11-13 12:15:00,2.1579632653130454,2.9330515383705005,0.487091509444359,-1.5171353059746275,2.140294712382084
2024-11-13 12:30:00,2.0909175299641896,2.7596958679481096,0.8071763743864319,-1.5171353059746275,2.122434892973272
2024-11-13 12:45:00,2.4261462067084687,4.753286077805602,1.3673248880350592,-1.6082745922124881,2.9082669469610094
2024-11-13 13:00:00,1.576900225622962,3.886507725693649,1.287303671799541,-1.3348567334989065,2.0867152541556475
2024-11-13 13:15:00,2.023871794615334,2.5863401975257188,-0.0730570042042684,-1.4259960197367672,1.8545376018410888
2024-11-13 13:30:00,2.448494785158087,4.406574736960821,0.487091509444359,-1.4259960197367672,2.693949114055263
2024-11-13 13:45:00,2.3814490498092313,4.319896901749626,0.5671127256798772,-1.5171353059746275,2.622509836420014
2024-11-13 14:00:00,2.359100471359613,3.193085044004086,0.16700664450228622,-1.6994138784503487,2.2474536288349576
2024-11-13 14:15:00,2.3814490498092313,4.579930407383212,0.40707029320884086,-1.5171353059746275,2.640369655828826
2024-11-13 14:30:00,2.4708433636077056,3.2797628792152818,0.006964212031249799,-1.6082745922124881,2.336752725879019
2024-11-13 14:45:00,1.9568260592664781,3.2797628792152818,0.8071763743864319,-1.4259960197367672,2.140294712382084
2024-11-13 15:00:00,1.8450831670183852,4.4932525721720165,1.1272612393285046,-1.6994138784503487,2.3188929064702064
2024-11-13 15:15:00,-0.21098605034652518,1.3728505045689845,-0.5531843016173776,-1.5171353059746275,-0.3065005466251886
2024-11-13 15:30:00,0.5041684600412697,1.1994948341465936,0.9672188068574683,-1.6994138784503487,0.5329109655889852
2024-11-13 15:45:00,0.3700769893435582,0.9394613285130077,0.08698542826676801,-1.6994138784503487,0.17571457741274105
2024-11-13 16:00:00,0.25833409709546523,0.6794278228794217,-0.47316308538185947,-1.6994138784503487,-0.0921827137194421
2024-11-13 16:15:00,0.012499734149660732,1.026139163724203,-0.9532903827949687,-1.6994138784503487,-0.3243603660340008
2024-11-13 16:30:00,0.1465912048473723,0.8527834933018124,-0.39314186914634125,-1.5171353059746275,-0.0921827137194421
2024-11-13 16:45:00,-0.07689457964881363,1.3728505045689845,0.6471339419153954,-1.5171353059746275,0.06855566095986779
2024-11-13 17:00:00,0.012499734149660732,1.1994948341465936,-0.7132267340884141,-1.6082745922124881,-0.21720144958112758
2024-11-13 17:15:00,0.437122724692414,0.6794278228794217,-0.7132267340884141,-1.6994138784503487,-0.0028836166753810535
2024-11-13 17:30:00,0.4818198815916512,1.026139163724203,-0.1530782204397866,-1.5171353059746275,0.2650136744568021
2024-11-13 17:45:00,0.03484831259927933,1.3728505045689845,0.9672188068574683,-1.6994138784503487,0.19357439682155325
2024-11-13 18:00:00,0.1018940479481351,1.1994948341465936,0.24702786073780442,-1.5171353059746275,0.08641548036867999
2024-11-13 18:15:00,-0.07689457964881363,0.6794278228794217,0.5671127256798772,-1.6082745922124881,-0.11004253312825431
2024-11-13 18:30:00,0.03484831259927933,1.4595283397801795,-0.9532903827949687,-1.6994138784503487,-0.21720144958112758
2024-11-13 18:45:00,-0.00984884429995786,1.1128169989353984,-0.9532903827949687,-1.6082745922124881,-0.3065005466251886
2024-11-13 19:00:00,0.23598551864584666,1.026139163724203,0.8071763743864319,-1.6994138784503487,0.2471538550479899
2024-11-13 19:15:00,-0.5238661486411854,-0.9674510461332897,-0.6332055178528959,-0.6968817298338827,-0.8958745871159915
2024-11-13 19:30:00,-0.5238661486411854,-0.18735052923253165,-0.7932479503239322,-1.6082745922124881,-0.9494540453424282
2024-11-13 19:45:00,-0.7697005115869899,-0.1006726940213363,-0.9532903827949687,-0.6057424435960223,-0.9673138647512404
2024-11-13 20:00:00,-0.4121232563930925,-0.44738403486611766,-0.7932479503239322,-1.1525781610231856,-0.8244353094807427
2024-11-13 20:15:00,-0.8367462469358458,-0.44738403486611766,-0.8732691665594505,-1.3348567334989065,-1.2173513364746114
2024-11-13 20:30:00,-0.9708377176335573,-0.7940953757108989,-0.5531843016173776,-1.6082745922124881,-1.3780897111539212
2024-11-13 20:45:00,-0.8143976684862272,-0.9674510461332897,-0.47316308538185947,-1.243717447261046,-1.1994915170657992
2024-11-13 21:00:00,-0.5015175701915668,-0.27402836444372697,-0.9532903827949687,-0.6968817298338827,-0.8065754900719305
2024-11-13 21:15:00,-0.9484891391839387,-0.7940953757108989,-0.7932479503239322,-0.9702995885474643,-1.2887906141098602
2024-11-13 21:30:00,-0.9931862960831759,-0.8807732109220944,-0.6332055178528959,-0.3323245848824406,-1.181631697656987
2024-11-13 21:45:00,-0.7697005115869899,-0.8807732109220944,-0.9532903827949687,-0.8791603023096038,-1.181631697656987
2024-11-13 22:00:00,-1.1272777667808875,-0.6207397052885083,-1.0333115990304869,-0.058906726168858975,-1.270930794701048
2024-11-13 22:15:00,-1.2166720805793618,-0.8807732109220944,-1.0333115990304869,-0.3323245848824406,-1.44952898878917
2024-11-13 22:30:00,-1.1943235021297431,-1.054128881344485,-0.9532903827949687,-0.15004601240671953,-1.4138093499715456
2024-11-13 22:45:00,-1.0602320314320317,-0.7940953757108989,-1.0333115990304869,-0.058906726168858975,-1.2530709752922358
2024-11-13 23:00:00,-1.037883452982413,-0.9674510461332897,-1.0333115990304869,1.125903994923328,-1.0387531423864893
2024-11-13 23:15:00,-1.0825806098816502,-1.054128881344485,-1.0333115990304869,0.3056504187825832,-1.2530709752922358
2024-11-13 23:30:00,-1.1272777667808875,-0.6207397052885083,-1.0333115990304869,-0.42346387112030115,-1.3423700723362968
2024-11-13 23:45:00,-1.1272777667808875,-0.9674510461332897,-0.9532903827949687,0.48792899125830425,-1.2173513364746114
2024-11-14 00:00:00,-1.0602320314320317,-0.7074175404997036,-1.0333115990304869,1.308182567399049,-0.9673138647512404
2024-11-14 00:15:00,-1.149626345230506,-0.7074175404997036,-1.0333115990304869,1.3993218536369096,-1.020893322977677
2024-11-14 00:30:00,-1.149626345230506,-1.054128881344485,-0.9532903827949687,0.03223256006900157,-1.3423700723362968
2024-11-14 00:45:00,-1.037883452982413,-0.7940953757108989,-1.0333115990304869,1.5816004261126306,-0.9137344065248038
2024-11-14 01:00:00,-1.2390206590289803,-0.7074175404997036,-0.9532903827949687,0.21451113254472265,-1.3066504335186724
2024-11-14 01:15:00,-1.037883452982413,-0.9674510461332897,-1.0333115990304869,0.03223256006900157,-1.2530709752922358
2024-11-14 01:30:00,-1.0602320314320317,-0.6207397052885083,-1.0333115990304869,0.6702075637340253,-1.0744727812041137
2024-11-14 01:45:00,-1.0825806098816502,-0.9674510461332897,-0.9532903827949687,0.5790682774961649,-1.1637718782481747
2024-11-14 02:00:00,-1.0155348745327946,-0.8807732109220944,-1.0333115990304869,-0.6057424435960223,-1.3423700723362968
2024-11-14 02:15:00,-1.1272777667808875,-0.6207397052885083,-1.0333115990304869,-0.3323245848824406,-1.3245102529274846
2024-11-14 02:30:00,-1.2166720805793618,-0.7074175404997036,-1.0333115990304869,-0.42346387112030115,-1.4316691693803578
2024-11-14 02:45:00,-1.149626345230506,-0.7940953757108989,-0.9532903827949687,-0.058906726168858975,-1.3066504335186724
2024-11-14 03:00:00,-1.1719749236801247,-0.8807732109220944,-1.0333115990304869,1.8550182848262124,-0.9851736841600526
2024-11-14 03:15:00,-1.0825806098816502,-0.6207397052885083,-1.0333115990304869,0.9436254224476069,-1.0387531423864893
2024-11-14 03:30:00,-1.1719749236801247,-0.6207397052885083,-1.0333115990304869,1.125903994923328,-1.0744727812041137
2024-11-14 03:45:00,-1.0602320314320317,-0.6207397052885083,-1.0333115990304869,1.4904611398747702,-0.9137344065248038
2024-11-14 04:00:00,-1.1272777667808875,-0.7074175404997036,-1.0333115990304869,-0.24118529864458005,-1.3245102529274846
2024-11-14 04:15:00,-0.23333462879614378,0.24603864682344503,-0.6332055178528959,-1.4259960197367672,-0.5565380183485595
2024-11-14 04:30:00,0.23598551864584666,-0.18735052923253165,-0.47316308538185947,-0.8791603023096038,-0.12790235253706653
2024-11-14 04:45:00,0.7276542445374556,-1.054128881344485,-0.313120652910823,0.03223256006900157,0.30073331327442654
2024-11-14 05:00:00,0.7276542445374556,-0.013994858810140965,-0.5531843016173776,-1.1525781610231856,0.22929403563917766
2024-11-14 05:15:00,0.8393971367855486,-0.8807732109220944,-0.23309943667530483,0.12337184630686211,0.4614716879537364
2024-11-14 05:30:00,0.6159113522893627,0.4193943172458357,-0.39314186914634125,-0.6057424435960223,0.37217259090967536
2024-11-14 05:45:00,1.1075800781809717,1.286172669357789,-0.313120652910823,-0.24118529864458005,1.0329859090357272
2024-11-14 06:00:00,1.2193229704290647,-0.013994858810140965,0.7271551581509137,-1.4259960197367672,0.854387714947605
2024-11-14 06:15:00,1.7109916963206737,0.5060721524570311,1.1272612393285046,-1.6994138784503487,1.3901822972119713
2024-11-14 06:30:00,1.1522772350802089,1.4595283397801795,2.887727996509905,-1.5171353059746275,1.5687804913000933
2024-11-14 06:45:00,1.3534144411267761,2.066273186258547,0.8871975906219501,-1.6994138784503487,1.372322477803159
2024-11-14 07:00:00,0.9958371859328787,2.326306691892133,2.007494617919205,-1.243717447261046,1.4794813942560323
2024-11-14 07:15:00,1.8674317454680038,0.6794278228794217,2.087515834154723,-1.243717447261046,1.8545376018410888
2024-11-14 07:30:00,0.9734886074832602,1.4595283397801795,0.8071763743864319,-1.243717447261046,1.015126089626915
2024-11-14 07:45:00,1.308717284227539,1.8929175158361562,0.8871975906219501,-1.3348567334989065,1.372322477803159
2024-11-14 08:00:00,1.8674317454680038,1.9795953510473516,1.5273673205060956,-1.6082745922124881,1.9259768794763377
2024-11-14 08:15:00,1.3310658626771577,1.7195618454137656,2.007494617919205,-1.3348567334989065,1.6045001301177177
2024-11-14 08:30:00,0.7946999798863115,0.9394613285130077,2.007494617919205,-1.6082745922124881,0.9615466314004782
2024-11-14 08:45:00,1.5992488040725807,2.066273186258547,1.3673248880350592,-1.6994138784503487,1.6759394077529666
2024-11-14 09:00:00,1.6439459609718179,0.24603864682344503,0.6471339419153954,-1.4259960197367672,1.2294439225326614
2024-11-14 09:15:00,-1.037883452982413,-0.7940953757108989,1.287303671799541,-0.8791603023096038,-0.8780147677071793
2024-11-14 09:30:00,-1.1719749236801247,-0.1006726940213363,2.087515834154723,-1.061438874785325,-0.6994165736190572
2024-11-14 09:45:00,-0.7697005115869899,-0.8807732109220944,1.287303671799541,0.7613468499718858,-0.3600800048516252
2024-11-14 10:00:00,-1.0602320314320317,1.026139163724203,0.6471339419153954,0.3056504187825832,-0.4315192824868741
2024-11-14 10:15:00,-0.8814434038350829,-0.013994858810140965,0.08698542826676801,-0.5146031573581616,-0.7887156706631183
2024-11-14 10:30:00,-0.7697005115869899,0.24603864682344503,0.006964212031249799,0.8524861362097464,-0.3957996436692497
2024-11-14 10:45:00,-1.1943235021297431,0.8527834933018124,-0.39314186914634125,-0.6968817298338827,-1.003033503568865
2024-11-14 11:00:00,-0.2556832072457624,-0.6207397052885083,0.006964212031249799,0.39678970502044375,-0.252921088398752
2024-11-14 11:15:00,-0.1439403149976694,-0.44738403486611766,0.006964212031249799,0.21451113254472265,-0.16362199135469094
2024-11-14 11:30:00,-0.166288893447288,-0.3607061996549223,-0.5531843016173776,0.39678970502044375,-0.252921088398752
2024-11-14 11:45:00,-0.27803178569538095,-0.3607061996549223,-0.313120652910823,0.5790682774961649,-0.252921088398752
2024-11-14 12:00:00,-0.2556832072457624,-0.44738403486611766,-0.47316308538185947,0.12337184630686211,-0.3779398242604375
2024-11-14 12:15:00,-0.5909118839900412,-0.18735052923253165,-0.7132267340884141,0.9436254224476069,-0.4850987407133107
2024-11-14 12:30:00,-0.6132604624396598,-0.27402836444372697,-0.39314186914634125,0.3056504187825832,-0.5743978377573717
2024-11-14 12:45:00,-0.657957619338897,-0.6207397052885083,-0.23309943667530483,0.39678970502044375,-0.6279772959838084
2024-11-14 13:00:00,0.05719689104889791,-0.534061870077313,-0.0730570042042684,0.48792899125830425,0.014976202733431157
2024-11-14 13:15:00,-0.3450775210442367,0.5060721524570311,1.0472400230929866,-0.42346387112030115,-0.020743436084193264
2024-11-14 13:30:00,1.2193229704290647,1.3728505045689845,0.7271551581509137,0.12337184630686211,1.443761755438408
2024-11-14 13:45:00,-0.12159173654805082,0.15936081161224971,1.207282455564023,-0.8791603023096038,0.03283602214224337
2024-11-14 14:00:00,0.8840942936847858,0.15936081161224971,-0.39314186914634125,0.03223256006900157,0.6579297014506708
2024-11-14 14:15:00,0.5265170384908884,1.286172669357789,0.40707029320884086,-0.9702995885474643,0.5864904238154218
2024-11-14 14:30:00,-0.8367462469358458,0.4193943172458357,1.4473461042705773,-0.7880210160717432,-0.4136594630780619
2024-11-14 14:45:00,0.30303125399470243,0.15936081161224971,0.8071763743864319,-1.1525781610231856,0.22929403563917766
2024-11-14 15:00:00,-1.1272777667808875,-0.1006726940213363,1.3673248880350592,-0.42346387112030115,-0.6994165736190572
2024-11-14 15:15:00,0.25833409709546523,1.286172669357789,0.8071763743864319,-0.058906726168858975,0.6400698820418586
2024-11-14 15:30:00,-1.037883452982413,0.15936081161224971,0.8871975906219501,-1.1525781610231856,-0.8244353094807427
2024-11-14 15:45:00,0.30303125399470243,0.07268297640105437,1.207282455564023,-1.061438874785325,0.31859313268323874
2024-11-14 16:00:00,1.085231499731353,-0.18735052923253165,0.7271551581509137,-0.8791603023096038,0.8186680761299806
2024-11-14 16:15:00,1.8897803239176225,1.546206174991375,0.7271551581509137,-1.243717447261046,1.7473786853882156
2024-11-14 16:30:00,1.7109916963206737,0.9394613285130077,0.9672188068574683,-1.061438874785325,1.5687804913000933
2024-11-14 16:45:00,1.0181857643824974,2.066273186258547,0.9672188068574683,-1.1525781610231856,1.2294439225326614
2024-11-14 17:00:00,1.7333402747702922,2.1529510214697423,2.007494617919205,-0.9702995885474643,2.0867152541556475
2024-11-14 17:15:00,1.2193229704290647,2.1529510214697423,2.407600699096796,-0.7880210160717432,1.8009581436146522
2024-11-14 17:30:00,1.8227345885687667,0.6794278228794217,2.887727996509905,-1.061438874785325,2.0331357959292107
2024-11-14 17:45:00,1.6662945394214366,0.8527834933018124,1.1272612393285046,-1.243717447261046,1.5152010330736567
2024-11-14 18:00:00,1.3981115980260135,2.1529510214697423,0.5671127256798772,-0.8791603023096038,1.5152010330736567
2024-11-14 18:15:00,1.085231499731353,0.9394613285130077,2.3275794828612777,-0.7880210160717432,1.4259019360295957
2024-11-14 18:30:00,1.1522772350802089,0.6794278228794217,0.7271551581509137,-0.8791603023096038,1.0508457284445394
2024-11-14 18:45:00,0.6159113522893627,1.026139163724203,0.32704907697332264,0.39678970502044375,0.854387714947605
2024-11-14 19:00:00,-0.00984884429995786,0.24603864682344503,0.16700664450228622,-0.9702995885474643,-0.11004253312825431
2024-11-14 19:15:00,0.7723514014366928,0.8527834933018124,0.08698542826676801,-0.9702995885474643,0.6222100626330462
2024-11-14 19:30:00,0.437122724692414,-0.013994858810140965,-0.1530782204397866,-0.058906726168858975,0.30073331327442654
2024-11-14 19:45:00,-0.21098605034652518,-0.44738403486611766,-0.0730570042042684,-0.6057424435960223,-0.3957996436692497
2024-11-14 20:00:00,-0.3450775210442367,-0.013994858810140965,0.16700664450228622,-0.058906726168858975,-0.252921088398752
2024-11-14 20:15:00,0.19128836174660946,-0.27402836444372697,-0.1530782204397866,-0.6057424435960223,-0.056463074901817685
2024-11-14 20:30:00,0.16893978329699086,0.24603864682344503,0.40707029320884086,-1.061438874785325,0.06855566095986779
2024-11-14 20:45:00,0.7500028229870742,0.07268297640105437,0.5671127256798772,1.0347647086854674,0.943686811991666
2024-11-14 21:00:00,0.9958371859328787,0.15936081161224971,0.32704907697332264,-0.9702995885474643,0.7115091596771074
2024-11-14 21:15:00,0.3700769893435582,-0.6207397052885083,-0.0730570042042684,1.3993218536369096,0.425752049136112
2024-11-14 21:30:00,-0.166288893447288,0.5927499876682264,-0.0730570042042684,-0.15004601240671953,-0.056463074901817685
2024-11-14 21:45:00,0.1018940479481351,-0.18735052923253165,0.08698542826676801,1.2170432811611887,0.30073331327442654
2024-11-14 22:00:00,-1.2390206590289803,-0.9674510461332897,-1.0333115990304869,1.308182567399049,-1.1637718782481747
2024-11-14 22:15:00,-1.149626345230506,-0.9674510461332897,-0.9532903827949687,1.9461575710640728,-0.9494540453424282
2024-11-14 22:30:00,-1.0825806098816502,-0.9674510461332897,-0.9532903827949687,-0.15004601240671953,-1.3066504335186724
2024-11-14 22:45:00,-1.1943235021297431,-0.7074175404997036,-0.9532903827949687,0.3056504187825832,-1.2530709752922358
2024-11-14 23:00:00,-1.1272777667808875,-1.054128881344485,-1.0333115990304869,-0.24118529864458005,-1.3959495305627334
2024-11-14 23:15:00,-1.1719749236801247,-0.7074175404997036,-1.0333115990304869,0.5790682774961649,-1.1994915170657992
2024-11-14 23:30:00,-1.149626345230506,-0.6207397052885083,-0.9532903827949687,-0.6057424435960223,-1.3780897111539212
2024-11-14 23:45:00,-1.0602320314320317,-0.9674510461332897,-0.9532903827949687,1.4904611398747702,-0.9673138647512404
2024-11-15 00:00:00,-1.0602320314320317,-0.6207397052885083,-0.9532903827949687,0.03223256006900157,-1.181631697656987
2024-11-15 00:15:00,-1.037883452982413,-0.7940953757108989,-1.0333115990304869,1.7638789985883518,-0.8780147677071793
2024-11-15 00:30:00,-1.1719749236801247,-1.054128881344485,-0.9532903827949687,-0.6057424435960223,-1.4852486276067944
2024-11-15 00:45:00,-1.0155348745327946,-1.054128881344485,-0.9532903827949687,1.7638789985883518,-0.8958745871159915
2024-11-15 01:00:00,-1.0155348745327946,-0.9674510461332897,-0.9532903827949687,0.48792899125830425,-1.1280522394305503
2024-11-15 01:15:00,-1.0825806098816502,-0.7940953757108989,-0.9532903827949687,-0.15004601240671953,-1.270930794701048
2024-11-15 01:30:00,-1.1943235021297431,-0.7940953757108989,-0.9532903827949687,1.4904611398747702,-1.0387531423864893
2024-11-15 01:45:00,-1.037883452982413,-1.054128881344485,-0.9532903827949687,1.0347647086854674,-1.0566129617953015
2024-11-15 02:00:00,-1.037883452982413,-0.8807732109220944,-0.9532903827949687,1.0347647086854674,-1.020893322977677
2024-11-15 02:15:00,-1.0602320314320317,-0.9674510461332897,-1.0333115990304869,-0.24118529864458005,-1.3245102529274846
2024-11-15 02:30:00,-1.2166720805793618,-1.054128881344485,-1.0333115990304869,1.125903994923328,-1.1994915170657992
2024-11-15 02:45:00,-1.2390206590289803,-0.9674510461332897,-0.9532903827949687,-0.6057424435960223,-1.5209682664244188
2024-11-15 03:00:00,-1.1049291883312689,-0.9674510461332897,-1.0333115990304869,0.48792899125830425,-1.2173513364746114
2024-11-15 03:15:00,-1.0602320314320317,-0.7940953757108989,-1.0333115990304869,0.8524861362097464,-1.0744727812041137
2024-11-15 03:30:00,-1.0155348745327946,-0.9674510461332897,-0.9532903827949687,1.8550182848262124,-0.8601549482983671
2024-11-15 03:45:00,-1.037883452982413,-0.7940953757108989,-0.9532903827949687,0.7613468499718858,-1.0566129617953015
2024-11-15 04:00:00,-1.149626345230506,-0.9674510461332897,-0.9532903827949687,1.3993218536369096,-1.0566129617953015
2024-11-15 04:15:00,-0.09924315809843222,1.1994948341465936,-0.9532903827949687,-0.24118529864458005,-0.0921827137194421
2024-11-15 04:30:00,0.1465912048473723,1.1994948341465936,-0.5531843016173776,-1.3348567334989065,-0.020743436084193264
2024-11-15 04:45:00,0.45947130314203255,1.026139163724203,-0.7932479503239322,-0.058906726168858975,0.39003241031848757
2024-11-15 05:00:00,0.21363694019622806,-0.9674510461332897,-0.39314186914634125,-0.7880210160717432,-0.2707809078075642
2024-11-15 05:15:00,0.21363694019622806,-0.9674510461332897,-0.47316308538185947,-0.8791603023096038,-0.3065005466251886
2024-11-15 05:30:00,0.6159113522893627,-0.6207397052885083,-0.7132267340884141,-1.6082745922124881,-0.11004253312825431
2024-11-15 05:45:00,1.0181857643824974,-0.534061870077313,-0.8732691665594505,-1.243717447261046,0.2650136744568021
2024-11-15 06:00:00,1.0181857643824974,0.5060721524570311,2.2475582666257594,-1.5171353059746275,1.1222850060797882
2024-11-15 06:15:00,1.085231499731353,1.286172669357789,2.6476643478033504,-1.6994138784503487,1.3901822972119713
2024-11-15 06:30:00,1.6439459609718179,0.5927499876682264,2.9677492127454235,-1.5171353059746275,1.8009581436146522
2024-11-15 06:45:00,0.9734886074832602,0.15936081161224971,2.007494617919205,-1.6082745922124881,0.943686811991666
2024-11-15 07:00:00,0.8840942936847858,0.3327164820346404,0.7271551581509137,-1.4259960197367672,0.6579297014506708
2024-11-15 07:15:00,1.8897803239176225,0.07268297640105437,1.4473461042705773,-1.3348567334989065,1.5866403107089055
2024-11-15 07:30:00,1.2640201273283018,0.07268297640105437,2.7276855640388686,-1.4259960197367672,1.3544626583943469
2024-11-15 07:45:00,1.085231499731353,1.026139163724203,2.6476643478033504,-1.5171353059746275,1.372322477803159
2024-11-15 08:00:00,1.196974391979446,2.066273186258547,2.2475582666257594,-1.6994138784503487,1.5509206718912811
2024-11-15 08:15:00,0.9511400290336416,1.9795953510473516,2.087515834154723,-1.6994138784503487,1.3008832001679103
2024-11-15 08:30:00,1.0628829212817346,0.5060721524570311,1.207282455564023,-1.6082745922124881,0.9079671731740416
2024-11-15 08:45:00,1.1746258135298275,2.066273186258547,1.9274734016836867,-1.6994138784503487,1.46162157484722
2024-11-15 09:00:00,1.0628829212817346,1.9795953510473516,2.807706780274387,-1.4259960197367672,1.6045001301177177
2024-11-15 09:15:00,0.012499734149660732,-0.44738403486611766,0.7271551581509137,1.0347647086854674,0.2828734938656143
2024-11-15 09:30:00,-0.03219742274957645,-0.013994858810140965,1.1272612393285046,-0.9702995885474643,0.03283602214224337
2024-11-15 09:45:00,-0.6356090408892784,-0.6207397052885083,0.006964212031249799,-0.6968817298338827,-0.7708558512543061
2024-11-15 10:00:00,0.3700769893435582,0.4193943172458357,1.4473461042705773,0.12337184630686211,0.7293689790859196
2024-11-15 10:15:00,-0.05454600119919504,-0.6207397052885083,0.8071763743864319,-0.6057424435960223,-0.11004253312825431
2024-11-15 10:30:00,-1.0155348745327946,-0.013994858810140965,0.24702786073780442,0.48792899125830425,-0.6636969348014328
2024-11-15 10:45:00,-0.4344718348427111,-0.6207397052885083,1.687409752977132,-0.8791603023096038,-0.2707809078075642
2024-11-15 11:00:00,-0.6803061977885156,-0.27402836444372697,-0.39314186914634125,0.9436254224476069,-0.5029585601221229
2024-11-15 11:15:00,-0.7250033546877528,-0.27402836444372697,-0.1530782204397866,0.21451113254472265,-0.6279772959838084
2024-11-15 11:30:00,-0.7473519331373714,-0.27402836444372697,-0.23309943667530483,1.0347647086854674,-0.5029585601221229
2024-11-15 11:45:00,-0.07689457964881363,-0.18735052923253165,-0.5531843016173776,0.3056504187825832,-0.16362199135469094
2024-11-15 12:00:00,-0.07689457964881363,-0.18735052923253165,-0.1530782204397866,0.3056504187825832,-0.0743228943106299
2024-11-15 12:15:00,-0.2556832072457624,-0.18735052923253165,-0.0730570042042684,0.5790682774961649,-0.14576217194587873
2024-11-15 12:30:00,-0.3897746779434739,-0.3607061996549223,0.16700664450228622,0.39678970502044375,-0.2707809078075642
2024-11-15 12:45:00,-1.0155348745327946,-0.18735052923253165,-0.0730570042042684,0.48792899125830425,-0.7708558512543061
2024-11-15 13:00:00,-0.6803061977885156,-0.18735052923253165,-0.6332055178528959,1.0347647086854674,-0.5208183795309351
2024-11-15 13:15:00,1.0405343428321159,0.24603864682344503,2.167537050390241,-0.7880210160717432,1.2115841031238492
2024-11-15 13:30:00,-0.32272894259461815,0.766105658090617,0.9672188068574683,-0.5146031573581616,0.014976202733431157
2024-11-15 13:45:00,-0.27803178569538095,-0.013994858810140965,0.8071763743864319,-0.9702995885474643,-0.2350612689899398
2024-11-15 14:00:00,-0.05454600119919504,0.8527834933018124,0.40707029320884086,-0.3323245848824406,0.15785475800392884
2024-11-15 14:15:00,-0.3450775210442367,0.9394613285130077,0.24702786073780442,-0.9702995885474643,-0.21720144958112758
2024-11-15 14:30:00,0.6382599307389812,0.6794278228794217,1.7674309692126502,-0.15004601240671953,1.015126089626915
2024-11-15 14:45:00,-1.3060663943778361,1.286172669357789,2.087515834154723,-0.15004601240671953,-0.342220185442813
2024-11-15 15:00:00,0.9734886074832602,0.5060721524570311,0.006964212031249799,-1.1525781610231856,0.6579297014506708
2024-11-15 15:15:00,-1.0602320314320317,1.286172669357789,0.487091509444359,-1.1525781610231856,-0.6994165736190572
2024-11-15 15:30:00,-0.9931862960831759,1.546206174991375,-0.6332055178528959,-1.243717447261046,-0.8601549482983671
2024-11-15 15:45:00,-0.3674260994938553,0.3327164820346404,-0.313120652910823,-0.6057424435960223,-0.4136594630780619
2024-11-15 16:00:00,1.420460176475632,1.3728505045689845,2.167537050390241,-1.1525781610231856,1.6759394077529666
2024-11-15 16:15:00,1.688643117871055,0.5060721524570311,1.207282455564023,-0.9702995885474643,1.533060852482469
2024-11-15 16:30:00,1.465157333374869,0.15936081161224971,2.407600699096796,-1.061438874785325,1.533060852482469
2024-11-15 16:45:00,0.8840942936847858,2.2396288566809375,0.8071763743864319,-1.243717447261046,1.104425186670976
2024-11-15 17:00:00,1.3310658626771577,1.9795953510473516,1.9274734016836867,-1.243717447261046,1.6580795883441544
2024-11-15 17:15:00,1.3757630195763948,2.066273186258547,2.3275794828612777,-0.8791603023096038,1.872397421249901
2024-11-15 17:30:00,1.420460176475632,0.8527834933018124,0.9672188068574683,-0.8791603023096038,1.3544626583943469
2024-11-15 17:45:00,1.2416715488786834,2.326306691892133,2.7276855640388686,-0.9702995885474643,1.8902572406587133
2024-11-15 18:00:00,1.6215973825221994,1.4595283397801795,2.3275794828612777,-0.8791603023096038,1.9438366988851499
2024-11-15 18:15:00,1.196974391979446,1.1994948341465936,0.6471339419153954,-1.243717447261046,1.104425186670976
2024-11-15 18:30:00,1.6215973825221994,0.4193943172458357,2.807706780274387,-0.9702995885474643,1.8188179630234644
2024-11-15 18:45:00,0.1465912048473723,-0.013994858810140965,0.08698542826676801,1.2170432811611887,0.37217259090967536
2024-11-15 19:00:00,0.5935627738397441,0.9394613285130077,0.5671127256798772,1.0347647086854674,0.9972662702181027
2024-11-15 19:15:00,0.6382599307389812,0.4193943172458357,-0.1530782204397866,0.48792899125830425,0.6579297014506708
2024-11-15 19:30:00,0.81704855833593,1.1128169989353984,-0.0730570042042684,0.48792899125830425,0.9615466314004782
2024-11-15 19:45:00,0.12424262639775369,0.9394613285130077,0.32704907697332264,-0.42346387112030115,0.2828734938656143
2024-11-15 20:00:00,-0.166288893447288,-0.6207397052885083,0.487091509444359,0.5790682774961649,-0.03860325549300547
2024-11-15 20:15:00,0.6159113522893627,0.8527834933018124,0.40707029320884086,-0.7880210160717432,0.604350243224234
2024-11-15 20:30:00,-0.1439403149976694,0.9394613285130077,-0.23309943667530483,1.4904611398747702,0.31859313268323874
2024-11-15 20:45:00,-0.18863747189690658,0.6794278228794217,-0.23309943667530483,0.12337184630686211,-0.03860325549300547
2024-11-15 21:00:00,0.6829570876382185,-0.27402836444372697,0.40707029320884086,0.5790682774961649,0.6936493402682952
2024-11-15 21:15:00,0.8617457152351672,-0.013994858810140965,0.24702786073780442,0.12337184630686211,0.765088617903544
2024-11-15 21:30:00,0.8617457152351672,0.8527834933018124,0.32704907697332264,0.39678970502044375,1.015126089626915
2024-11-15 21:45:00,0.5041684600412697,-0.3607061996549223,-0.1530782204397866,0.9436254224476069,0.4793315073625486
2024-11-15 22:00:00,-1.0155348745327946,-0.7940953757108989,-1.0333115990304869,-0.24118529864458005,-1.2530709752922358
2024-11-15 22:15:00,-1.0825806098816502,-0.8807732109220944,-0.9532903827949687,1.0347647086854674,-1.0566129617953015
2024-11-15 22:30:00,-1.0825806098816502,-0.7074175404997036,-1.0333115990304869,0.39678970502044375,-1.1637718782481747
2024-11-15 22:45:00,-1.1272777667808875,-0.6207397052885083,-1.0333115990304869,0.21451113254472265,-1.2173513364746114
2024-11-15 23:00:00,-1.2390206590289803,-1.054128881344485,-0.9532903827949687,1.125903994923328,-1.1994915170657992
2024-11-15 23:15:00,-1.2166720805793618,-0.9674510461332897,-0.9532903827949687,0.03223256006900157,-1.3780897111539212
2024-11-15 23:30:00,-1.1943235021297431,-0.8807732109220944,-1.0333115990304869,0.9436254224476069,-1.181631697656987
2024-11-15 23:45:00,-1.2166720805793618,-1.054128881344485,-0.9532903827949687,-0.6968817298338827,-1.538828085833231
2024-11-16 00:00:00,-1.0602320314320317,-0.7074175404997036,-0.9532903827949687,0.8524861362097464,-1.0387531423864893
2024-11-16 00:15:00,-1.1719749236801247,-0.7940953757108989,-1.0333115990304869,0.6702075637340253,-1.1994915170657992
2024-11-16 00:30:00,-1.1049291883312689,-0.7940953757108989,-1.0333115990304869,1.3993218536369096,-1.003033503568865
2024-11-16 00:45:00,-1.1049291883312689,-0.7074175404997036,-1.0333115990304869,1.4904611398747702,-0.9673138647512404
2024-11-16 01:00:00,-1.0155348745327946,-0.8807732109220944,-0.9532903827949687,1.308182567399049,-0.9494540453424282
2024-11-16 01:15:00,-1.149626345230506,-0.7074175404997036,-0.9532903827949687,0.8524861362097464,-1.1101924200217381
2024-11-16 01:30:00,-1.2166720805793618,-0.7074175404997036,-0.9532903827949687,0.03223256006900157,-1.3245102529274846
2024-11-16 01:45:00,-1.037883452982413,-0.7074175404997036,-1.0333115990304869,-0.15004601240671953,-1.2352111558834236
2024-11-16 02:00:00,-1.0602320314320317,-0.7940953757108989,-0.9532903827949687,0.6702075637340253,-1.092332600612926
2024-11-16 02:15:00,-1.2390206590289803,-0.9674510461332897,-0.9532903827949687,0.21451113254472265,-1.360229891745109
2024-11-16 02:30:00,-1.0155348745327946,-0.6207397052885083,-0.9532903827949687,1.9461575710640728,-0.7708558512543061
2024-11-16 02:45:00,-1.2166720805793618,-0.6207397052885083,-1.0333115990304869,1.6727397123504912,-1.003033503568865
2024-11-16 03:00:00,-1.1272777667808875,-0.7074175404997036,-0.9532903827949687,0.9436254224476069,-1.0744727812041137
2024-11-16 03:15:00,-1.1049291883312689,-0.8807732109220944,-0.9532903827949687,0.7613468499718858,-1.1280522394305503
2024-11-16 03:30:00,-1.2390206590289803,-0.7940953757108989,-0.9532903827949687,0.39678970502044375,-1.2887906141098602
2024-11-16 03:45:00,-1.1049291883312689,-0.6207397052885083,-0.9532903827949687,1.125903994923328,-1.003033503568865
2024-11-16 04:00:00,-1.0155348745327946,-1.054128881344485,-0.9532903827949687,1.0347647086854674,-1.0387531423864893
2024-11-16 04:15:00,-0.09924315809843222,-0.7074175404997036,-0.6332055178528959,-0.15004601240671953,-0.3957996436692497
2024-11-16 04:30:00,0.5712141953901255,-0.3607061996549223,-0.5531843016173776,-1.5171353059746275,-0.03860325549300547
2024-11-16 04:45:00,0.6382599307389812,-0.7074175404997036,-0.6332055178528959,-1.5171353059746275,-0.0743228943106299
2024-11-16 05:00:00,1.1522772350802089,-0.3607061996549223,-0.5531843016173776,-0.24118529864458005,0.675789520859483
2024-11-16 05:15:00,1.0181857643824974,0.15936081161224971,-0.23309943667530483,-0.42346387112030115,0.7115091596771074
2024-11-16 05:30:00,0.5712141953901255,-0.8807732109220944,-0.7932479503239322,-1.243717447261046,-0.14576217194587873
2024-11-16 05:45:00,0.6829570876382185,-0.27402836444372697,-0.9532903827949687,-0.24118529864458005,0.22929403563917766
2024-11-16 06:00:00,1.532203068723725,0.24603864682344503,2.3275794828612777,-1.243717447261046,1.5509206718912811
2024-11-16 06:15:00,1.2416715488786834,1.9795953510473516,2.087515834154723,-1.3348567334989065,1.6045001301177177
2024-11-16 06:30:00,1.1746258135298275,2.4129845271033283,2.167537050390241,-1.4259960197367672,1.6402197689353422
2024-11-16 06:45:00,1.1075800781809717,0.4193943172458357,2.167537050390241,-1.6082745922124881,1.1401448254886004
2024-11-16 07:00:00,0.9064428721344044,0.8527834933018124,1.9274734016836867,-1.6994138784503487,0.9972662702181027
2024-11-16 07:15:00,1.8227345885687667,1.1994948341465936,2.167537050390241,-1.6994138784503487,1.8545376018410888
2024-11-16 07:30:00,0.81704855833593,0.07268297640105437,1.4473461042705773,-1.5171353059746275,0.6936493402682952
2024-11-16 07:45:00,0.81704855833593,-0.013994858810140965,0.8871975906219501,-1.4259960197367672,0.5686306044066096
2024-11-16 08:00:00,1.4428087549252506,2.4129845271033283,1.4473461042705773,-1.5171353059746275,1.6759394077529666
2024-11-16 08:15:00,0.81704855833593,0.4193943172458357,1.6073885367416139,-1.6994138784503487,0.765088617903544
2024-11-16 08:30:00,0.8840942936847858,0.07268297640105437,2.807706780274387,-1.243717447261046,1.104425186670976
2024-11-16 08:45:00,1.420460176475632,1.026139163724203,0.9672188068574683,-1.6994138784503487,1.2294439225326614
2024-11-16 09:00:00,1.1522772350802089,-0.1006726940213363,2.5676431315678325,-1.6994138784503487,1.1401448254886004
2024-11-16 09:15:00,0.19128836174660946,0.15936081161224971,0.8071763743864319,0.21451113254472265,0.40789222972729977
2024-11-16 09:30:00,0.325379832444321,0.15936081161224971,1.7674309692126502,-0.058906726168858975,0.675789520859483
2024-11-16 09:45:00,-0.7697005115869899,-0.44738403486611766,1.687409752977132,0.48792899125830425,-0.2350612689899398
2024-11-16 10:00:00,-1.0602320314320317,0.24603864682344503,-0.313120652910823,-0.3323245848824406,-0.931594225933616
2024-11-16 10:15:00,-1.1272777667808875,-0.18735052923253165,0.8071763743864319,0.12337184630686211,-0.7351362124366817
2024-11-16 10:30:00,-0.6356090408892784,0.5060721524570311,-0.39314186914634125,-0.24118529864458005,-0.5386781989397473
2024-11-16 10:45:00,-1.2390206590289803,-0.44738403486611766,-0.6332055178528959,-0.42346387112030115,-1.3066504335186724
2024-11-16 11:00:00,-0.2556832072457624,-0.534061870077313,0.16700664450228622,0.39678970502044375,-0.19934163017231535
2024-11-16 11:15:00,-0.7026547762381342,-0.44738403486611766,-0.6332055178528959,0.48792899125830425,-0.6994165736190572
2024-11-16 11:30:00,-0.3450775210442367,-0.44738403486611766,-0.39314186914634125,0.21451113254472265,-0.4136594630780619
2024-11-16 11:45:00,-0.47916899174194827,-0.27402836444372697,-0.23309943667530483,0.48792899125830425,-0.3957996436692497
2024-11-16 12:00:00,-0.05454600119919504,-0.3607061996549223,0.16700664450228622,0.48792899125830425,0.014976202733431157
2024-11-16 12:15:00,-0.21098605034652518,-0.534061870077313,-0.5531843016173776,0.9436254224476069,-0.21720144958112758
2024-11-16 12:30:00,0.0795454694985165,-0.6207397052885083,0.006964212031249799,0.7613468499718858,0.08641548036867999
2024-11-16 12:45:00,-0.5909118839900412,-0.6207397052885083,-0.7932479503239322,1.0347647086854674,-0.5743978377573717
2024-11-16 13:00:00,-0.09924315809843222,-0.18735052923253165,0.08698542826676801,0.48792899125830425,-0.0028836166753810535
2024-11-16 13:15:00,-0.09924315809843222,1.546206174991375,-0.6332055178528959,0.12337184630686211,0.12213511918630442
2024-11-16 13:30:00,-1.0155348745327946,0.4193943172458357,-0.313120652910823,-1.243717447261046,-1.0387531423864893
2024-11-16 13:45:00,0.1018940479481351,0.8527834933018124,2.007494617919205,-1.061438874785325,0.4971913267713608
2024-11-16 14:00:00,-0.9037919822847015,1.546206174991375,1.4473461042705773,-0.8791603023096038,-0.252921088398752
2024-11-16 14:15:00,-0.9484891391839387,0.07268297640105437,-0.0730570042042684,-1.1525781610231856,-0.9851736841600526
2024-11-16 14:30:00,0.8840942936847858,1.546206174991375,0.8871975906219501,-0.9702995885474643,1.0329859090357272
2024-11-16 14:45:00,0.928791450584023,-0.18735052923253165,-0.5531843016173776,-1.1525781610231856,0.35431277150086316
2024-11-16 15:00:00,-0.5685633055404227,0.6794278228794217,1.8474521854481685,-1.061438874785325,-0.11004253312825431
2024-11-16 15:15:00,0.19128836174660946,0.5060721524570311,1.9274734016836867,-0.6968817298338827,0.5507707849977974
2024-11-16 15:30:00,-0.07689457964881363,0.24603864682344503,-0.39314186914634125,-0.6968817298338827,-0.2350612689899398
2024-11-16 15:45:00,0.3477284108939396,0.6794278228794217,0.08698542826676801,-0.6057424435960223,0.31859313268323874
2024-11-16 16:00:00,1.0181857643824974,1.7195618454137656,2.407600699096796,-1.243717447261046,1.46162157484722
2024-11-16 16:15:00,1.7780374316695295,-0.013994858810140965,2.2475582666257594,-1.1525781610231856,1.6937992271617788
2024-11-16 16:30:00,1.6439459609718179,-0.1006726940213363,0.5671127256798772,-1.061438874785325,1.2115841031238492
2024-11-16 16:45:00,1.420460176475632,2.4129845271033283,1.4473461042705773,-0.7880210160717432,1.8009581436146522
2024-11-16 17:00:00,1.3981115980260135,0.8527834933018124,1.207282455564023,-0.9702995885474643,1.372322477803159
2024-11-16 17:15:00,0.8393971367855486,0.4193943172458357,0.8071763743864319,-0.9702995885474643,0.7472287984947318
2024-11-16 17:30:00,1.3757630195763948,1.7195618454137656,1.287303671799541,-1.061438874785325,1.533060852482469
2024-11-16 17:45:00,1.2193229704290647,1.9795953510473516,2.4876219153323142,-0.9702995885474643,1.7473786853882156
2024-11-16 18:00:00,0.9064428721344044,-0.1006726940213363,2.2475582666257594,-1.061438874785325,0.9972662702181027
2024-11-16 18:15:00,1.085231499731353,2.4129845271033283,1.4473461042705773,-1.243717447261046,1.443761755438408
2024-11-16 18:30:00,0.7946999798863115,0.07268297640105437,0.5671127256798772,-1.061438874785325,0.5686306044066096
2024-11-16 18:45:00,0.9958371859328787,1.1128169989353984,0.487091509444359,1.3993218536369096,1.4080421166207835
2024-11-16 19:00:00,0.9511400290336416,-0.534061870077313,0.32704907697332264,0.39678970502044375,0.8008082567211684
2024-11-16 19:15:00,0.8617457152351672,-0.013994858810140965,-0.23309943667530483,-0.7880210160717432,0.4793315073625486
2024-11-16 19:30:00,0.81704855833593,0.8527834933018124,0.32704907697332264,0.39678970502044375,0.9794064508092905
2024-11-16 19:45:00,0.25833409709546523,0.5927499876682264,0.24702786073780442,-0.9702995885474643,0.19357439682155325
2024-11-16 20:00:00,0.1018940479481351,0.3327164820346404,0.487091509444359,1.308182567399049,0.515051146180173
2024-11-16 20:15:00,0.21363694019622806,-0.27402836444372697,0.006964212031249799,0.8524861362097464,0.2828734938656143
2024-11-16 20:30:00,0.6606085091885999,-0.27402836444372697,0.24702786073780442,0.9436254224476069,0.7115091596771074
2024-11-16 20:45:00,0.25833409709546523,0.4193943172458357,0.32704907697332264,0.3056504187825832,0.425752049136112
2024-11-16 21:00:00,0.16893978329699086,0.3327164820346404,0.08698542826676801,1.3993218536369096,0.4971913267713608
2024-11-16 21:15:00,-0.1439403149976694,-0.44738403486611766,0.40707029320884086,-0.6057424435960223,-0.2350612689899398
2024-11-16 21:30:00,-0.2556832072457624,0.6794278228794217,-0.23309943667530483,-0.8791603023096038,-0.2886407272163764
2024-11-16 21:45:00,0.548865616940507,-0.534061870077313,0.40707029320884086,1.2170432811611887,0.6579297014506708
2024-11-16 22:00:00,-1.1272777667808875,-0.6207397052885083,-0.9532903827949687,1.2170432811611887,-1.003033503568865
2024-11-16 22:15:00,-1.1943235021297431,-0.9674510461332897,-1.0333115990304869,-0.6968817298338827,-1.5209682664244188
2024-11-16 22:30:00,-1.0825806098816502,-0.8807732109220944,-1.0333115990304869,0.8524861362097464,-1.1101924200217381
2024-11-16 22:45:00,-1.1719749236801247,-0.6207397052885083,-0.9532903827949687,-0.6057424435960223,-1.3959495305627334
2024-11-16 23:00:00,-1.1272777667808875,-0.6207397052885083,-1.0333115990304869,0.21451113254472265,-1.2173513364746114
2024-11-16 23:15:00,-1.0602320314320317,-0.7074175404997036,-1.0333115990304869,-0.6968817298338827,-1.360229891745109
2024-11-16 23:30:00,-1.1943235021297431,-0.7074175404997036,-1.0333115990304869,0.21451113254472265,-1.2887906141098602
2024-11-16 23:45:00,-1.2390206590289803,-0.7074175404997036,-0.9532903827949687,-0.6057424435960223,-1.4673888081979822
2024-11-17 00:00:00,-1.1272777667808875,-0.8807732109220944,-1.0333115990304869,0.5790682774961649,-1.1994915170657992
2024-11-17 00:15:00,-1.2166720805793618,-1.054128881344485,-1.0333115990304869,0.48792899125830425,-1.3245102529274846
2024-11-17 00:30:00,-1.1272777667808875,-0.8807732109220944,-0.9532903827949687,-0.3323245848824406,-1.360229891745109
2024-11-17 00:45:00,-1.0155348745327946,-0.7940953757108989,-0.9532903827949687,0.9436254224476069,-1.003033503568865
2024-11-17 01:00:00,-1.0825806098816502,-0.8807732109220944,-1.0333115990304869,0.48792899125830425,-1.181631697656987
2024-11-17 01:15:00,-1.037883452982413,-0.6207397052885083,-0.9532903827949687,0.6702075637340253,-1.0387531423864893
2024-11-17 01:30:00,-1.0155348745327946,-0.7940953757108989,-0.9532903827949687,1.2170432811611887,-0.9494540453424282
2024-11-17 01:45:00,-1.1272777667808875,-0.7940953757108989,-1.0333115990304869,0.03223256006900157,-1.2887906141098602
2024-11-17 02:00:00,-1.1719749236801247,-0.6207397052885083,-1.0333115990304869,-0.15004601240671953,-1.3245102529274846
2024-11-17 02:15:00,-1.1943235021297431,-0.6207397052885083,-0.9532903827949687,0.03223256006900157,-1.2887906141098602
2024-11-17 02:30:00,-1.2390206590289803,-0.8807732109220944,-1.0333115990304869,0.7613468499718858,-1.2530709752922358
2024-11-17 02:45:00,-1.0155348745327946,-0.7074175404997036,-0.9532903827949687,0.39678970502044375,-1.092332600612926
2024-11-17 03:00:00,-1.149626345230506,-1.054128881344485,-1.0333115990304869,-0.24118529864458005,-1.4138093499715456
2024-11-17 03:15:00,-1.1943235021297431,-0.7074175404997036,-0.9532903827949687,0.8524861362097464,-1.1459120588393625
2024-11-17 03:30:00,-1.037883452982413,-0.8807732109220944,-1.0333115990304869,0.12337184630686211,-1.2173513364746114
2024-11-17 03:45:00,-1.0155348745327946,-0.8807732109220944,-0.9532903827949687,0.03223256006900157,-1.1994915170657992
2024-11-17 04:00:00,-1.1049291883312689,-1.054128881344485,-1.0333115990304869,1.5816004261126306,-1.020893322977677
2024-11-17 04:15:00,-0.07689457964881363,0.6794278228794217,-0.7132267340884141,-0.058906726168858975,-0.0921827137194421
2024-11-17 04:30:00,-0.3450775210442367,0.07268297640105437,-0.8732691665594505,-0.42346387112030115,-0.5386781989397473
2024-11-17 04:45:00,0.7946999798863115,-0.7940953757108989,-0.5531843016173776,-1.1525781610231856,0.12213511918630442
2024-11-17 05:00:00,0.6382599307389812,0.24603864682344503,-0.8732691665594505,-0.8791603023096038,0.19357439682155325
2024-11-17 05:15:00,0.05719689104889791,-0.18735052923253165,-0.39314186914634125,-1.6082745922124881,-0.3957996436692497
2024-11-17 05:30:00,0.6606085091885999,-0.7940953757108989,-0.39314186914634125,0.12337184630686211,0.30073331327442654
2024-11-17 05:45:00,1.0628829212817346,-0.44738403486611766,-0.23309943667530483,-0.24118529864458005,0.6579297014506708
2024-11-17 06:00:00,0.9064428721344044,0.07268297640105437,2.087515834154723,-1.6082745922124881,0.8901073537652294
2024-11-17 06:15:00,0.8840942936847858,1.7195618454137656,2.7276855640388686,-1.3348567334989065,1.4080421166207835
2024-11-17 06:30:00,1.8897803239176225,0.5927499876682264,1.687409752977132,-1.3348567334989065,1.7473786853882156
2024-11-17 06:45:00,1.5992488040725807,2.2396288566809375,2.087515834154723,-1.5171353059746275,1.9081170600675255
2024-11-17 07:00:00,1.0628829212817346,-0.1006726940213363,1.5273673205060956,-1.6082745922124881,0.854387714947605
2024-11-17 07:15:00,1.1522772350802089,1.546206174991375,1.0472400230929866,-1.243717447261046,1.2294439225326614
2024-11-17 07:30:00,1.4428087549252506,-0.18735052923253165,1.9274734016836867,-1.6082745922124881,1.2294439225326614
2024-11-17 07:45:00,1.8897803239176225,1.7195618454137656,1.4473461042705773,-1.6082745922124881,1.872397421249901
2024-11-17 08:00:00,1.800386010119148,-0.18735052923253165,1.3673248880350592,-1.4259960197367672,1.4259019360295957
2024-11-17 08:15:00,1.2863687057779205,1.026139163724203,2.6476643478033504,-1.5171353059746275,1.533060852482469
2024-11-17 08:30:00,0.9958371859328787,1.026139163724203,1.0472400230929866,-1.3348567334989065,0.9794064508092905
2024-11-17 08:45:00,1.0181857643824974,1.806239680624961,1.4473461042705773,-1.5171353059746275,1.2115841031238492
2024-11-17 09:00:00,1.4875059118244878,0.5060721524570311,1.5273673205060956,-1.5171353059746275,1.3366028389855347
2024-11-17 09:15:00,0.012499734149660732,0.3327164820346404,0.7271551581509137,-0.5146031573581616,0.13999493859511664
2024-11-17 09:30:00,-0.4568204132923297,1.026139163724203,-0.6332055178528959,0.39678970502044375,-0.21720144958112758
2024-11-17 09:45:00,0.5935627738397441,0.5927499876682264,0.16700664450228622,-1.061438874785325,0.425752049136112
2024-11-17 10:00:00,0.2806826755450838,0.8527834933018124,0.24702786073780442,0.5790682774961649,0.5686306044066096
2024-11-17 10:15:00,0.548865616940507,-0.8807732109220944,0.16700664450228622,-0.058906726168858975,0.2828734938656143
2024-11-17 10:30:00,-0.9484891391839387,-0.8807732109220944,1.9274734016836867,-0.8791603023096038,-0.681556754210245
2024-11-17 10:45:00,-1.0825806098816502,-0.6207397052885083,-0.5531843016173776,0.12337184630686211,-1.092332600612926
2024-11-17 11:00:00,-0.5462147270908041,-0.6207397052885083,-0.7132267340884141,0.48792899125830425,-0.6279772959838084
2024-11-17 11:15:00,-0.7473519331373714,-0.6207397052885083,0.16700664450228622,0.6702075637340253,-0.5565380183485595
2024-11-17 11:30:00,-0.00984884429995786,-0.44738403486611766,-0.47316308538185947,0.3056504187825832,-0.14576217194587873
2024-11-17 11:45:00,-0.9708377176335573,-0.534061870077313,-0.7932479503239322,0.5790682774961649,-0.9494540453424282
2024-11-17 12:00:00,-0.2556832072457624,-0.44738403486611766,-0.7132267340884141,0.8524861362097464,-0.2886407272163764
2024-11-17 12:15:00,-0.6132604624396598,-0.6207397052885083,-0.39314186914634125,0.8524861362097464,-0.5386781989397473
2024-11-17 12:30:00,-0.1439403149976694,-0.44738403486611766,0.16700664450228622,0.39678970502044375,-0.0921827137194421
2024-11-17 12:45:00,-0.7026547762381342,-0.3607061996549223,-0.23309943667530483,0.39678970502044375,-0.6101174765749962
2024-11-17 13:00:00,-0.8367462469358458,-0.534061870077313,-0.7932479503239322,0.7613468499718858,-0.8065754900719305
2024-11-17 13:15:00,-1.3060663943778361,0.3327164820346404,-0.1530782204397866,-0.42346387112030115,-1.092332600612926
2024-11-17 13:30:00,-1.2837178159282177,-0.013994858810140965,0.7271551581509137,-0.9702995885474643,-1.0566129617953015
2024-11-17 13:45:00,-0.5238661486411854,1.1128169989353984,2.007494617919205,-0.058906726168858975,0.2471538550479899
2024-11-17 14:00:00,0.3700769893435582,0.07268297640105437,1.207282455564023,-1.243717447261046,0.33645295209205095
2024-11-17 14:15:00,-1.149626345230506,1.026139163724203,1.0472400230929866,-0.8791603023096038,-0.6458371153926206
2024-11-17 14:30:00,-0.5909118839900412,1.1128169989353984,1.6073885367416139,-0.8791603023096038,-0.056463074901817685
2024-11-17 14:45:00,-0.4121232563930925,0.15936081161224971,1.287303671799541,-1.1525781610231856,-0.2350612689899398
2024-11-17 15:00:00,1.2193229704290647,0.6794278228794217,0.6471339419153954,-0.058906726168858975,1.2473037419414736
2024-11-17 15:15:00,1.085231499731353,-0.1006726940213363,2.087515834154723,-0.7880210160717432,1.1580046448974126
2024-11-17 15:30:00,0.7500028229870742,1.026139163724203,1.3673248880350592,-0.7880210160717432,0.9615466314004782
2024-11-17 15:45:00,0.2806826755450838,0.5060721524570311,1.3673248880350592,-0.9702995885474643,0.4436118685449242
2024-11-17 16:00:00,1.7556888532199109,2.4129845271033283,1.287303671799541,-0.7880210160717432,2.0331357959292107
2024-11-17 16:15:00,0.928791450584023,1.3728505045689845,2.007494617919205,-0.8791603023096038,1.3008832001679103
2024-11-17 16:30:00,1.2863687057779205,1.3728505045689845,0.8871975906219501,-0.7880210160717432,1.3544626583943469
2024-11-17 16:45:00,1.3534144411267761,0.24603864682344503,1.207282455564023,-1.1525781610231856,1.1758644643062248
2024-11-17 17:00:00,1.8227345885687667,1.3728505045689845,0.8071763743864319,-1.243717447261046,1.6759394077529666
2024-11-17 17:15:00,0.7723514014366928,0.766105658090617,1.6073885367416139,-1.061438874785325,0.9258269925828538
2024-11-17 17:30:00,1.0628829212817346,-0.013994858810140965,0.7271551581509137,-1.1525781610231856,0.7829484373123562
2024-11-17 17:45:00,1.4428087549252506,1.8929175158361562,1.3673248880350592,-1.1525781610231856,1.62235994952653
2024-11-17 18:00:00,1.1746258135298275,2.4129845271033283,1.287303671799541,-0.7880210160717432,1.5687804913000933
2024-11-17 18:15:00,1.0628829212817346,2.2396288566809375,2.4876219153323142,-0.8791603023096038,1.6937992271617788
2024-11-17 18:30:00,1.1522772350802089,1.4595283397801795,1.287303671799541,-0.8791603023096038,1.3366028389855347
2024-11-17 18:45:00,0.9064428721344044,-0.013994858810140965,0.5671127256798772,1.2170432811611887,1.0865653672621638
2024-11-17 19:00:00,0.6829570876382185,-0.1006726940213363,0.16700664450228622,-0.42346387112030115,0.4793315073625486
2024-11-17 19:15:00,-0.166288893447288,-0.1006726940213363,0.08698542826676801,0.48792899125830425,-0.03860325549300547
2024-11-17 19:30:00,0.23598551864584666,0.8527834933018124,-0.23309943667530483,-0.8791603023096038,0.13999493859511664
2024-11-17 19:45:00,0.012499734149660732,-0.534061870077313,-0.0730570042042684,1.308182567399049,0.13999493859511664
2024-11-17 20:00:00,-0.09924315809843222,0.9394613285130077,0.006964212031249799,-0.058906726168858975,0.10427529977749221
2024-11-17 20:15:00,0.6159113522893627,-0.534061870077313,0.16700664450228622,-0.15004601240671953,0.39003241031848757
2024-11-17 20:30:00,-0.32272894259461815,-0.1006726940213363,0.24702786073780442,0.6702075637340253,-0.0921827137194421
2024-11-17 20:45:00,0.45947130314203255,-0.534061870077313,-0.0730570042042684,-0.8791603023096038,0.06855566095986779
2024-11-17 21:00:00,0.25833409709546523,0.24603864682344503,-0.0730570042042684,0.9436254224476069,0.425752049136112
2024-11-17 21:15:00,0.4147741462427954,0.24603864682344503,0.24702786073780442,-0.9702995885474643,0.2471538550479899
2024-11-17 21:30:00,0.8393971367855486,-0.013994858810140965,0.16700664450228622,-0.7880210160717432,0.5507707849977974
2024-11-17 21:45:00,-0.12159173654805082,-0.27402836444372697,-0.1530782204397866,0.7613468499718858,-0.03860325549300547
2024-11-17 22:00:00,-1.149626345230506,-0.9674510461332897,-0.9532903827949687,0.3056504187825832,-1.270930794701048
2024-11-17 22:15:00,-1.149626345230506,-0.8807732109220944,-1.0333115990304869,1.4904611398747702,-1.0387531423864893
2024-11-17 22:30:00,-1.1719749236801247,-0.9674510461332897,-0.9532903827949687,1.125903994923328,-1.1280522394305503
2024-11-17 22:45:00,-1.037883452982413,-1.054128881344485,-0.9532903827949687,0.3056504187825832,-1.1994915170657992
2024-11-17 23:00:00,-1.1719749236801247,-0.7074175404997036,-1.0333115990304869,0.8524861362097464,-1.1459120588393625
2024-11-17 23:15:00,-1.1719749236801247,-0.9674510461332897,-1.0333115990304869,0.6702075637340253,-1.2352111558834236
2024-11-17 23:30:00,-1.1943235021297431,-1.054128881344485,-0.9532903827949687,1.3993218536369096,-1.1101924200217381
2024-11-17 23:45:00,-1.0155348745327946,-0.9674510461332897,-0.9532903827949687,1.7638789985883518,-0.8780147677071793
2024-11-18 00:00:00,-1.1943235021297431,-0.7940953757108989,-1.0333115990304869,1.7638789985883518,-1.003033503568865
2024-11-18 00:15:00,-1.1943235021297431,-0.9674510461332897,-1.0333115990304869,1.9461575710640728,-1.003033503568865
2024-11-18 00:30:00,-1.0155348745327946,-0.6207397052885083,-1.0333115990304869,-0.7880210160717432,-1.3245102529274846
2024-11-18 00:45:00,-1.1943235021297431,-0.7074175404997036,-0.9532903827949687,0.7613468499718858,-1.1637718782481747
2024-11-18 01:00:00,-1.1272777667808875,-0.6207397052885083,-1.0333115990304869,0.21451113254472265,-1.2173513364746114
2024-11-18 01:15:00,-1.037883452982413,-0.8807732109220944,-1.0333115990304869,1.0347647086854674,-1.0387531423864893
2024-11-18 01:30:00,-1.2166720805793618,-1.054128881344485,-0.9532903827949687,1.9461575710640728,-1.020893322977677
2024-11-18 01:45:00,-1.1272777667808875,-0.7940953757108989,-1.0333115990304869,1.4904611398747702,-1.003033503568865
2024-11-18 02:00:00,-1.1272777667808875,-1.054128881344485,-0.9532903827949687,1.6727397123504912,-1.003033503568865
2024-11-18 02:15:00,-1.1049291883312689,-0.8807732109220944,-1.0333115990304869,1.6727397123504912,-0.9673138647512404
2024-11-18 02:30:00,-1.2390206590289803,-1.054128881344485,-0.9532903827949687,0.48792899125830425,-1.3245102529274846
2024-11-18 02:45:00,-1.1943235021297431,-1.054128881344485,-0.9532903827949687,1.125903994923328,-1.1637718782481747
2024-11-18 03:00:00,-1.1272777667808875,-0.9674510461332897,-0.9532903827949687,1.5816004261126306,-1.003033503568865
2024-11-18 03:15:00,-1.149626345230506,-0.6207397052885083,-1.0333115990304869,-0.15004601240671953,-1.3066504335186724
2024-11-18 03:30:00,-1.0825806098816502,-0.7940953757108989,-0.9532903827949687,1.7638789985883518,-0.8958745871159915
2024-11-18 03:45:00,-1.037883452982413,-1.054128881344485,-1.0333115990304869,-0.058906726168858975,-1.2887906141098602
2024-11-18 04:00:00,-1.0602320314320317,-0.6207397052885083,-0.9532903827949687,1.0347647086854674,-0.9851736841600526
2024-11-18 04:15:00,1.196974391979446,-0.013994858810140965,-0.5531843016173776,-1.3348567334989065,0.5686306044066096
2024-11-18 04:30:00,0.19128836174660946,1.3728505045689845,-0.9532903827949687,-0.5146031573581616,0.12213511918630442
2024-11-18 04:45:00,0.7946999798863115,1.1994948341465936,-0.23309943667530483,-1.6994138784503487,0.4971913267713608
2024-11-18 05:00:00,0.7500028229870742,-0.7074175404997036,-0.47316308538185947,0.03223256006900157,0.35431277150086316
2024-11-18 05:15:00,0.7500028229870742,0.5060721524570311,-0.47316308538185947,-1.243717447261046,0.35431277150086316
2024-11-18 05:30:00,0.81704855833593,1.026139163724203,-0.8732691665594505,-0.9702995885474643,0.4793315073625486
2024-11-18 05:45:00,-0.3450775210442367,-0.7074175404997036,-0.5531843016173776,-0.5146031573581616,-0.6458371153926206
2024-11-18 06:00:00,1.3981115980260135,-0.1006726940213363,2.6476643478033504,-1.3348567334989065,1.4259019360295957
2024-11-18 06:15:00,1.420460176475632,2.326306691892133,2.407600699096796,-1.6994138784503487,1.8188179630234644
2024-11-18 06:30:00,1.420460176475632,1.286172669357789,2.007494617919205,-1.6994138784503487,1.5152010330736567
2024-11-18 06:45:00,1.0628829212817346,1.026139163724203,0.7271551581509137,-1.5171353059746275,0.9258269925828538
2024-11-18 07:00:00,1.688643117871055,0.24603864682344503,0.6471339419153954,-1.243717447261046,1.3008832001679103
2024-11-18 07:15:00,1.2193229704290647,0.8527834933018124,1.287303671799541,-1.6082745922124881,1.1222850060797882
2024-11-18 07:30:00,1.688643117871055,1.026139163724203,2.7276855640388686,-1.3348567334989065,1.9081170600675255
2024-11-18 07:45:00,1.8674317454680038,1.026139163724203,1.6073885367416139,-1.6082745922124881,1.7473786853882156
2024-11-18 08:00:00,1.6662945394214366,2.4129845271033283,1.8474521854481685,-1.6082745922124881,1.9259768794763377
2024-11-18 08:15:00,1.6662945394214366,0.6794278228794217,1.8474521854481685,-1.6994138784503487,1.5509206718912811
2024-11-18 08:30:00,0.928791450584023,0.07268297640105437,1.4473461042705773,-1.3348567334989065,0.8186680761299806
2024-11-18 08:45:00,1.688643117871055,0.24603864682344503,1.5273673205060956,-1.3348567334989065,1.4794813942560323
2024-11-18 09:00:00,1.2193229704290647,1.286172669357789,2.007494617919205,-1.3348567334989065,1.4259019360295957
2024-11-18 09:15:00,0.1018940479481351,0.15936081161224971,0.6471339419153954,-1.243717447261046,0.014976202733431157
2024-11-18 09:30:00,-0.23333462879614378,1.026139163724203,0.24702786073780442,0.21451113254472265,0.12213511918630442
2024-11-18 09:45:00,-0.3003803641449995,0.5060721524570311,0.7271551581509137,-0.24118529864458005,-0.020743436084193264
2024-11-18 10:00:00,-0.00984884429995786,-0.7074175404997036,0.487091509444359,0.21451113254472265,-0.0028836166753810535
2024-11-18 10:15:00,-0.2556832072457624,-0.18735052923253165,1.3673248880350592,0.8524861362097464,0.22929403563917766
2024-11-18 10:30:00,-0.6356090408892784,-0.7940953757108989,1.5273673205060956,-0.058906726168858975,-0.342220185442813
2024-11-18 10:45:00,-0.9484891391839387,-0.7940953757108989,1.9274734016836867,-0.058906726168858975,-0.5029585601221229
2024-11-18 11:00:00,-0.5015175701915668,-0.44738403486611766,-0.47316308538185947,0.9436254224476069,-0.4136594630780619
2024-11-18 11:15:00,-0.9708377176335573,-0.534061870077313,0.006964212031249799,0.48792899125830425,-0.7887156706631183
2024-11-18 11:30:00,-0.9931862960831759,-0.18735052923253165,-0.5531843016173776,1.0347647086854674,-0.7529960318454939
2024-11-18 11:45:00,-0.3897746779434739,-0.3607061996549223,-0.1530782204397866,0.3056504187825832,-0.3600800048516252
2024-11-18 12:00:00,-0.6803061977885156,-0.6207397052885083,-0.0730570042042684,0.12337184630686211,-0.6636969348014328
2024-11-18 12:15:00,0.0795454694985165,-0.6207397052885083,0.006964212031249799,0.3056504187825832,-0.0028836166753810535
2024-11-18 12:30:00,-0.9708377176335573,-0.27402836444372697,-0.23309943667530483,0.21451113254472265,-0.8422951288895549
2024-11-18 12:45:00,-0.4344718348427111,-0.6207397052885083,-0.313120652910823,0.39678970502044375,-0.4672389213044985
2024-11-18 13:00:00,-0.3674260994938553,-0.6207397052885083,-0.1530782204397866,0.21451113254472265,-0.4136594630780619
2024-11-18 13:15:00,-0.8143976684862272,0.5060721524570311,1.287303671799541,0.12337184630686211,-0.2350612689899398
2024-11-18 13:30:00,0.6829570876382185,0.9394613285130077,1.4473461042705773,-0.42346387112030115,0.9794064508092905
2024-11-18 13:45:00,0.7723514014366928,1.286172669357789,0.8071763743864319,-0.24118529864458005,1.015126089626915
2024-11-18 14:00:00,0.6829570876382185,0.8527834933018124,1.8474521854481685,-1.243717447261046,0.8901073537652294
2024-11-18 14:15:00,-0.8590948253854643,1.1994948341465936,0.9672188068574683,-0.3323245848824406,-0.2886407272163764
2024-11-18 14:30:00,1.085231499731353,0.766105658090617,1.5273673205060956,-1.243717447261046,1.1222850060797882
2024-11-18 14:45:00,0.19128836174660946,1.286172669357789,1.687409752977132,-0.7880210160717432,0.6400698820418586
2024-11-18 15:00:00,-1.149626345230506,0.3327164820346404,-0.313120652910823,-0.42346387112030115,-1.003033503568865
2024-11-18 15:15:00,0.4147741462427954,1.546206174991375,1.0472400230929866,-0.7880210160717432,0.7293689790859196
2024-11-18 15:30:00,0.6829570876382185,0.5927499876682264,0.08698542826676801,-0.058906726168858975,0.675789520859483
2024-11-18 15:45:00,-0.5685633055404227,0.24603864682344503,1.207282455564023,-1.243717447261046,-0.3779398242604375
2024-11-18 16:00:00,0.9958371859328787,0.24603864682344503,2.6476643478033504,-1.243717447261046,1.193724283715037
2024-11-18 16:15:00,1.6215973825221994,2.326306691892133,1.4473461042705773,-1.061438874785325,1.8902572406587133
2024-11-18 16:30:00,1.1746258135298275,1.7195618454137656,1.5273673205060956,-0.7880210160717432,1.4794813942560323
2024-11-18 16:45:00,1.7109916963206737,1.8929175158361562,2.007494617919205,-0.8791603023096038,2.0331357959292107
2024-11-18 17:00:00,1.0628829212817346,0.07268297640105437,1.8474521854481685,-1.243717447261046,1.0329859090357272
2024-11-18 17:15:00,0.8617457152351672,1.4595283397801795,1.5273673205060956,-1.061438874785325,1.1222850060797882
2024-11-18 17:30:00,1.532203068723725,2.326306691892133,0.6471339419153954,-0.8791603023096038,1.6759394077529666
2024-11-18 17:45:00,0.928791450584023,0.24603864682344503,2.807706780274387,-1.243717447261046,1.1758644643062248
2024-11-18 18:00:00,1.6439459609718179,1.1128169989353984,2.407600699096796,-1.061438874785325,1.872397421249901
2024-11-18 18:15:00,1.3981115980260135,0.6794278228794217,0.5671127256798772,-1.1525781610231856,1.1580046448974126
2024-11-18 18:30:00,0.7946999798863115,0.07268297640105437,2.7276855640388686,-0.7880210160717432,1.104425186670976
2024-11-18 18:45:00,0.8840942936847858,0.4193943172458357,0.006964212031249799,0.39678970502044375,0.8722475343564172
2024-11-18 19:00:00,0.8393971367855486,0.15936081161224971,0.006964212031249799,-0.8791603023096038,0.5329109655889852
2024-11-18 19:15:00,-0.32272894259461815,0.9394613285130077,0.16700664450228622,-0.5146031573581616,-0.12790235253706653
2024-11-18 19:30:00,0.4147741462427954,-0.18735052923253165,0.24702786073780442,0.12337184630686211,0.37217259090967536
2024-11-18 19:45:00,0.7053056660878371,1.1128169989353984,0.487091509444359,0.48792899125830425,0.9972662702181027
2024-11-18 20:00:00,0.7276542445374556,-0.3607061996549223,-0.23309943667530483,0.03223256006900157,0.4614716879537364
2024-11-18 20:15:00,0.6382599307389812,0.07268297640105437,0.487091509444359,0.5790682774961649,0.7472287984947318
2024-11-18 20:30:00,0.8840942936847858,1.1128169989353984,-0.1530782204397866,1.4904611398747702,1.193724283715037
2024-11-18 20:45:00,0.19128836174660946,-0.27402836444372697,0.006964212031249799,-1.1525781610231856,-0.12790235253706653
2024-11-18 21:00:00,-0.18863747189690658,0.5060721524570311,0.006964212031249799,0.8524861362097464,0.12213511918630442
2024-11-18 21:15:00,-0.18863747189690658,0.15936081161224971,-0.1530782204397866,1.308182567399049,0.10427529977749221
2024-11-18 21:30:00,0.4147741462427954,0.9394613285130077,0.487091509444359,-0.3323245848824406,0.5686306044066096
2024-11-18 21:45:00,0.8840942936847858,0.15936081161224971,0.24702786073780442,1.308182567399049,1.0508457284445394
2024-11-18 22:00:00,-1.2390206590289803,-0.7074175404997036,-0.9532903827949687,1.7638789985883518,-1.003033503568865
2024-11-18 22:15:00,-1.1272777667808875,-0.9674510461332897,-0.9532903827949687,0.9436254224476069,-1.1280522394305503
2024-11-18 22:30:00,-1.149626345230506,-0.9674510461332897,-0.9532903827949687,0.5790682774961649,-1.2173513364746114
2024-11-18 22:45:00,-1.0155348745327946,-0.8807732109220944,-1.0333115990304869,1.6727397123504912,-0.8958745871159915
2024-11-18 23:00:00,-1.0155348745327946,-0.9674510461332897,-1.0333115990304869,0.7613468499718858,-1.092332600612926
2024-11-18 23:15:00,-1.1719749236801247,-0.9674510461332897,-0.9532903827949687,-0.058906726168858975,-1.360229891745109
2024-11-18 23:30:00,-1.037883452982413,-1.054128881344485,-1.0333115990304869,1.4904611398747702,-0.9851736841600526
2024-11-18 23:45:00,-1.149626345230506,-0.9674510461332897,-0.9532903827949687,0.7613468499718858,-1.181631697656987
2024-11-19 00:00:00,-1.1719749236801247,-0.6207397052885083,-1.0333115990304869,-0.6057424435960223,-1.4138093499715456
2024-11-19 00:15:00,-1.0602320314320317,-0.6207397052885083,-1.0333115990304869,-0.6057424435960223,-1.3245102529274846
2024-11-19 00:30:00,-1.2390206590289803,-0.7940953757108989,-0.9532903827949687,1.2170432811611887,-1.1280522394305503
2024-11-19 00:45:00,-1.149626345230506,-0.8807732109220944,-1.0333115990304869,-0.3323245848824406,-1.3959495305627334
2024-11-19 01:00:00,-1.1049291883312689,-0.7940953757108989,-1.0333115990304869,-0.3323245848824406,-1.3423700723362968
2024-11-19 01:15:00,-1.149626345230506,-0.8807732109220944,-1.0333115990304869,0.5790682774961649,-1.2173513364746114
2024-11-19 01:30:00,-1.0825806098816502,-0.6207397052885083,-1.0333115990304869,-0.058906726168858975,-1.2352111558834236
2024-11-19 01:45:00,-1.1719749236801247,-0.9674510461332897,-1.0333115990304869,0.8524861362097464,-1.1994915170657992
2024-11-19 02:00:00,-1.037883452982413,-1.054128881344485,-0.9532903827949687,0.12337184630686211,-1.2352111558834236
2024-11-19 02:15:00,-1.1272777667808875,-0.7074175404997036,-1.0333115990304869,1.9461575710640728,-0.8958745871159915
2024-11-19 02:30:00,-1.149626345230506,-0.7940953757108989,-0.9532903827949687,0.6702075637340253,-1.1637718782481747
2024-11-19 02:45:00,-1.1272777667808875,-0.7074175404997036,-1.0333115990304869,-0.42346387112030115,-1.360229891745109
2024-11-19 03:00:00,-1.1943235021297431,-0.7940953757108989,-0.9532903827949687,-0.5146031573581616,-1.4316691693803578
2024-11-19 03:15:00,-1.1943235021297431,-0.7074175404997036,-1.0333115990304869,1.125903994923328,-1.1101924200217381
2024-11-19 03:30:00,-1.0825806098816502,-0.7074175404997036,-0.9532903827949687,0.12337184630686211,-1.1994915170657992
2024-11-19 03:45:00,-1.1943235021297431,-1.054128881344485,-0.9532903827949687,-0.5146031573581616,-1.4852486276067944
2024-11-19 04:00:00,-1.0602320314320317,-0.8807732109220944,-1.0333115990304869,-0.24118529864458005,-1.3066504335186724
2024-11-19 04:15:00,1.1075800781809717,0.3327164820346404,-0.23309943667530483,-0.5146031573581616,0.8008082567211684
2024-11-19 04:30:00,1.1522772350802089,-0.6207397052885083,-0.23309943667530483,-0.3323245848824406,0.675789520859483
2024-11-19 04:45:00,0.5935627738397441,1.1994948341465936,-0.39314186914634125,-1.061438874785325,0.425752049136112
2024-11-19 05:00:00,0.5041684600412697,-0.7940953757108989,-0.5531843016173776,-1.3348567334989065,-0.14576217194587873
2024-11-19 05:15:00,0.9734886074832602,-0.1006726940213363,-0.7132267340884141,-1.4259960197367672,0.31859313268323874
2024-11-19 05:30:00,0.3477284108939396,-0.7074175404997036,-1.0333115990304869,0.12337184630686211,-0.0743228943106299
2024-11-19 05:45:00,1.1746258135298275,-0.8807732109220944,-0.6332055178528959,0.03223256006900157,0.6222100626330462
2024-11-19 06:00:00,0.928791450584023,1.1994948341465936,1.4473461042705773,-1.5171353059746275,1.015126089626915
2024-11-19 06:15:00,0.8393971367855486,-0.1006726940213363,1.7674309692126502,-1.243717447261046,0.8008082567211684
2024-11-19 06:30:00,1.7780374316695295,0.07268297640105437,1.6073885367416139,-1.4259960197367672,1.5152010330736567
2024-11-19 06:45:00,1.7333402747702922,0.8527834933018124,1.9274734016836867,-1.3348567334989065,1.7295188659794032
2024-11-19 07:00:00,1.0628829212817346,2.2396288566809375,2.9677492127454235,-1.4259960197367672,1.6937992271617788
2024-11-19 07:15:00,1.8674317454680038,-0.18735052923253165,2.7276855640388686,-1.4259960197367672,1.78309832420584
2024-11-19 07:30:00,1.4875059118244878,1.806239680624961,1.7674309692126502,-1.5171353059746275,1.6580795883441544
2024-11-19 07:45:00,1.196974391979446,2.4129845271033283,2.2475582666257594,-1.5171353059746275,1.6580795883441544
2024-11-19 08:00:00,1.5098544902741065,1.6328840102025703,1.1272612393285046,-1.5171353059746275,1.4973412136648445
2024-11-19 08:15:00,1.6662945394214366,0.6794278228794217,2.4876219153323142,-1.3348567334989065,1.7652385047970278
2024-11-19 08:30:00,1.6662945394214366,1.8929175158361562,1.4473461042705773,-1.6082745922124881,1.7295188659794032
2024-11-19 08:45:00,1.3981115980260135,2.1529510214697423,2.9677492127454235,-1.5171353059746275,1.9259768794763377
2024-11-19 09:00:00,1.4875059118244878,-0.1006726940213363,0.8871975906219501,-1.4259960197367672,1.0865653672621638
2024-11-19 09:15:00,-0.9484891391839387,-0.3607061996549223,2.167537050390241,0.7613468499718858,-0.19934163017231535
2024-11-19 09:30:00,0.21363694019622806,-0.8807732109220944,0.40707029320884086,0.9436254224476069,0.2650136744568021
2024-11-19 09:45:00,0.7500028229870742,0.15936081161224971,1.6073885367416139,-0.42346387112030115,0.9079671731740416
2024-11-19 10:00:00,-1.2390206590289803,-0.9674510461332897,0.006964212031249799,-1.061438874785325,-1.3959495305627334
2024-11-19 10:15:00,0.19128836174660946,0.766105658090617,1.287303671799541,0.6702075637340253,0.7293689790859196
2024-11-19 10:30:00,-0.8143976684862272,0.24603864682344503,0.9672188068574683,-1.243717447261046,-0.6279772959838084
2024-11-19 10:45:00,-0.3450775210442367,0.4193943172458357,2.007494617919205,0.48792899125830425,0.35431277150086316
2024-11-19 11:00:00,-0.03219742274957645,-0.27402836444372697,0.08698542826676801,0.12337184630686211,-0.03860325549300547
2024-11-19 11:15:00,-0.3674260994938553,-0.6207397052885083,-0.23309943667530483,0.21451113254472265,-0.4315192824868741
2024-11-19 11:30:00,-0.5909118839900412,-0.44738403486611766,-0.23309943667530483,1.0347647086854674,-0.4136594630780619
2024-11-19 11:45:00,0.05719689104889791,-0.6207397052885083,-0.6332055178528959,0.48792899125830425,-0.12790235253706653
2024-11-19 12:00:00,0.03484831259927933,-0.44738403486611766,-0.39314186914634125,0.3056504187825832,-0.0921827137194421
2024-11-19 12:15:00,-0.4121232563930925,-0.3607061996549223,-0.7932479503239322,0.5790682774961649,-0.4672389213044985
2024-11-19 12:30:00,0.012499734149660732,-0.27402836444372697,-0.47316308538185947,0.48792899125830425,-0.056463074901817685
2024-11-19 12:45:00,-0.4344718348427111,-0.3607061996549223,-0.7932479503239322,0.3056504187825832,-0.5386781989397473
2024-11-19 13:00:00,-0.2556832072457624,-0.534061870077313,-0.0730570042042684,0.21451113254472265,-0.2886407272163764
2024-11-19 13:15:00,-1.0602320314320317,0.3327164820346404,1.5273673205060956,-0.058906726168858975,-0.4493791018956863
2024-11-19 13:30:00,-0.9261405607343202,0.6794278228794217,-0.47316308538185947,-0.8791603023096038,-0.8780147677071793
2024-11-19 13:45:00,1.0628829212817346,0.4193943172458357,0.24702786073780442,0.12337184630686211,1.015126089626915
2024-11-19 14:00:00,-0.3003803641449995,0.07268297640105437,0.16700664450228622,-0.7880210160717432,-0.342220185442813
2024-11-19 14:15:00,-0.166288893447288,1.1994948341465936,0.9672188068574683,-0.058906726168858975,0.31859313268323874
2024-11-19 14:30:00,-0.47916899174194827,0.5927499876682264,0.7271551581509137,-1.1525781610231856,-0.3243603660340008
2024-11-19 14:45:00,-1.2837178159282177,1.1994948341465936,1.687409752977132,-0.8791603023096038,-0.5743978377573717
2024-11-19 15:00:00,-0.7697005115869899,-0.18735052923253165,1.1272612393285046,-0.9702995885474643,-0.592257657166184
2024-11-19 15:15:00,1.1075800781809717,1.026139163724203,0.24702786073780442,-1.243717447261046,0.9079671731740416
2024-11-19 15:30:00,-0.21098605034652518,1.4595283397801795,0.24702786073780442,-0.24118529864458005,0.13999493859511664
2024-11-19 15:45:00,-1.3060663943778361,-0.013994858810140965,1.6073885367416139,-0.6057424435960223,-0.8065754900719305
2024-11-19 16:00:00,1.5098544902741065,-0.18735052923253165,2.6476643478033504,-0.7880210160717432,1.6045001301177177
2024-11-19 16:15:00,0.8617457152351672,1.6328840102025703,1.9274734016836867,-1.1525781610231856,1.2294439225326614
2024-11-19 16:30:00,0.7723514014366928,2.2396288566809375,1.8474521854481685,-0.8791603023096038,1.3187430195767225
2024-11-19 16:45:00,1.3757630195763948,1.1128169989353984,1.9274734016836867,-1.243717447261046,1.5152010330736567
2024-11-19 17:00:00,1.1746258135298275,1.7195618454137656,2.807706780274387,-1.1525781610231856,1.6937992271617788
2024-11-19 17:15:00,1.8227345885687667,0.5927499876682264,1.4473461042705773,-0.9702995885474643,1.711659046570591
2024-11-19 17:30:00,1.2863687057779205,2.066273186258547,1.687409752977132,-1.243717447261046,1.5866403107089055
2024-11-19 17:45:00,1.0181857643824974,1.026139163724203,0.9672188068574683,-1.243717447261046,0.9972662702181027
2024-11-19 18:00:00,1.2416715488786834,0.3327164820346404,2.3275794828612777,-0.9702995885474643,1.3901822972119713
2024-11-19 18:15:00,1.196974391979446,2.2396288566809375,2.7276855640388686,-1.061438874785325,1.8188179630234644
2024-11-19 18:30:00,1.4875059118244878,1.546206174991375,2.2475582666257594,-1.1525781610231856,1.78309832420584
2024-11-19 18:45:00,-0.3003803641449995,-0.534061870077313,-0.0730570042042684,-0.058906726168858975,-0.3779398242604375
2024-11-19 19:00:00,0.7053056660878371,0.766105658090617,-0.23309943667530483,-0.9702995885474643,0.4793315073625486
2024-11-19 19:15:00,-0.3450775210442367,0.3327164820346404,0.5671127256798772,1.125903994923328,0.13999493859511664
2024-11-19 19:30:00,0.6382599307389812,1.1128169989353984,0.487091509444359,-0.9702995885474643,0.6579297014506708
2024-11-19 19:45:00,0.012499734149660732,-0.1006726940213363,0.40707029320884086,1.3993218536369096,0.35431277150086316
2024-11-19 20:00:00,0.8840942936847858,0.3327164820346404,0.16700664450228622,-1.1525781610231856,0.5864904238154218
2024-11-19 20:15:00,-0.21098605034652518,0.9394613285130077,-0.23309943667530483,-0.058906726168858975,-0.03860325549300547
2024-11-19 20:30:00,0.8840942936847858,0.5927499876682264,-0.23309943667530483,0.5790682774961649,0.8901073537652294
2024-11-19 20:45:00,-0.12159173654805082,0.5060721524570311,-0.1530782204397866,-0.24118529864458005,-0.0743228943106299
2024-11-19 21:00:00,0.5041684600412697,-0.18735052923253165,0.08698542826676801,-0.6968817298338827,0.2471538550479899
2024-11-19 21:15:00,0.9958371859328787,-0.534061870077313,0.08698542826676801,0.39678970502044375,0.7829484373123562
2024-11-19 21:30:00,0.2806826755450838,0.6794278228794217,-0.1530782204397866,1.4904611398747702,0.6222100626330462
2024-11-19 21:45:00,0.8840942936847858,0.15936081161224971,-0.23309943667530483,-1.061438874785325,0.4793315073625486
2024-11-19 22:00:00,-1.0602320314320317,-0.9674510461332897,-1.0333115990304869,-0.7880210160717432,-1.4316691693803578
2024-11-19 22:15:00,-1.0602320314320317,-0.9674510461332897,-1.0333115990304869,0.7613468499718858,-1.1280522394305503
2024-11-19 22:30:00,-1.1943235021297431,-0.7074175404997036,-0.9532903827949687,-0.058906726168858975,-1.3245102529274846
2024-11-19 22:45:00,-1.1272777667808875,-0.7074175404997036,-0.9532903827949687,1.2170432811611887,-1.020893322977677
2024-11-19 23:00:00,-1.1719749236801247,-0.7074175404997036,-1.0333115990304869,1.2170432811611887,-1.0744727812041137
2024-11-19 23:15:00,-1.149626345230506,-0.7074175404997036,-1.0333115990304869,-0.3323245848824406,-1.360229891745109
2024-11-19 23:30:00,-1.1272777667808875,-0.7074175404997036,-1.0333115990304869,-0.15004601240671953,-1.3066504335186724
2024-11-19 23:45:00,-1.149626345230506,-1.054128881344485,-0.9532903827949687,0.21451113254472265,-1.3066504335186724
2024-11-20 00:00:00,-1.0825806098816502,-0.6207397052885083,-1.0333115990304869,1.6727397123504912,-0.8958745871159915
2024-11-20 00:15:00,-1.149626345230506,-0.7074175404997036,-0.9532903827949687,-0.6057424435960223,-1.3959495305627334
2024-11-20 00:30:00,-1.1049291883312689,-0.8807732109220944,-1.0333115990304869,-0.3323245848824406,-1.360229891745109
2024-11-20 00:45:00,-1.1719749236801247,-0.7074175404997036,-0.9532903827949687,-0.42346387112030115,-1.3780897111539212
2024-11-20 01:00:00,-1.1943235021297431,-0.7074175404997036,-1.0333115990304869,0.9436254224476069,-1.1459120588393625
2024-11-20 01:15:00,-1.037883452982413,-0.7074175404997036,-0.9532903827949687,1.0347647086854674,-0.9851736841600526
2024-11-20 01:30:00,-1.0602320314320317,-0.7074175404997036,-1.0333115990304869,-0.058906726168858975,-1.2352111558834236
2024-11-20 01:45:00,-1.0602320314320317,-0.9674510461332897,-0.9532903827949687,-0.6057424435960223,-1.3780897111539212
2024-11-20 02:00:00,-1.0155348745327946,-0.7074175404997036,-0.9532903827949687,0.21451113254472265,-1.1280522394305503
2024-11-20 02:15:00,-1.2390206590289803,-0.8807732109220944,-0.9532903827949687,0.12337184630686211,-1.360229891745109
2024-11-20 02:30:00,-1.0602320314320317,-0.6207397052885083,-0.9532903827949687,0.39678970502044375,-1.1101924200217381
2024-11-20 02:45:00,-1.1049291883312689,-0.6207397052885083,-0.9532903827949687,1.0347647086854674,-1.020893322977677
2024-11-20 03:00:00,-1.1943235021297431,-0.7940953757108989,-1.0333115990304869,1.9461575710640728,-0.9673138647512404
2024-11-20 03:15:00,-1.1943235021297431,-0.8807732109220944,-1.0333115990304869,1.9461575710640728,-0.9851736841600526
2024-11-20 03:30:00,-1.1049291883312689,-1.054128881344485,-0.9532903827949687,1.6727397123504912,-0.9851736841600526
2024-11-20 03:45:00,-1.1272777667808875,-0.7074175404997036,-0.9532903827949687,-0.24118529864458005,-1.3066504335186724
2024-11-20 04:00:00,-1.1719749236801247,-1.054128881344485,-1.0333115990304869,1.7638789985883518,-1.0387531423864893
2024-11-20 04:15:00,-0.09924315809843222,-0.6207397052885083,-0.7932479503239322,-0.42346387112030115,-0.4672389213044985
2024-11-20 04:30:00,-0.8590948253854643,0.24603864682344503,-0.5531843016173776,-0.7880210160717432,-0.9137344065248038
2024-11-20 04:45:00,0.19128836174660946,-0.1006726940213363,-0.6332055178528959,-0.3323245848824406,-0.0743228943106299
2024-11-20 05:00:00,0.1018940479481351,-0.534061870077313,-0.47316308538185947,-0.42346387112030115,-0.21720144958112758
2024-11-20 05:15:00,-0.7250033546877528,-0.534061870077313,-1.0333115990304869,-0.6968817298338827,-1.0566129617953015
2024-11-20 05:30:00,-0.8143976684862272,-0.013994858810140965,-0.9532903827949687,-0.5146031573581616,-0.9673138647512404
2024-11-20 05:45:00,0.0795454694985165,-0.6207397052885083,-0.47316308538185947,-0.7880210160717432,-0.3243603660340008
2024-11-20 06:00:00,-0.5462147270908041,0.3327164820346404,-0.47316308538185947,-0.3323245848824406,-0.5386781989397473
2024-11-20 06:15:00,-0.6803061977885156,-0.1006726940213363,-0.6332055178528959,-0.6968817298338827,-0.8422951288895549
2024-11-20 06:30:00,-0.9037919822847015,-0.27402836444372697,-0.5531843016173776,-0.42346387112030115,-0.9851736841600526
2024-11-20 06:45:00,-0.00984884429995786,0.24603864682344503,-0.9532903827949687,-0.6968817298338827,-0.3065005466251886
2024-11-20 07:00:00,0.012499734149660732,-0.534061870077313,-0.7932479503239322,-0.42346387112030115,-0.3600800048516252
2024-11-20 07:15:00,-0.8590948253854643,-0.534061870077313,-0.6332055178528959,-0.3323245848824406,-1.003033503568865
2024-11-20 07:30:00,0.21363694019622806,-0.534061870077313,-0.9532903827949687,-0.7880210160717432,-0.3065005466251886
2024-11-20 07:45:00,-0.2556832072457624,-0.1006726940213363,-0.7132267340884141,-0.6057424435960223,-0.5029585601221229
2024-11-20 08:00:00,-0.2556832072457624,0.5060721524570311,-0.7932479503239322,-0.6057424435960223,-0.3957996436692497
2024-11-20 08:15:00,0.0795454694985165,-0.3607061996549223,-1.0333115990304869,-0.42346387112030115,-0.3243603660340008
2024-11-20 08:30:00,-0.3003803641449995,0.5927499876682264,-0.5531843016173776,-0.7880210160717432,-0.3957996436692497
2024-11-20 08:45:00,0.012499734149660732,-0.3607061996549223,-1.0333115990304869,-0.6057424435960223,-0.4136594630780619
2024-11-20 09:00:00,-0.2556832072457624,-0.1006726940213363,-1.0333115990304869,-0.5146031573581616,-0.5565380183485595
2024-11-20 09:15:00,1.912128902367241,3.106407208792891,0.16700664450228622,-1.4259960197367672,1.9259768794763377
2024-11-20 09:30:00,2.3367518929099944,4.319896901749626,0.40707029320884086,-1.5171353059746275,2.5510705587847653
2024-11-20 09:45:00,1.532203068723725,4.0598633961160395,-0.1530782204397866,-1.4259960197367672,1.7473786853882156
2024-11-20 10:00:00,2.2473575791115197,4.406574736960821,0.7271551581509137,-1.6082745922124881,2.5510705587847653
2024-11-20 10:15:00,2.4037976282588502,4.4932525721720165,-0.23309943667530483,-1.5171353059746275,2.4974911005583285
2024-11-20 10:30:00,2.4708433636077056,2.846373703159305,0.7271551581509137,-1.5171353059746275,2.4260518229230796
2024-11-20 10:45:00,2.1579632653130454,4.0598633961160395,1.1272612393285046,-1.6082745922124881,2.4974911005583285
2024-11-20 11:00:00,2.359100471359613,2.9330515383705005,0.16700664450228622,-1.4259960197367672,2.2474536288349576
2024-11-20 11:15:00,2.068568951514571,2.7596958679481096,1.0472400230929866,-1.5171353059746275,2.1581545317908963
2024-11-20 11:30:00,1.912128902367241,4.4932525721720165,0.24702786073780442,-1.6994138784503487,2.1760143511997088
2024-11-20 11:45:00,2.1579632653130454,4.579930407383212,0.08698542826676801,-1.4259960197367672,2.4081920035142677
2024-11-20 12:00:00,2.5378890989565615,2.7596958679481096,0.8071763743864319,-1.6082745922124881,2.461771461740704
2024-11-20 12:15:00,2.448494785158087,4.0598633961160395,-0.1530782204397866,-1.4259960197367672,2.4796312811495165
2024-11-20 12:30:00,2.4037976282588502,4.406574736960821,0.006964212031249799,-1.5171353059746275,2.533210739375953
2024-11-20 12:45:00,1.7556888532199109,4.666608242594407,-0.1530782204397866,-1.4259960197367672,2.050995615338023
2024-11-20 13:00:00,1.4875059118244878,4.839963913016797,0.7271551581509137,-1.3348567334989065,2.0867152541556475
2024-11-20 13:15:00,2.135614686863427,3.2797628792152818,-0.23309943667530483,-1.6994138784503487,1.9974161571115865
2024-11-20 13:30:00,1.912128902367241,3.7998298904824535,1.287303671799541,-1.6082745922124881,2.283173267652582
2024-11-20 13:45:00,2.292054736010757,4.0598633961160395,0.8871975906219501,-1.6082745922124881,2.5510705587847653
2024-11-20 14:00:00,1.7556888532199109,4.579930407383212,0.5671127256798772,-1.4259960197367672,2.1938741706085207
2024-11-20 14:15:00,2.5378890989565615,4.406574736960821,-0.0730570042042684,-1.5171353059746275,2.622509836420014
2024-11-20 14:30:00,2.135614686863427,3.7998298904824535,-0.0730570042042684,-1.3348567334989065,2.211733990017333
2024-11-20 14:45:00,1.532203068723725,4.753286077805602,-0.0730570042042684,-1.6082745922124881,1.872397421249901
2024-11-20 15:00:00,1.6662945394214366,5.013319583439189,0.8071763743864319,-1.3348567334989065,2.283173267652582
2024-11-20 15:15:00,0.012499734149660732,1.4595283397801795,0.8871975906219501,-1.6082745922124881,0.19357439682155325
2024-11-20 15:30:00,-0.12159173654805082,1.286172669357789,0.32704907697332264,-1.5171353059746275,-0.056463074901817685
2024-11-20 15:45:00,0.5265170384908884,1.286172669357789,-0.23309943667530483,-1.5171353059746275,0.33645295209205095
2024-11-20 16:00:00,0.3477284108939396,1.4595283397801795,-0.6332055178528959,-1.6994138784503487,0.10427529977749221
2024-11-20 16:15:00,0.2806826755450838,0.8527834933018124,-0.0730570042042684,-1.6082745922124881,0.06855566095986779
2024-11-20 16:30:00,0.12424262639775369,1.026139163724203,0.40707029320884086,-1.5171353059746275,0.10427529977749221
2024-11-20 16:45:00,-0.3450775210442367,1.1994948341465936,-0.313120652910823,-1.6082745922124881,-0.4136594630780619
2024-11-20 17:00:00,-0.23333462879614378,1.3728505045689845,-0.6332055178528959,-1.6994138784503487,-0.3779398242604375
2024-11-20 17:15:00,-0.09924315809843222,0.6794278228794217,0.9672188068574683,-1.6082745922124881,-0.03860325549300547
2024-11-20 17:30:00,0.23598551864584666,0.8527834933018124,0.08698542826676801,-1.5171353059746275,0.08641548036867999
2024-11-20 17:45:00,-0.3450775210442367,0.6794278228794217,0.8071763743864319,-1.6082745922124881,-0.2707809078075642
2024-11-20 18:00:00,0.5265170384908884,1.1994948341465936,-1.0333115990304869,-1.5171353059746275,0.13999493859511664
2024-11-20 18:15:00,-0.07689457964881363,0.6794278228794217,0.32704907697332264,-1.6994138784503487,-0.18148181076350314
2024-11-20 18:30:00,0.3924255677931768,0.6794278228794217,0.8071763743864319,-1.5171353059746275,0.33645295209205095
2024-11-20 18:45:00,-0.00984884429995786,0.6794278228794217,-0.8732691665594505,-1.6994138784503487,-0.3957996436692497
2024-11-20 19:00:00,-0.12159173654805082,0.766105658090617,-0.8732691665594505,-1.6082745922124881,-0.4493791018956863
2024-11-20 19:15:00,-0.657957619338897,-0.3607061996549223,-0.7932479503239322,-0.8791603023096038,-0.9494540453424282
2024-11-20 19:30:00,-0.5909118839900412,-0.6207397052885083,-0.7132267340884141,-0.6968817298338827,-0.8958745871159915
2024-11-20 19:45:00,-0.8814434038350829,-0.3607061996549223,-0.7932479503239322,-1.6994138784503487,-1.2887906141098602
2024-11-20 20:00:00,-0.9484891391839387,-0.7074175404997036,-1.0333115990304869,-1.243717447261046,-1.3780897111539212
2024-11-20 20:15:00,-0.3450775210442367,-0.8807732109220944,-1.0333115990304869,-1.3348567334989065,-0.9494540453424282
2024-11-20 20:30:00,-0.7920490900366085,-0.8807732109220944,-0.7932479503239322,-1.6082745922124881,-1.3066504335186724
2024-11-20 20:45:00,-0.3897746779434739,-0.18735052923253165,-0.7132267340884141,-1.5171353059746275,-0.8065754900719305
2024-11-20 21:00:00,-0.5909118839900412,-0.534061870077313,-0.5531843016173776,-1.6082745922124881,-1.020893322977677
2024-11-20 21:15:00,-0.4121232563930925,-0.18735052923253165,-0.7932479503239322,-0.8791603023096038,-0.7172763930278695
2024-11-20 21:30:00,-0.8814434038350829,-0.7940953757108989,-0.6332055178528959,-1.4259960197367672,-1.2887906141098602
2024-11-20 21:45:00,-0.9037919822847015,-0.534061870077313,-0.7932479503239322,-0.8791603023096038,-1.181631697656987
2024-11-20 22:00:00,-1.037883452982413,-0.9674510461332897,-1.0333115990304869,-0.6968817298338827,-1.3959495305627334
2024-11-20 22:15:00,-1.1049291883312689,-0.6207397052885083,-1.0333115990304869,0.6702075637340253,-1.1101924200217381
2024-11-20 22:30:00,-1.1272777667808875,-0.8807732109220944,-0.9532903827949687,1.8550182848262124,-0.931594225933616
2024-11-20 22:45:00,-1.149626345230506,-0.6207397052885083,-1.0333115990304869,-0.6968817298338827,-1.4138093499715456
2024-11-20 23:00:00,-1.1943235021297431,-0.8807732109220944,-1.0333115990304869,0.12337184630686211,-1.3423700723362968
2024-11-20 23:15:00,-1.2166720805793618,-0.8807732109220944,-1.0333115990304869,1.4904611398747702,-1.092332600612926
2024-11-20 23:30:00,-1.0602320314320317,-0.6207397052885083,-0.9532903827949687,-0.6968817298338827,-1.3245102529274846
2024-11-20 23:45:00,-1.0825806098816502,-0.8807732109220944,-1.0333115990304869,0.12337184630686211,-1.2530709752922358
2024-11-21 00:00:00,-1.037883452982413,-0.6207397052885083,-0.9532903827949687,1.0347647086854674,-0.9673138647512404
2024-11-21 00:15:00,-1.0825806098816502,-0.7074175404997036,-0.9532903827949687,0.48792899125830425,-1.1280522394305503
2024-11-21 00:30:00,-1.1049291883312689,-0.7940953757108989,-1.0333115990304869,-0.42346387112030115,-1.360229891745109
2024-11-21 00:45:00,-1.1049291883312689,-0.7940953757108989,-0.9532903827949687,0.39678970502044375,-1.181631697656987
2024-11-21 01:00:00,-1.0155348745327946,-1.054128881344485,-0.9532903827949687,-0.15004601240671953,-1.270930794701048
2024-11-21 01:15:00,-1.0155348745327946,-1.054128881344485,-1.0333115990304869,1.6727397123504912,-0.931594225933616
2024-11-21 01:30:00,-1.0602320314320317,-1.054128881344485,-0.9532903827949687,1.0347647086854674,-1.0744727812041137
2024-11-21 01:45:00,-1.037883452982413,-0.9674510461332897,-1.0333115990304869,-0.42346387112030115,-1.3423700723362968
2024-11-21 02:00:00,-1.0602320314320317,-0.6207397052885083,-1.0333115990304869,0.9436254224476069,-1.020893322977677
2024-11-21 02:15:00,-1.2166720805793618,-0.9674510461332897,-1.0333115990304869,0.3056504187825832,-1.3423700723362968
2024-11-21 02:30:00,-1.0155348745327946,-0.7940953757108989,-1.0333115990304869,0.48792899125830425,-1.1101924200217381
2024-11-21 02:45:00,-1.1943235021297431,-0.8807732109220944,-0.9532903827949687,-0.7880210160717432,-1.5031084470156066
2024-11-21 03:00:00,-1.037883452982413,-0.6207397052885083,-0.9532903827949687,1.125903994923328,-0.9494540453424282
2024-11-21 03:15:00,-1.2390206590289803,-1.054128881344485,-1.0333115990304869,1.2170432811611887,-1.1994915170657992
2024-11-21 03:30:00,-1.149626345230506,-0.9674510461332897,-0.9532903827949687,-0.6057424435960223,-1.44952898878917
2024-11-21 03:45:00,-1.149626345230506,-0.8807732109220944,-0.9532903827949687,0.48792899125830425,-1.2173513364746114
2024-11-21 04:00:00,-1.2390206590289803,-0.7940953757108989,-1.0333115990304869,1.2170432811611887,-1.1459120588393625
2024-11-21 04:15:00,0.7053056660878371,0.9394613285130077,-0.5531843016173776,-0.15004601240671953,0.604350243224234
2024-11-21 04:30:00,0.8617457152351672,0.8527834933018124,-0.47316308538185947,-0.6968817298338827,0.6222100626330462
2024-11-21 04:45:00,0.7723514014366928,0.24603864682344503,-0.39314186914634125,0.12337184630686211,0.604350243224234
2024-11-21 05:00:00,0.4818198815916512,-0.44738403486611766,-0.47316308538185947,-1.3348567334989065,-0.0743228943106299
2024-11-21 05:15:00,0.25833409709546523,1.286172669357789,-0.39314186914634125,-0.7880210160717432,0.22929403563917766
2024-11-21 05:30:00,-0.32272894259461815,-0.44738403486611766,-0.7132267340884141,-1.243717447261046,-0.7529960318454939
2024-11-21 05:45:00,0.30303125399470243,-0.9674510461332897,-0.23309943667530483,-1.1525781610231856,-0.2350612689899398
2024-11-21 06:00:00,0.7723514014366928,2.4129845271033283,1.287303671799541,-1.243717447261046,1.1580046448974126
2024-11-21 06:15:00,1.0405343428321159,0.07268297640105437,2.087515834154723,-1.6994138784503487,0.9794064508092905
2024-11-21 06:30:00,1.2193229704290647,0.3327164820346404,1.687409752977132,-1.5171353059746275,1.1222850060797882
2024-11-21 06:45:00,1.2863687057779205,0.15936081161224971,1.0472400230929866,-1.4259960197367672,1.015126089626915
2024-11-21 07:00:00,1.7109916963206737,1.286172669357789,1.1272612393285046,-1.3348567334989065,1.62235994952653
2024-11-21 07:15:00,1.6439459609718179,2.2396288566809375,2.887727996509905,-1.5171353059746275,2.122434892973272
2024-11-21 07:30:00,1.532203068723725,1.026139163724203,0.6471339419153954,-1.5171353059746275,1.283023380759098
2024-11-21 07:45:00,0.81704855833593,0.07268297640105437,1.4473461042705773,-1.6994138784503487,0.6579297014506708
2024-11-21 08:00:00,0.81704855833593,0.3327164820346404,2.407600699096796,-1.3348567334989065,0.9972662702181027
2024-11-21 08:15:00,0.9064428721344044,0.3327164820346404,1.5273673205060956,-1.6082745922124881,0.8186680761299806
2024-11-21 08:30:00,1.1522772350802089,0.5927499876682264,2.3275794828612777,-1.4259960197367672,1.283023380759098
2024-11-21 08:45:00,1.6439459609718179,2.066273186258547,2.167537050390241,-1.4259960197367672,1.9438366988851499
2024-11-21 09:00:00,1.2416715488786834,0.07268297640105437,0.9672188068574683,-1.5171353059746275,0.9258269925828538
2024-11-21 09:15:00,-0.00984884429995786,0.5927499876682264,0.24702786073780442,-0.6968817298338827,0.03283602214224337
2024-11-21 09:30:00,-1.1943235021297431,1.1128169989353984,2.087515834154723,0.8524861362097464,-0.0921827137194421
2024-11-21 09:45:00,0.7276542445374556,0.766105658090617,-0.23309943667530483,-1.243717447261046,0.4436118685449242
2024-11-21 10:00:00,-0.166288893447288,-0.27402836444372697,0.9672188068574683,-0.5146031573581616,-0.0743228943106299
2024-11-21 10:15:00,0.3477284108939396,-0.18735052923253165,2.087515834154723,0.9436254224476069,0.8901073537652294
2024-11-21 10:30:00,0.03484831259927933,0.6794278228794217,1.6073885367416139,0.9436254224476069,0.7115091596771074
2024-11-21 10:45:00,0.05719689104889791,0.8527834933018124,0.9672188068574683,-0.24118529864458005,0.39003241031848757
2024-11-21 11:00:00,-0.4121232563930925,-0.18735052923253165,-0.5531843016173776,0.3056504187825832,-0.4315192824868741
2024-11-21 11:15:00,-0.4568204132923297,-0.44738403486611766,-0.23309943667530483,0.7613468499718858,-0.3600800048516252
2024-11-21 11:30:00,-0.2556832072457624,-0.6207397052885083,-0.1530782204397866,0.48792899125830425,-0.2707809078075642
2024-11-21 11:45:00,-0.09924315809843222,-0.44738403486611766,0.16700664450228622,0.8524861362097464,0.03283602214224337
2024-11-21 12:00:00,-0.21098605034652518,-0.6207397052885083,-0.7132267340884141,0.9436254224476069,-0.2707809078075642
2024-11-21 12:15:00,-0.9484891391839387,-0.6207397052885083,-0.7132267340884141,0.7613468499718858,-0.8958745871159915
2024-11-21 12:30:00,-0.7697005115869899,-0.534061870077313,-0.39314186914634125,0.39678970502044375,-0.7351362124366817
2024-11-21 12:45:00,-0.8590948253854643,-0.44738403486611766,0.08698542826676801,0.8524861362097464,-0.592257657166184
2024-11-21 13:00:00,-0.7920490900366085,-0.44738403486611766,-0.7932479503239322,1.0347647086854674,-0.6994165736190572
2024-11-21 13:15:00,1.085231499731353,0.766105658090617,-0.6332055178528959,-0.42346387112030115,0.8008082567211684
2024-11-21 13:30:00,-0.4344718348427111,1.026139163724203,1.7674309692126502,-0.24118529864458005,0.21143421623036546
2024-11-21 13:45:00,0.05719689104889791,1.4595283397801795,1.287303671799541,0.12337184630686211,0.6579297014506708
2024-11-21 14:00:00,-0.4568204132923297,0.3327164820346404,0.16700664450228622,-1.243717447261046,-0.5029585601221229
2024-11-21 14:15:00,0.45947130314203255,0.07268297640105437,-0.1530782204397866,0.12337184630686211,0.37217259090967536
2024-11-21 14:30:00,-0.47916899174194827,-0.1006726940213363,0.487091509444359,-0.3323245848824406,-0.3600800048516252
2024-11-21 14:45:00,-0.4568204132923297,0.4193943172458357,0.006964212031249799,0.12337184630686211,-0.252921088398752
2024-11-21 15:00:00,0.9064428721344044,0.4193943172458357,-0.47316308538185947,-0.6057424435960223,0.5864904238154218
2024-11-21 15:15:00,-0.47916899174194827,0.3327164820346404,-0.313120652910823,-0.5146031573581616,-0.4850987407133107
2024-11-21 15:30:00,0.25833409709546523,0.9394613285130077,0.006964212031249799,-0.8791603023096038,0.22929403563917766
2024-11-21 15:45:00,-0.27803178569538095,0.4193943172458357,1.0472400230929866,-0.9702995885474643,-0.0921827137194421
2024-11-21 16:00:00,1.6215973825221994,0.5060721524570311,0.5671127256798772,-0.9702995885474643,1.3366028389855347
2024-11-21 16:15:00,1.7109916963206737,1.026139163724203,2.087515834154723,-0.8791603023096038,1.872397421249901
2024-11-21 16:30:00,1.085231499731353,1.1128169989353984,0.6471339419153954,-1.061438874785325,1.0329859090357272
2024-11-21 16:45:00,1.1299286566305904,1.9795953510473516,2.3275794828612777,-1.1525781610231856,1.6045001301177177
2024-11-21 17:00:00,1.8674317454680038,0.8527834933018124,1.9274734016836867,-0.9702995885474643,1.9081170600675255
2024-11-21 17:15:00,0.7723514014366928,-0.013994858810140965,2.087515834154723,-1.061438874785325,0.8722475343564172
2024-11-21 17:30:00,0.7946999798863115,0.9394613285130077,2.5676431315678325,-1.243717447261046,1.1580046448974126
2024-11-21 17:45:00,1.2640201273283018,2.4129845271033283,2.807706780274387,-0.7880210160717432,1.9795563377027743
2024-11-21 18:00:00,1.0405343428321159,1.8929175158361562,2.087515834154723,-0.8791603023096038,1.5152010330736567
2024-11-21 18:15:00,1.0405343428321159,-0.013994858810140965,2.2475582666257594,-1.243717447261046,1.0865653672621638
2024-11-21 18:30:00,1.1299286566305904,0.8527834933018124,0.8071763743864319,-1.061438874785325,1.0508457284445394
2024-11-21 18:45:00,0.548865616940507,0.07268297640105437,0.16700664450228622,1.308182567399049,0.7472287984947318
2024-11-21 19:00:00,0.437122724692414,0.15936081161224971,0.08698542826676801,-0.5146031573581616,0.30073331327442654
2024-11-21 19:15:00,-0.1439403149976694,1.1128169989353984,0.006964212031249799,0.7613468499718858,0.2650136744568021
2024-11-21 19:30:00,0.9511400290336416,-0.6207397052885083,0.16700664450228622,0.3056504187825832,0.7293689790859196
2024-11-21 19:45:00,0.21363694019622806,-0.3607061996549223,0.24702786073780442,0.5790682774961649,0.2650136744568021
2024-11-21 20:00:00,0.6829570876382185,0.24603864682344503,-0.0730570042042684,0.7613468499718858,0.7293689790859196
2024-11-21 20:15:00,-0.09924315809843222,0.4193943172458357,-0.23309943667530483,-0.9702995885474643,-0.2350612689899398
2024-11-21 20:30:00,0.4147741462427954,1.1128169989353984,0.5671127256798772,1.0347647086854674,0.8901073537652294
2024-11-21 20:45:00,-0.23333462879614378,-0.27402836444372697,-0.0730570042042684,0.03223256006900157,-0.252921088398752
2024-11-21 21:00:00,-0.00984884429995786,0.3327164820346404,-0.0730570042042684,1.2170432811611887,0.2828734938656143
2024-11-21 21:15:00,0.4818198815916512,0.3327164820346404,-0.23309943667530483,-0.24118529864458005,0.35431277150086316
2024-11-21 21:30:00,0.21363694019622806,-0.6207397052885083,-0.0730570042042684,0.21451113254472265,0.06855566095986779
2024-11-21 21:45:00,0.3700769893435582,0.3327164820346404,0.08698542826676801,1.3993218536369096,0.6579297014506708
2024-11-21 22:00:00,-1.2166720805793618,-0.7940953757108989,-1.0333115990304869,1.3993218536369096,-1.092332600612926
2024-11-21 22:15:00,-1.1272777667808875,-0.6207397052885083,-1.0333115990304869,-0.42346387112030115,-1.3423700723362968
2024-11-21 22:30:00,-1.0602320314320317,-0.6207397052885083,-0.9532903827949687,-0.5146031573581616,-1.2887906141098602
2024-11-21 22:45:00,-1.037883452982413,-0.8807732109220944,-0.9532903827949687,1.3993218536369096,-0.9494540453424282
2024-11-21 23:00:00,-1.0155348745327946,-0.7074175404997036,-0.9532903827949687,0.6702075637340253,-1.0387531423864893
2024-11-21 23:15:00,-1.149626345230506,-0.7074175404997036,-1.0333115990304869,-0.7880210160717432,-1.44952898878917
2024-11-21 23:30:00,-1.2166720805793618,-0.9674510461332897,-0.9532903827949687,1.5816004261126306,-1.0744727812041137
2024-11-21 23:45:00,-1.2390206590289803,-0.8807732109220944,-0.9532903827949687,-0.3323245848824406,-1.44952898878917
2024-11-22 00:00:00,-1.2390206590289803,-0.7940953757108989,-1.0333115990304869,1.308182567399049,-1.1280522394305503
2024-11-22 00:15:00,-1.149626345230506,-0.7940953757108989,-1.0333115990304869,0.39678970502044375,-1.2352111558834236
2024-11-22 00:30:00,-1.2166720805793618,-0.6207397052885083,-0.9532903827949687,-0.6968817298338827,-1.44952898878917
2024-11-22 00:45:00,-1.2390206590289803,-0.9674510461332897,-0.9532903827949687,1.3993218536369096,-1.1280522394305503
2024-11-22 01:00:00,-1.0155348745327946,-0.7074175404997036,-0.9532903827949687,-0.15004601240671953,-1.1994915170657992
2024-11-22 01:15:00,-1.0825806098816502,-0.6207397052885083,-1.0333115990304869,0.48792899125830425,-1.1280522394305503
2024-11-22 01:30:00,-1.1943235021297431,-0.8807732109220944,-0.9532903827949687,-0.058906726168858975,-1.360229891745109
2024-11-22 01:45:00,-1.1272777667808875,-1.054128881344485,-0.9532903827949687,-0.24118529864458005,-1.3780897111539212
2024-11-22 02:00:00,-1.037883452982413,-0.6207397052885083,-1.0333115990304869,-0.3323245848824406,-1.2530709752922358
2024-11-22 02:15:00,-1.2166720805793618,-0.7940953757108989,-0.9532903827949687,1.8550182848262124,-0.9851736841600526
2024-11-22 02:30:00,-1.149626345230506,-0.6207397052885083,-1.0333115990304869,-0.7880210160717432,-1.4316691693803578
2024-11-22 02:45:00,-1.0155348745327946,-1.054128881344485,-0.9532903827949687,1.308182567399049,-0.9851736841600526
2024-11-22 03:00:00,-1.1719749236801247,-0.9674510461332897,-0.9532903827949687,1.308182567399049,-1.092332600612926
2024-11-22 03:15:00,-1.0602320314320317,-0.8807732109220944,-0.9532903827949687,-0.6057424435960223,-1.360229891745109
2024-11-22 03:30:00,-1.037883452982413,-0.8807732109220944,-0.9532903827949687,0.39678970502044375,-1.1459120588393625
2024-11-22 03:45:00,-1.2390206590289803,-0.7074175404997036,-1.0333115990304869,1.5816004261126306,-1.0566129617953015
2024-11-22 04:00:00,-1.1719749236801247,-0.7074175404997036,-1.0333115990304869,-0.15004601240671953,-1.3423700723362968
2024-11-22 04:15:00,0.45947130314203255,1.3728505045689845,-0.8732691665594505,-0.058906726168858975,0.4436118685449242
2024-11-22 04:30:00,-0.1439403149976694,1.4595283397801795,-0.313120652910823,-0.42346387112030115,0.03283602214224337
2024-11-22 04:45:00,0.81704855833593,0.6794278228794217,-0.313120652910823,-0.5146031573581616,0.6222100626330462
2024-11-22 05:00:00,1.085231499731353,1.3728505045689845,-0.39314186914634125,-0.24118529864458005,1.015126089626915
2024-11-22 05:15:00,0.4818198815916512,0.9394613285130077,-0.6332055178528959,-1.6994138784503487,0.10427529977749221
2024-11-22 05:30:00,0.5041684600412697,-0.6207397052885083,-0.39314186914634125,-0.5146031573581616,0.08641548036867999
2024-11-22 05:45:00,0.3924255677931768,-0.534061870077313,-0.7132267340884141,-0.8791603023096038,-0.12790235253706653
2024-11-22 06:00:00,1.8897803239176225,0.5927499876682264,0.8871975906219501,-1.4259960197367672,1.5509206718912811
2024-11-22 06:15:00,1.8450831670183852,1.9795953510473516,2.6476643478033504,-1.6082745922124881,2.1581545317908963
2024-11-22 06:30:00,1.800386010119148,0.9394613285130077,0.8071763743864319,-1.3348567334989065,1.5509206718912811
2024-11-22 06:45:00,1.6662945394214366,0.766105658090617,2.087515834154723,-1.4259960197367672,1.6759394077529666
2024-11-22 07:00:00,1.8674317454680038,2.066273186258547,1.7674309692126502,-1.6082745922124881,1.9974161571115865
2024-11-22 07:15:00,1.3310658626771577,1.8929175158361562,2.3275794828612777,-1.6994138784503487,1.6402197689353422
2024-11-22 07:30:00,1.8227345885687667,1.8929175158361562,0.5671127256798772,-1.243717447261046,1.7295188659794032
2024-11-22 07:45:00,1.3981115980260135,1.806239680624961,0.6471339419153954,-1.3348567334989065,1.372322477803159
2024-11-22 08:00:00,1.0181857643824974,2.2396288566809375,2.9677492127454235,-1.243717447261046,1.6937992271617788
2024-11-22 08:15:00,1.7556888532199109,0.6794278228794217,1.5273673205060956,-1.3348567334989065,1.62235994952653
2024-11-22 08:30:00,1.2416715488786834,0.15936081161224971,0.8071763743864319,-1.6082745922124881,0.8901073537652294
2024-11-22 08:45:00,1.576900225622962,2.066273186258547,2.167537050390241,-1.3348567334989065,1.9081170600675255
2024-11-22 09:00:00,1.085231499731353,0.766105658090617,0.8071763743864319,-1.6082745922124881,0.8901073537652294
2024-11-22 09:15:00,0.21363694019622806,0.4193943172458357,1.9274734016836867,0.9436254224476069,0.8722475343564172
2024-11-22 09:30:00,-0.7026547762381342,-0.6207397052885083,1.1272612393285046,0.3056504187825832,-0.3779398242604375
2024-11-22 09:45:00,-0.4568204132923297,-0.534061870077313,-0.47316308538185947,-0.3323245848824406,-0.6458371153926206
2024-11-22 10:00:00,-0.00984884429995786,-0.18735052923253165,-0.5531843016173776,0.7613468499718858,-0.020743436084193264
2024-11-22 10:15:00,0.03484831259927933,1.1128169989353984,0.5671127256798772,-0.058906726168858975,0.37217259090967536
2024-11-22 10:30:00,-0.3450775210442367,1.1128169989353984,0.9672188068574683,0.8524861362097464,0.33645295209205095
2024-11-22 10:45:00,-0.6356090408892784,0.5927499876682264,2.007494617919205,-0.6057424435960223,-0.056463074901817685
2024-11-22 11:00:00,-0.657957619338897,-0.3607061996549223,-0.7932479503239322,0.9436254224476069,-0.592257657166184
2024-11-22 11:15:00,-0.05454600119919504,-0.6207397052885083,-0.39314186914634125,0.39678970502044375,-0.18148181076350314
2024-11-22 11:30:00,0.03484831259927933,-0.6207397052885083,-0.47316308538185947,0.3056504187825832,-0.14576217194587873
2024-11-22 11:45:00,-0.657957619338897,-0.27402836444372697,0.08698542826676801,0.3056504187825832,-0.5029585601221229
2024-11-22 12:00:00,-0.18863747189690658,-0.3607061996549223,-0.23309943667530483,0.3056504187825832,-0.21720144958112758
2024-11-22 12:15:00,-0.00984884429995786,-0.44738403486611766,0.08698542826676801,0.5790682774961649,0.03283602214224337
2024-11-22 12:30:00,-0.2556832072457624,-0.18735052923253165,-0.7932479503239322,0.9436254224476069,-0.2350612689899398
2024-11-22 12:45:00,-0.5462147270908041,-0.6207397052885083,-0.7132267340884141,0.5790682774961649,-0.6101174765749962
2024-11-22 13:00:00,-0.5015175701915668,-0.27402836444372697,-0.7932479503239322,0.5790682774961649,-0.5208183795309351
2024-11-22 13:15:00,-1.261369237478599,1.286172669357789,1.5273673205060956,-0.15004601240671953,-0.4315192824868741
2024-11-22 13:30:00,0.7946999798863115,1.3728505045689845,0.40707029320884086,0.12337184630686211,1.0329859090357272
2024-11-22 13:45:00,0.7500028229870742,0.3327164820346404,0.24702786073780442,-0.058906726168858975,0.7115091596771074
2024-11-22 14:00:00,-1.0155348745327946,1.286172669357789,1.5273673205060956,-0.6057424435960223,-0.3243603660340008
2024-11-22 14:15:00,0.6829570876382185,0.3327164820346404,2.087515834154723,-0.15004601240671953,1.0508457284445394
2024-11-22 14:30:00,-0.07689457964881363,1.3728505045689845,0.40707029320884086,0.12337184630686211,0.33645295209205095
2024-11-22 14:45:00,-0.166288893447288,1.286172669357789,0.32704907697332264,-1.243717447261046,-0.03860325549300547
2024-11-22 15:00:00,-0.12159173654805082,0.5060721524570311,1.207282455564023,-0.6057424435960223,0.15785475800392884
2024-11-22 15:15:00,0.3477284108939396,1.1994948341465936,0.006964212031249799,-0.15004601240671953,0.4971913267713608
2024-11-22 15:30:00,1.1746258135298275,0.24603864682344503,1.1272612393285046,-0.5146031573581616,1.1401448254886004
2024-11-22 15:45:00,-0.27803178569538095,-0.013994858810140965,0.9672188068574683,0.12337184630686211,0.014976202733431157
2024-11-22 16:00:00,1.4875059118244878,-0.013994858810140965,1.1272612393285046,-0.8791603023096038,1.2651635613502858
2024-11-22 16:15:00,1.8674317454680038,0.15936081161224971,2.9677492127454235,-1.243717447261046,1.9438366988851499
2024-11-22 16:30:00,0.9064428721344044,1.9795953510473516,2.2475582666257594,-1.243717447261046,1.3901822972119713
2024-11-22 16:45:00,1.8897803239176225,1.4595283397801795,1.1272612393285046,-1.061438874785325,1.8545376018410888
2024-11-22 17:00:00,0.9958371859328787,1.546206174991375,2.6476643478033504,-1.243717447261046,1.46162157484722
2024-11-22 17:15:00,1.420460176475632,1.9795953510473516,1.687409752977132,-1.243717447261046,1.6759394077529666
2024-11-22 17:30:00,1.5098544902741065,0.766105658090617,1.0472400230929866,-1.243717447261046,1.3544626583943469
2024-11-22 17:45:00,1.8450831670183852,1.8929175158361562,2.5676431315678325,-1.061438874785325,2.229593809426145
2024-11-22 18:00:00,1.7556888532199109,2.326306691892133,2.407600699096796,-0.9702995885474643,2.229593809426145
2024-11-22 18:15:00,1.3534144411267761,1.286172669357789,2.4876219153323142,-0.9702995885474643,1.711659046570591
2024-11-22 18:30:00,0.8393971367855486,1.8929175158361562,2.887727996509905,-1.243717447261046,1.46162157484722
2024-11-22 18:45:00,0.6829570876382185,-0.44738403486611766,0.006964212031249799,1.0347647086854674,0.6579297014506708
2024-11-22 19:00:00,-0.2556832072457624,0.4193943172458357,0.32704907697332264,0.03223256006900157,-0.03860325549300547
2024-11-22 19:15:00,0.7276542445374556,0.3327164820346404,0.32704907697332264,-0.3323245848824406,0.6579297014506708
2024-11-22 19:30:00,0.1465912048473723,-0.534061870077313,0.487091509444359,-0.9702995885474643,-0.0743228943106299
2024-11-22 19:45:00,0.0795454694985165,0.9394613285130077,-0.0730570042042684,1.125903994923328,0.4614716879537364
2024-11-22 20:00:00,0.437122724692414,0.07268297640105437,0.24702786073780442,0.48792899125830425,0.515051146180173
2024-11-22 20:15:00,0.81704855833593,0.8527834933018124,-0.0730570042042684,-0.8791603023096038,0.6400698820418586
2024-11-22 20:30:00,0.8393971367855486,0.15936081161224971,0.5671127256798772,-0.42346387112030115,0.7472287984947318
2024-11-22 20:45:00,0.325379832444321,-0.013994858810140965,-0.23309943667530483,0.3056504187825832,0.2650136744568021
2024-11-22 21:00:00,-0.05454600119919504,0.5060721524570311,-0.1530782204397866,-1.243717447261046,-0.21720144958112758
2024-11-22 21:15:00,0.4147741462427954,0.766105658090617,0.006964212031249799,-0.8791603023096038,0.31859313268323874
2024-11-22 21:30:00,0.1465912048473723,-0.18735052923253165,-0.23309943667530483,0.9436254224476069,0.21143421623036546
2024-11-22 21:45:00,0.30303125399470243,0.8527834933018124,0.32704907697332264,-0.5146031573581616,0.39003241031848757
2024-11-22 22:00:00,-1.1943235021297431,-0.6207397052885083,-1.0333115990304869,0.7613468499718858,-1.1637718782481747
2024-11-22 22:15:00,-1.037883452982413,-0.9674510461332897,-0.9532903827949687,1.7638789985883518,-0.8958745871159915
2024-11-22 22:30:00,-1.149626345230506,-0.7940953757108989,-1.0333115990304869,1.308182567399049,-1.0566129617953015
2024-11-22 22:45:00,-1.1049291883312689,-0.7940953757108989,-0.9532903827949687,1.6727397123504912,-0.931594225933616
2024-11-22 23:00:00,-1.149626345230506,-0.6207397052885083,-1.0333115990304869,1.6727397123504912,-0.9494540453424282
2024-11-22 23:15:00,-1.2166720805793618,-0.8807732109220944,-0.9532903827949687,0.12337184630686211,-1.3423700723362968
2024-11-22 23:30:00,-1.0155348745327946,-0.7940953757108989,-1.0333115990304869,0.5790682774961649,-1.092332600612926
2024-11-22 23:45:00,-1.0155348745327946,-1.054128881344485,-0.9532903827949687,1.0347647086854674,-1.0387531423864893
2024-11-23 00:00:00,-1.1719749236801247,-0.8807732109220944,-0.9532903827949687,-0.15004601240671953,-1.360229891745109
2024-11-23 00:15:00,-1.0155348745327946,-0.9674510461332897,-0.9532903827949687,0.03223256006900157,-1.2173513364746114
2024-11-23 00:30:00,-1.2390206590289803,-0.8807732109220944,-0.9532903827949687,-0.6057424435960223,-1.5031084470156066
2024-11-23 00:45:00,-1.149626345230506,-0.8807732109220944,-1.0333115990304869,0.5790682774961649,-1.2173513364746114
2024-11-23 01:00:00,-1.1943235021297431,-1.054128881344485,-0.9532903827949687,-0.24118529864458005,-1.4316691693803578
2024-11-23 01:15:00,-1.2166720805793618,-0.6207397052885083,-0.9532903827949687,1.125903994923328,-1.092332600612926
2024-11-23 01:30:00,-1.1719749236801247,-0.9674510461332897,-0.9532903827949687,-0.24118529864458005,-1.3959495305627334
2024-11-23 01:45:00,-1.0825806098816502,-0.7940953757108989,-1.0333115990304869,-0.7880210160717432,-1.4138093499715456
2024-11-23 02:00:00,-1.2166720805793618,-0.9674510461332897,-1.0333115990304869,0.3056504187825832,-1.3423700723362968
2024-11-23 02:15:00,-1.2390206590289803,-0.7074175404997036,-0.9532903827949687,-0.24118529864458005,-1.3959495305627334
2024-11-23 02:30:00,-1.1272777667808875,-0.7940953757108989,-0.9532903827949687,1.2170432811611887,-1.0387531423864893
2024-11-23 02:45:00,-1.2390206590289803,-1.054128881344485,-1.0333115990304869,0.3056504187825832,-1.3780897111539212
2024-11-23 03:00:00,-1.0155348745327946,-0.9674510461332897,-0.9532903827949687,-0.24118529864458005,-1.270930794701048
2024-11-23 03:15:00,-1.1049291883312689,-0.9674510461332897,-0.9532903827949687,-0.3323245848824406,-1.360229891745109
2024-11-23 03:30:00,-1.149626345230506,-0.7074175404997036,-0.9532903827949687,1.2170432811611887,-1.0387531423864893
2024-11-23 03:45:00,-1.1049291883312689,-0.9674510461332897,-0.9532903827949687,1.6727397123504912,-0.9673138647512404
2024-11-23 04:00:00,-1.2390206590289803,-0.8807732109220944,-0.9532903827949687,1.5816004261126306,-1.0744727812041137
2024-11-23 04:15:00,0.6829570876382185,0.5060721524570311,-0.47316308538185947,-1.5171353059746275,0.2471538550479899
2024-11-23 04:30:00,-0.32272894259461815,0.15936081161224971,-1.0333115990304869,-1.243717447261046,-0.6994165736190572
2024-11-23 04:45:00,-0.05454600119919504,1.1128169989353984,-0.8732691665594505,-0.9702995885474643,-0.19934163017231535
2024-11-23 05:00:00,0.1465912048473723,-0.44738403486611766,-0.9532903827949687,-1.3348567334989065,-0.4493791018956863
2024-11-23 05:15:00,0.45947130314203255,0.5060721524570311,-0.5531843016173776,-1.6082745922124881,0.03283602214224337
2024-11-23 05:30:00,0.8840942936847858,-0.7074175404997036,-0.7132267340884141,0.12337184630686211,0.425752049136112
2024-11-23 05:45:00,1.1522772350802089,-0.18735052923253165,-0.23309943667530483,-0.058906726168858975,0.8186680761299806
2024-11-23 06:00:00,1.2193229704290647,2.066273186258547,1.5273673205060956,-1.6994138784503487,1.4080421166207835
2024-11-23 06:15:00,1.5545516471733436,0.6794278228794217,1.4473461042705773,-1.6994138784503487,1.372322477803159
2024-11-23 06:30:00,1.0405343428321159,2.4129845271033283,2.3275794828612777,-1.4259960197367672,1.5687804913000933
2024-11-23 06:45:00,1.5545516471733436,0.07268297640105437,0.5671127256798772,-1.4259960197367672,1.104425186670976
2024-11-23 07:00:00,0.8840942936847858,1.9795953510473516,0.8871975906219501,-1.5171353059746275,1.015126089626915
2024-11-23 07:15:00,1.8897803239176225,1.1128169989353984,1.8474521854481685,-1.6994138784503487,1.8188179630234644
2024-11-23 07:30:00,0.9511400290336416,1.286172669357789,0.8071763743864319,-1.5171353059746275,0.9079671731740416
2024-11-23 07:45:00,0.9511400290336416,2.4129845271033283,2.5676431315678325,-1.6082745922124881,1.5152010330736567
2024-11-23 08:00:00,1.1746258135298275,0.5927499876682264,0.6471339419153954,-1.6082745922124881,0.8901073537652294
2024-11-23 08:15:00,1.465157333374869,0.5060721524570311,2.2475582666257594,-1.6082745922124881,1.46162157484722
2024-11-23 08:30:00,1.8450831670183852,1.6328840102025703,0.5671127256798772,-1.3348567334989065,1.6759394077529666
2024-11-23 08:45:00,1.2193229704290647,1.1994948341465936,0.7271551581509137,-1.6082745922124881,1.0687055478533516
2024-11-23 09:00:00,1.8227345885687667,-0.013994858810140965,1.5273673205060956,-1.6994138784503487,1.46162157484722
2024-11-23 09:15:00,0.16893978329699086,-0.27402836444372697,1.7674309692126502,-0.6057424435960223,0.35431277150086316
2024-11-23 09:30:00,0.6159113522893627,0.766105658090617,0.7271551581509137,0.9436254224476069,0.9972662702181027
2024-11-23 09:45:00,0.012499734149660732,-0.8807732109220944,-0.23309943667530483,0.8524861362097464,-0.056463074901817685
2024-11-23 10:00:00,-1.0602320314320317,-0.534061870077313,-0.5531843016173776,-1.1525781610231856,-1.3066504335186724
2024-11-23 10:15:00,0.2806826755450838,-0.9674510461332897,0.24702786073780442,1.0347647086854674,0.2828734938656143
2024-11-23 10:30:00,0.0795454694985165,0.24603864682344503,0.8871975906219501,0.12337184630686211,0.33645295209205095
2024-11-23 10:45:00,0.3700769893435582,-0.8807732109220944,2.167537050390241,-0.15004601240671953,0.5686306044066096
2024-11-23 11:00:00,-0.18863747189690658,-0.27402836444372697,-0.6332055178528959,0.39678970502044375,-0.2707809078075642
2024-11-23 11:15:00,-0.9037919822847015,-0.6207397052885083,0.08698542826676801,0.6702075637340253,-0.6994165736190572
2024-11-23 11:30:00,-0.5685633055404227,-0.27402836444372697,0.16700664450228622,0.8524861362097464,-0.3065005466251886
2024-11-23 11:45:00,-0.3003803641449995,-0.534061870077313,0.006964212031249799,0.21451113254472265,-0.3065005466251886
2024-11-23 12:00:00,-0.4568204132923297,-0.3607061996549223,0.006964212031249799,0.9436254224476069,-0.252921088398752
2024-11-23 12:15:00,0.03484831259927933,-0.18735052923253165,-0.47316308538185947,0.5790682774961649,-0.0028836166753810535
2024-11-23 12:30:00,-1.0155348745327946,-0.3607061996549223,0.08698542826676801,1.0347647086854674,-0.6636969348014328
2024-11-23 12:45:00,-0.47916899174194827,-0.3607061996549223,-0.7132267340884141,0.9436254224476069,-0.4315192824868741
2024-11-23 13:00:00,-0.05454600119919504,-0.6207397052885083,-0.39314186914634125,0.9436254224476069,-0.0743228943106299
2024-11-23 13:15:00,1.196974391979446,0.24603864682344503,0.5671127256798772,-0.5146031573581616,1.0329859090357272
2024-11-23 13:30:00,0.8393971367855486,-0.18735052923253165,0.8071763743864319,-1.061438874785325,0.604350243224234
2024-11-23 13:45:00,-0.5238661486411854,0.15936081161224971,0.16700664450228622,-0.42346387112030115,-0.4315192824868741
2024-11-23 14:00:00,0.03484831259927933,0.6794278228794217,0.8871975906219501,-0.6057424435960223,0.2471538550479899
2024-11-23 14:15:00,-0.21098605034652518,0.5060721524570311,1.287303671799541,-0.15004601240671953,0.19357439682155325
2024-11-23 14:30:00,-0.00984884429995786,0.3327164820346404,1.5273673205060956,-0.3323245848824406,0.33645295209205095
2024-11-23 14:45:00,0.928791450584023,-0.1006726940213363,1.0472400230929866,0.03223256006900157,0.9615466314004782
2024-11-23 15:00:00,-1.2166720805793618,0.5060721524570311,0.7271551581509137,-0.7880210160717432,-0.8601549482983671
2024-11-23 15:15:00,-0.8367462469358458,0.24603864682344503,1.1272612393285046,-0.6057424435960223,-0.4850987407133107
2024-11-23 15:30:00,-0.4568204132923297,0.4193943172458357,-0.47316308538185947,-1.1525781610231856,-0.6101174765749962
2024-11-23 15:45:00,0.012499734149660732,-0.013994858810140965,1.1272612393285046,-1.1525781610231856,0.03283602214224337
2024-11-23 16:00:00,0.8617457152351672,2.4129845271033283,0.7271551581509137,-0.8791603023096038,1.1758644643062248
2024-11-23 16:15:00,1.0628829212817346,0.766105658090617,1.0472400230929866,-1.243717447261046,0.9972662702181027
2024-11-23 16:30:00,1.2193229704290647,1.4595283397801795,1.9274734016836867,-1.1525781610231856,1.4794813942560323
2024-11-23 16:45:00,1.420460176475632,-0.18735052923253165,2.087515834154723,-1.1525781610231856,1.3366028389855347
2024-11-23 17:00:00,1.196974391979446,1.4595283397801795,2.167537050390241,-0.7880210160717432,1.5866403107089055
2024-11-23 17:15:00,1.196974391979446,1.1128169989353984,1.5273673205060956,-0.8791603023096038,1.3544626583943469
2024-11-23 17:30:00,1.2863687057779205,-0.18735052923253165,1.3673248880350592,-1.061438874785325,1.0865653672621638
2024-11-23 17:45:00,1.0181857643824974,1.806239680624961,1.207282455564023,-1.243717447261046,1.2115841031238492
2024-11-23 18:00:00,0.9958371859328787,-0.013994858810140965,2.7276855640388686,-0.9702995885474643,1.2115841031238492
2024-11-23 18:15:00,1.6439459609718179,0.24603864682344503,2.407600699096796,-0.8791603023096038,1.7295188659794032
2024-11-23 18:30:00,1.4875059118244878,1.4595283397801795,0.9672188068574683,-1.061438874785325,1.4973412136648445
2024-11-23 18:45:00,-0.32272894259461815,-0.3607061996549223,0.40707029320884086,-0.058906726168858975,-0.252921088398752
2024-11-23 19:00:00,0.23598551864584666,-0.6207397052885083,0.08698542826676801,0.12337184630686211,0.10427529977749221
2024-11-23 19:15:00,-0.27803178569538095,0.24603864682344503,0.006964212031249799,0.39678970502044375,-0.0921827137194421
2024-11-23 19:30:00,-0.3450775210442367,1.1128169989353984,0.487091509444359,-0.8791603023096038,-0.11004253312825431
2024-11-23 19:45:00,0.45947130314203255,1.026139163724203,0.5671127256798772,1.3993218536369096,0.9794064508092905
2024-11-23 20:00:00,0.03484831259927933,0.9394613285130077,0.08698542826676801,-0.5146031573581616,0.13999493859511664
2024-11-23 20:15:00,-0.2556832072457624,-0.27402836444372697,0.16700664450228622,-1.061438874785325,-0.4315192824868741
2024-11-23 20:30:00,-0.1439403149976694,-0.013994858810140965,0.24702786073780442,1.4904611398747702,0.22929403563917766
2024-11-23 20:45:00,0.9734886074832602,1.1128169989353984,0.16700664450228622,-1.243717447261046,0.8008082567211684
2024-11-23 21:00:00,0.16893978329699086,0.5060721524570311,-0.23309943667530483,1.4904611398747702,0.4793315073625486
2024-11-23 21:15:00,-0.00984884429995786,1.026139163724203,0.08698542826676801,0.03223256006900157,0.22929403563917766
2024-11-23 21:30:00,0.6382599307389812,-0.18735052923253165,-0.1530782204397866,0.3056504187825832,0.4971913267713608
2024-11-23 21:45:00,0.9064428721344044,-0.27402836444372697,-0.0730570042042684,1.125903994923328,0.8722475343564172
2024-11-23 22:00:00,-1.0602320314320317,-0.7940953757108989,-1.0333115990304869,-0.6968817298338827,-1.3780897111539212
2024-11-23 22:15:00,-1.0825806098816502,-0.9674510461332897,-0.9532903827949687,1.5816004261126306,-0.9673138647512404
2024-11-23 22:30:00,-1.1943235021297431,-1.054128881344485,-1.0333115990304869,0.3056504187825832,-1.3423700723362968
2024-11-23 22:45:00,-1.2166720805793618,-0.9674510461332897,-1.0333115990304869,0.03223256006900157,-1.3959495305627334
2024-11-23 23:00:00,-1.1049291883312689,-0.9674510461332897,-1.0333115990304869,1.2170432811611887,-1.0744727812041137
2024-11-23 23:15:00,-1.1943235021297431,-0.7940953757108989,-0.9532903827949687,-0.5146031573581616,-1.4316691693803578
2024-11-23 23:30:00,-1.149626345230506,-0.7074175404997036,-0.9532903827949687,0.7613468499718858,-1.1280522394305503
2024-11-23 23:45:00,-1.2166720805793618,-0.7940953757108989,-0.9532903827949687,1.6727397123504912,-1.020893322977677
2024-11-24 00:00:00,-1.0825806098816502,-0.8807732109220944,-1.0333115990304869,-0.058906726168858975,-1.2887906141098602
2024-11-24 00:15:00,-1.0602320314320317,-0.7074175404997036,-0.9532903827949687,1.8550182848262124,-0.8422951288895549
2024-11-24 00:30:00,-1.0155348745327946,-0.7074175404997036,-1.0333115990304869,1.2170432811611887,-0.9494540453424282
2024-11-24 00:45:00,-1.1272777667808875,-1.054128881344485,-1.0333115990304869,0.8524861362097464,-1.181631697656987
2024-11-24 01:00:00,-1.2166720805793618,-0.7074175404997036,-1.0333115990304869,-0.6057424435960223,-1.4673888081979822
2024-11-24 01:15:00,-1.037883452982413,-0.6207397052885083,-0.9532903827949687,1.4904611398747702,-0.8780147677071793
2024-11-24 01:30:00,-1.1272777667808875,-1.054128881344485,-0.9532903827949687,0.6702075637340253,-1.1994915170657992
2024-11-24 01:45:00,-1.2166720805793618,-0.7074175404997036,-1.0333115990304869,1.125903994923328,-1.1280522394305503
2024-11-24 02:00:00,-1.037883452982413,-0.8807732109220944,-0.9532903827949687,1.308182567399049,-0.9673138647512404
2024-11-24 02:15:00,-1.1943235021297431,-0.7074175404997036,-0.9532903827949687,0.9436254224476069,-1.1280522394305503
2024-11-24 02:30:00,-1.1272777667808875,-0.6207397052885083,-0.9532903827949687,-0.24118529864458005,-1.2887906141098602
2024-11-24 02:45:00,-1.149626345230506,-0.7074175404997036,-0.9532903827949687,0.21451113254472265,-1.2352111558834236
2024-11-24 03:00:00,-1.037883452982413,-0.7074175404997036,-0.9532903827949687,-0.15004601240671953,-1.2173513364746114
2024-11-24 03:15:00,-1.2390206590289803,-0.8807732109220944,-0.9532903827949687,-0.6057424435960223,-1.5031084470156066
2024-11-24 03:30:00,-1.2390206590289803,-1.054128881344485,-1.0333115990304869,-0.6968817298338827,-1.5745477246508555
2024-11-24 03:45:00,-1.0155348745327946,-0.7074175404997036,-0.9532903827949687,1.308182567399049,-0.9137344065248038
2024-11-24 04:00:00,-1.2390206590289803,-0.9674510461332897,-1.0333115990304869,-0.6057424435960223,-1.538828085833231
2024-11-24 04:15:00,0.16893978329699086,-0.013994858810140965,-0.6332055178528959,-1.243717447261046,-0.252921088398752
2024-11-24 04:30:00,0.6606085091885999,0.24603864682344503,-0.7132267340884141,0.03223256006900157,0.425752049136112
2024-11-24 04:45:00,0.3477284108939396,0.5927499876682264,-0.7932479503239322,-0.5146031573581616,0.12213511918630442
2024-11-24 05:00:00,1.196974391979446,1.1128169989353984,-0.23309943667530483,-0.8791603023096038,0.9615466314004782
2024-11-24 05:15:00,0.325379832444321,-0.18735052923253165,-0.7132267340884141,-0.3323245848824406,-0.0028836166753810535
2024-11-24 05:30:00,0.81704855833593,1.026139163724203,-0.7932479503239322,-0.24118529864458005,0.6400698820418586
2024-11-24 05:45:00,0.05719689104889791,0.4193943172458357,-0.5531843016173776,-0.7880210160717432,-0.14576217194587873
2024-11-24 06:00:00,0.9734886074832602,2.4129845271033283,2.007494617919205,-1.6994138784503487,1.3901822972119713
2024-11-24 06:15:00,1.308717284227539,1.1128169989353984,1.4473461042705773,-1.6082745922124881,1.283023380759098
2024-11-24 06:30:00,1.3534144411267761,0.8527834933018124,0.6471339419153954,-1.6082745922124881,1.0865653672621638
2024-11-24 06:45:00,1.2193229704290647,1.6328840102025703,1.287303671799541,-1.243717447261046,1.3544626583943469
2024-11-24 07:00:00,0.7946999798863115,0.6794278228794217,2.7276855640388686,-1.243717447261046,1.1401448254886004
2024-11-24 07:15:00,1.6439459609718179,2.4129845271033283,2.807706780274387,-1.5171353059746275,2.140294712382084
2024-11-24 07:30:00,1.1299286566305904,0.9394613285130077,0.8071763743864319,-1.3348567334989065,1.015126089626915
2024-11-24 07:45:00,0.7946999798863115,0.15936081161224971,0.8871975906219501,-1.6994138784503487,0.5329109655889852
2024-11-24 08:00:00,1.5992488040725807,2.4129845271033283,0.6471339419153954,-1.243717447261046,1.6759394077529666
2024-11-24 08:15:00,1.465157333374869,1.1994948341465936,1.8474521854481685,-1.6994138784503487,1.4973412136648445
2024-11-24 08:30:00,1.085231499731353,1.286172669357789,2.5676431315678325,-1.3348567334989065,1.443761755438408
2024-11-24 08:45:00,0.81704855833593,0.15936081161224971,2.6476643478033504,-1.6082745922124881,0.9615466314004782
2024-11-24 09:00:00,1.1299286566305904,1.026139163724203,1.5273673205060956,-1.243717447261046,1.2115841031238492
2024-11-24 09:15:00,-0.8143976684862272,-0.18735052923253165,0.6471339419153954,-0.6057424435960223,-0.6636969348014328
2024-11-24 09:30:00,-0.5462147270908041,-0.013994858810140965,0.16700664450228622,-0.7880210160717432,-0.5565380183485595
2024-11-24 09:45:00,-0.5462147270908041,-0.27402836444372697,-0.47316308538185947,0.7613468499718858,-0.4493791018956863
2024-11-24 10:00:00,0.548865616940507,1.1128169989353984,1.0472400230929866,-0.7880210160717432,0.7472287984947318
2024-11-24 10:15:00,-0.03219742274957645,1.1128169989353984,0.32704907697332264,0.12337184630686211,0.30073331327442654
2024-11-24 10:30:00,-0.03219742274957645,-0.18735052923253165,0.32704907697332264,0.39678970502044375,0.08641548036867999
2024-11-24 10:45:00,0.0795454694985165,0.4193943172458357,-0.6332055178528959,0.8524861362097464,0.17571457741274105
2024-11-24 11:00:00,-0.1439403149976694,-0.27402836444372697,-0.313120652910823,0.21451113254472265,-0.19934163017231535
2024-11-24 11:15:00,-0.47916899174194827,-0.18735052923253165,-0.0730570042042684,0.9436254224476069,-0.252921088398752
2024-11-24 11:30:00,-0.5015175701915668,-0.6207397052885083,-0.5531843016173776,0.6702075637340253,-0.5208183795309351
2024-11-24 11:45:00,-0.00984884429995786,-0.44738403486611766,-0.23309943667530483,0.21451113254472265,-0.11004253312825431
2024-11-24 12:00:00,-0.8143976684862272,-0.6207397052885083,-0.0730570042042684,0.21451113254472265,-0.7529960318454939
2024-11-24 12:15:00,-0.9261405607343202,-0.27402836444372697,-0.39314186914634125,0.12337184630686211,-0.8601549482983671
2024-11-24 12:30:00,-0.47916899174194827,-0.534061870077313,-0.7132267340884141,0.6702075637340253,-0.5208183795309351
2024-11-24 12:45:00,-0.6803061977885156,-0.18735052923253165,-0.0730570042042684,0.48792899125830425,-0.5029585601221229
2024-11-24 13:00:00,-0.5015175701915668,-0.18735052923253165,0.16700664450228622,0.21451113254472265,-0.3600800048516252
2024-11-24 13:15:00,-0.4568204132923297,0.4193943172458357,0.8871975906219501,-0.6968817298338827,-0.21720144958112758
2024-11-24 13:30:00,0.9511400290336416,0.766105658090617,1.9274734016836867,-0.42346387112030115,1.2651635613502858
2024-11-24 13:45:00,-0.27803178569538095,0.5927499876682264,1.6073885367416139,-0.8791603023096038,0.08641548036867999
2024-11-24 14:00:00,0.21363694019622806,0.9394613285130077,1.4473461042705773,-0.5146031573581616,0.5864904238154218
2024-11-24 14:15:00,0.1018940479481351,0.5060721524570311,-0.6332055178528959,0.03223256006900157,0.050695841551055575
2024-11-24 14:30:00,-0.3003803641449995,1.1128169989353984,0.16700664450228622,0.03223256006900157,0.03283602214224337
2024-11-24 14:45:00,-1.261369237478599,0.5060721524570311,0.8871975906219501,-0.8791603023096038,-0.8780147677071793
2024-11-24 15:00:00,-0.4121232563930925,0.766105658090617,-0.313120652910823,-0.058906726168858975,-0.252921088398752
2024-11-24 15:15:00,1.1299286566305904,0.6794278228794217,0.32704907697332264,0.03223256006900157,1.1222850060797882
2024-11-24 15:30:00,-0.00984884429995786,0.15936081161224971,-0.5531843016173776,-0.8791603023096038,-0.2707809078075642
2024-11-24 15:45:00,0.6159113522893627,-0.013994858810140965,0.006964212031249799,-0.5146031573581616,0.39003241031848757
2024-11-24 16:00:00,0.7723514014366928,0.766105658090617,2.5676431315678325,-0.8791603023096038,1.1758644643062248
2024-11-24 16:15:00,1.2416715488786834,1.026139163724203,1.4473461042705773,-1.1525781610231856,1.3008832001679103
2024-11-24 16:30:00,0.9958371859328787,0.24603864682344503,2.9677492127454235,-1.243717447261046,1.2651635613502858
2024-11-24 16:45:00,0.8393971367855486,0.4193943172458357,1.207282455564023,-1.243717447261046,0.7829484373123562
2024-11-24 17:00:00,1.576900225622962,2.2396288566809375,0.5671127256798772,-1.243717447261046,1.6045001301177177
2024-11-24 17:15:00,1.196974391979446,0.8527834933018124,1.5273673205060956,-0.8791603023096038,1.3008832001679103
2024-11-24 17:30:00,1.4875059118244878,0.4193943172458357,1.8474521854481685,-1.243717447261046,1.443761755438408
2024-11-24 17:45:00,1.8227345885687667,-0.18735052923253165,2.2475582666257594,-1.243717447261046,1.6759394077529666
2024-11-24 18:00:00,1.0181857643824974,-0.013994858810140965,2.4876219153323142,-1.1525781610231856,1.1401448254886004
2024-11-24 18:15:00,0.81704855833593,1.286172669357789,1.5273673205060956,-1.243717447261046,1.015126089626915
2024-11-24 18:30:00,1.5992488040725807,1.1128169989353984,1.287303671799541,-1.061438874785325,1.5866403107089055
2024-11-24 18:45:00,0.12424262639775369,0.4193943172458357,0.16700664450228622,1.125903994923328,0.4436118685449242
2024-11-24 19:00:00,-0.03219742274957645,1.1128169989353984,-0.1530782204397866,-0.3323245848824406,0.10427529977749221
2024-11-24 19:15:00,0.1018940479481351,0.3327164820346404,0.16700664450228622,0.9436254224476069,0.37217259090967536
2024-11-24 19:30:00,0.5712141953901255,-0.27402836444372697,-0.1530782204397866,1.2170432811611887,0.604350243224234
2024-11-24 19:45:00,0.6606085091885999,-0.534061870077313,-0.1530782204397866,1.4904611398747702,0.675789520859483
2024-11-24 20:00:00,0.23598551864584666,0.3327164820346404,-0.23309943667530483,1.125903994923328,0.425752049136112
2024-11-24 20:15:00,0.4818198815916512,0.4193943172458357,0.40707029320884086,-1.061438874785325,0.35431277150086316
2024-11-24 20:30:00,-0.05454600119919504,0.8527834933018124,-0.0730570042042684,0.9436254224476069,0.30073331327442654
2024-11-24 20:45:00,-0.21098605034652518,0.4193943172458357,0.5671127256798772,-0.9702995885474643,-0.14576217194587873
2024-11-24 21:00:00,0.81704855833593,0.5060721524570311,0.487091509444359,0.9436254224476069,1.0508457284445394
2024-11-24 21:15:00,-0.12159173654805082,0.9394613285130077,-0.23309943667530483,-0.5146031573581616,-0.056463074901817685
2024-11-24 21:30:00,0.5041684600412697,-0.534061870077313,0.40707029320884086,0.5790682774961649,0.4971913267713608
2024-11-24 21:45:00,0.8617457152351672,0.24603864682344503,-0.23309943667530483,1.2170432811611887,0.9258269925828538
2024-11-24 22:00:00,-1.1049291883312689,-0.9674510461332897,-0.9532903827949687,0.6702075637340253,-1.1637718782481747
2024-11-24 22:15:00,-1.1943235021297431,-0.9674510461332897,-1.0333115990304869,-0.6057424435960223,-1.5031084470156066
2024-11-24 22:30:00,-1.1049291883312689,-0.9674510461332897,-1.0333115990304869,0.9436254224476069,-1.1280522394305503
2024-11-24 22:45:00,-1.1719749236801247,-0.6207397052885083,-1.0333115990304869,1.125903994923328,-1.0744727812041137
2024-11-24 23:00:00,-1.0155348745327946,-0.9674510461332897,-0.9532903827949687,0.7613468499718858,-1.0744727812041137
2024-11-24 23:15:00,-1.0602320314320317,-1.054128881344485,-1.0333115990304869,0.9436254224476069,-1.1101924200217381
2024-11-24 23:30:00,-1.1049291883312689,-0.7940953757108989,-0.9532903827949687,0.6702075637340253,-1.1280522394305503
2024-11-24 23:45:00,-1.0602320314320317,-1.054128881344485,-1.0333115990304869,0.21451113254472265,-1.2530709752922358
2024-11-25 00:00:00,-1.2166720805793618,-0.6207397052885083,-1.0333115990304869,0.48792899125830425,-1.2352111558834236
2024-11-25 00:15:00,-1.1719749236801247,-0.9674510461332897,-1.0333115990304869,-0.7880210160717432,-1.5209682664244188
2024-11-25 00:30:00,-1.2390206590289803,-0.9674510461332897,-1.0333115990304869,0.6702075637340253,-1.2887906141098602
2024-11-25 00:45:00,-1.037883452982413,-0.6207397052885083,-0.9532903827949687,0.3056504187825832,-1.1101924200217381
2024-11-25 01:00:00,-1.0155348745327946,-1.054128881344485,-1.0333115990304869,-0.7880210160717432,-1.4138093499715456
2024-11-25 01:15:00,-1.1049291883312689,-0.7074175404997036,-0.9532903827949687,1.8550182848262124,-0.8780147677071793
2024-11-25 01:30:00,-1.037883452982413,-0.9674510461332897,-0.9532903827949687,-0.6968817298338827,-1.3780897111539212
2024-11-25 01:45:00,-1.0155348745327946,-0.7074175404997036,-1.0333115990304869,1.7638789985883518,-0.8422951288895549
2024-11-25 02:00:00,-1.1272777667808875,-0.9674510461332897,-0.9532903827949687,-0.3323245848824406,-1.3780897111539212
2024-11-25 02:15:00,-1.2390206590289803,-1.054128881344485,-1.0333115990304869,1.308182567399049,-1.181631697656987
2024-11-25 02:30:00,-1.0155348745327946,-0.6207397052885083,-1.0333115990304869,0.48792899125830425,-1.0744727812041137
2024-11-25 02:45:00,-1.1943235021297431,-0.8807732109220944,-0.9532903827949687,1.4904611398747702,-1.0566129617953015
2024-11-25 03:00:00,-1.2390206590289803,-0.7074175404997036,-0.9532903827949687,1.6727397123504912,-1.020893322977677
2024-11-25 03:15:00,-1.1272777667808875,-0.7074175404997036,-1.0333115990304869,1.7638789985883518,-0.931594225933616
2024-11-25 03:30:00,-1.037883452982413,-1.054128881344485,-0.9532903827949687,1.8550182848262124,-0.8958745871159915
2024-11-25 03:45:00,-1.1049291883312689,-0.7074175404997036,-1.0333115990304869,1.4904611398747702,-0.9673138647512404
2024-11-25 04:00:00,-1.0155348745327946,-0.7940953757108989,-0.9532903827949687,1.4904611398747702,-0.8958745871159915
2024-11-25 04:15:00,1.1746258135298275,-0.9674510461332897,-1.0333115990304869,-1.3348567334989065,0.2471538550479899
2024-11-25 04:30:00,0.5265170384908884,0.6794278228794217,-0.7132267340884141,-0.15004601240671953,0.37217259090967536
2024-11-25 04:45:00,1.2193229704290647,0.5060721524570311,-0.5531843016173776,-0.5146031573581616,0.854387714947605
2024-11-25 05:00:00,0.437122724692414,-0.44738403486611766,-0.7932479503239322,-0.058906726168858975,0.06855566095986779
2024-11-25 05:15:00,0.7500028229870742,-0.3607061996549223,-0.8732691665594505,-0.42346387112030115,0.2471538550479899
2024-11-25 05:30:00,-0.1439403149976694,1.1128169989353984,-0.8732691665594505,-1.061438874785325,-0.2886407272163764
2024-11-25 05:45:00,-0.166288893447288,1.1128169989353984,-0.8732691665594505,-1.243717447261046,-0.342220185442813
2024-11-25 06:00:00,1.0628829212817346,2.4129845271033283,1.8474521854481685,-1.3348567334989065,1.4973412136648445
2024-11-25 06:15:00,1.0628829212817346,0.3327164820346404,2.9677492127454235,-1.5171353059746275,1.283023380759098
2024-11-25 06:30:00,1.2416715488786834,1.286172669357789,2.9677492127454235,-1.3348567334989065,1.6580795883441544
2024-11-25 06:45:00,1.8897803239176225,0.4193943172458357,1.207282455564023,-1.6994138784503487,1.533060852482469
2024-11-25 07:00:00,1.576900225622962,1.4595283397801795,0.8071763743864319,-1.6994138784503487,1.4080421166207835
2024-11-25 07:15:00,1.7109916963206737,1.7195618454137656,1.1272612393285046,-1.5171353059746275,1.6759394077529666
2024-11-25 07:30:00,0.9064428721344044,1.7195618454137656,2.3275794828612777,-1.5171353059746275,1.3008832001679103
2024-11-25 07:45:00,0.8393971367855486,0.766105658090617,0.5671127256798772,-1.6994138784503487,0.6222100626330462
2024-11-25 08:00:00,1.465157333374869,0.5927499876682264,1.0472400230929866,-1.6082745922124881,1.2115841031238492
2024-11-25 08:15:00,1.5098544902741065,0.9394613285130077,0.6471339419153954,-1.4259960197367672,1.2651635613502858
2024-11-25 08:30:00,1.2863687057779205,0.4193943172458357,2.9677492127454235,-1.6082745922124881,1.46162157484722
2024-11-25 08:45:00,1.308717284227539,0.766105658090617,1.7674309692126502,-1.5171353059746275,1.3008832001679103
2024-11-25 09:00:00,1.576900225622962,1.1994948341465936,0.5671127256798772,-1.3348567334989065,1.372322477803159
2024-11-25 09:15:00,0.5935627738397441,-0.18735052923253165,2.087515834154723,0.03223256006900157,0.9079671731740416
2024-11-25 09:30:00,0.3700769893435582,-0.44738403486611766,0.006964212031249799,0.03223256006900157,0.21143421623036546
2024-11-25 09:45:00,-0.5238661486411854,-0.8807732109220944,1.207282455564023,0.7613468499718858,-0.18148181076350314
2024-11-25 10:00:00,-0.9261405607343202,0.4193943172458357,0.32704907697332264,-0.8791603023096038,-0.7529960318454939
2024-11-25 10:15:00,-0.5238661486411854,0.5927499876682264,0.32704907697332264,-0.6057424435960223,-0.342220185442813
2024-11-25 10:30:00,0.7723514014366928,-0.013994858810140965,-0.6332055178528959,0.39678970502044375,0.5507707849977974
2024-11-25 10:45:00,-1.2166720805793618,1.1128169989353984,1.3673248880350592,0.3056504187825832,-0.3779398242604375
2024-11-25 11:00:00,-0.8590948253854643,-0.44738403486611766,-0.23309943667530483,0.3056504187825832,-0.7708558512543061
2024-11-25 11:15:00,-0.6132604624396598,-0.44738403486611766,-0.1530782204397866,0.12337184630686211,-0.592257657166184
2024-11-25 11:30:00,-0.3674260994938553,-0.18735052923253165,-0.5531843016173776,0.7613468499718858,-0.3065005466251886
2024-11-25 11:45:00,0.012499734149660732,-0.27402836444372697,-0.47316308538185947,0.8524861362097464,0.014976202733431157
2024-11-25 12:00:00,0.1018940479481351,-0.3607061996549223,-0.7932479503239322,0.3056504187825832,-0.11004253312825431
2024-11-25 12:15:00,-0.166288893447288,-0.44738403486611766,-0.5531843016173776,0.7613468499718858,-0.19934163017231535
2024-11-25 12:30:00,-0.27803178569538095,-0.27402836444372697,0.006964212031249799,0.9436254224476069,-0.0921827137194421
2024-11-25 12:45:00,-0.9708377176335573,-0.6207397052885083,-0.5531843016173776,0.6702075637340253,-0.8958745871159915
2024-11-25 13:00:00,-0.5685633055404227,-0.18735052923253165,-0.1530782204397866,0.8524861362097464,-0.3600800048516252
2024-11-25 13:15:00,-0.166288893447288,0.07268297640105437,-0.23309943667530483,-0.6057424435960223,-0.2886407272163764
2024-11-25 13:30:00,-0.12159173654805082,1.1128169989353984,0.8871975906219501,-0.15004601240671953,0.30073331327442654
2024-11-25 13:45:00,-0.9037919822847015,-0.1006726940213363,0.8871975906219501,-0.15004601240671953,-0.5743978377573717
2024-11-25 14:00:00,-0.9708377176335573,1.3728505045689845,-0.1530782204397866,-0.058906726168858975,-0.5386781989397473
2024-11-25 14:15:00,-1.3284149728274548,-0.1006726940213363,1.9274734016836867,-0.3323245848824406,-0.7172763930278695
2024-11-25 14:30:00,0.5935627738397441,0.5060721524570311,1.687409752977132,-0.058906726168858975,0.943686811991666
2024-11-25 14:45:00,0.7053056660878371,0.4193943172458357,2.007494617919205,0.12337184630686211,1.1222850060797882
2024-11-25 15:00:00,0.5935627738397441,0.5060721524570311,1.4473461042705773,-1.1525781610231856,0.675789520859483
2024-11-25 15:15:00,0.19128836174660946,-0.013994858810140965,0.32704907697332264,-0.24118529864458005,0.17571457741274105
2024-11-25 15:30:00,0.03484831259927933,0.8527834933018124,-0.47316308538185947,-1.243717447261046,-0.14576217194587873
2024-11-25 15:45:00,0.4147741462427954,0.6794278228794217,0.9672188068574683,-0.3323245848824406,0.6222100626330462
2024-11-25 16:00:00,1.7556888532199109,0.24603864682344503,2.3275794828612777,-0.9702995885474643,1.78309832420584
2024-11-25 16:15:00,1.2193229704290647,-0.1006726940213363,2.7276855640388686,-1.061438874785325,1.3544626583943469
2024-11-25 16:30:00,0.9511400290336416,-0.18735052923253165,1.8474521854481685,-1.1525781610231856,0.9079671731740416
2024-11-25 16:45:00,1.688643117871055,0.07268297640105437,2.9677492127454235,-1.1525781610231856,1.8009581436146522
2024-11-25 17:00:00,1.2416715488786834,2.1529510214697423,1.287303671799541,-0.9702995885474643,1.533060852482469
2024-11-25 17:15:00,1.7109916963206737,2.4129845271033283,0.7271551581509137,-1.1525781610231856,1.8009581436146522
2024-11-25 17:30:00,1.5992488040725807,0.9394613285130077,1.207282455564023,-1.061438874785325,1.533060852482469
2024-11-25 17:45:00,1.1522772350802089,-0.18735052923253165,1.1272612393285046,-0.9702995885474643,0.943686811991666
2024-11-25 18:00:00,0.7723514014366928,0.3327164820346404,1.9274734016836867,-1.061438874785325,0.9079671731740416
2024-11-25 18:15:00,1.8450831670183852,-0.1006726940213363,2.3275794828612777,-0.9702995885474643,1.78309832420584
2024-11-25 18:30:00,1.8450831670183852,1.286172669357789,2.087515834154723,-1.1525781610231856,1.9795563377027743
2024-11-25 18:45:00,-0.00984884429995786,0.5060721524570311,0.5671127256798772,0.21451113254472265,0.2650136744568021
2024-11-25 19:00:00,0.21363694019622806,-0.27402836444372697,0.08698542826676801,-1.1525781610231856,-0.0921827137194421
2024-11-25 19:15:00,0.437122724692414,0.24603864682344503,0.5671127256798772,0.9436254224476069,0.7115091596771074
2024-11-25 19:30:00,-0.18863747189690658,0.766105658090617,0.5671127256798772,-0.058906726168858975,0.12213511918630442
2024-11-25 19:45:00,-0.3450775210442367,-0.44738403486611766,0.006964212031249799,1.0347647086854674,-0.16362199135469094
2024-11-25 20:00:00,0.4818198815916512,0.766105658090617,0.08698542826676801,1.3993218536369096,0.8365278955387928
2024-11-25 20:15:00,-0.03219742274957645,1.026139163724203,-0.1530782204397866,-1.1525781610231856,-0.0743228943106299
2024-11-25 20:30:00,0.23598551864584666,-0.534061870077313,0.40707029320884086,-0.42346387112030115,0.08641548036867999
2024-11-25 20:45:00,0.0795454694985165,-0.1006726940213363,-0.0730570042042684,-0.9702995885474643,-0.16362199135469094
2024-11-25 21:00:00,0.23598551864584666,-0.27402836444372697,0.32704907697332264,-0.42346387112030115,0.12213511918630442
2024-11-25 21:15:00,0.6382599307389812,-0.3607061996549223,0.16700664450228622,-1.243717447261046,0.22929403563917766
2024-11-25 21:30:00,0.8617457152351672,-0.18735052923253165,0.24702786073780442,1.308182567399049,0.9615466314004782
2024-11-25 21:45:00,0.7276542445374556,0.07268297640105437,0.006964212031249799,1.308182567399049,0.854387714947605
2024-11-25 22:00:00,-1.1719749236801247,-0.6207397052885083,-1.0333115990304869,-0.058906726168858975,-1.3066504335186724
2024-11-25 22:15:00,-1.0825806098816502,-0.9674510461332897,-1.0333115990304869,-0.6968817298338827,-1.4316691693803578
2024-11-25 22:30:00,-1.0602320314320317,-0.8807732109220944,-0.9532903827949687,1.3993218536369096,-0.9673138647512404
2024-11-25 22:45:00,-1.2166720805793618,-0.9674510461332897,-1.0333115990304869,1.4904611398747702,-1.1101924200217381
2024-11-25 23:00:00,-1.0825806098816502,-0.7074175404997036,-1.0333115990304869,-0.6968817298338827,-1.3780897111539212
2024-11-25 23:15:00,-1.0825806098816502,-0.9674510461332897,-0.9532903827949687,0.39678970502044375,-1.1994915170657992
2024-11-25 23:30:00,-1.0825806098816502,-0.8807732109220944,-1.0333115990304869,0.39678970502044375,-1.1994915170657992
2024-11-25 23:45:00,-1.1049291883312689,-0.7074175404997036,-0.9532903827949687,1.0347647086854674,-1.0387531423864893
2024-11-26 00:00:00,-1.1272777667808875,-0.6207397052885083,-0.9532903827949687,0.39678970502044375,-1.1637718782481747
2024-11-26 00:15:00,-1.0602320314320317,-1.054128881344485,-1.0333115990304869,1.125903994923328,-1.0744727812041137
2024-11-26 00:30:00,-1.2390206590289803,-0.9674510461332897,-1.0333115990304869,-0.15004601240671953,-1.44952898878917
2024-11-26 00:45:00,-1.1719749236801247,-0.8807732109220944,-1.0333115990304869,1.2170432811611887,-1.1101924200217381
2024-11-26 01:00:00,-1.1049291883312689,-0.9674510461332897,-1.0333115990304869,1.7638789985883518,-0.9673138647512404
2024-11-26 01:15:00,-1.2166720805793618,-0.7074175404997036,-1.0333115990304869,1.2170432811611887,-1.1101924200217381
2024-11-26 01:30:00,-1.1943235021297431,-0.8807732109220944,-1.0333115990304869,0.6702075637340253,-1.2352111558834236
2024-11-26 01:45:00,-1.149626345230506,-0.8807732109220944,-0.9532903827949687,-0.42346387112030115,-1.3959495305627334
2024-11-26 02:00:00,-1.0602320314320317,-0.8807732109220944,-1.0333115990304869,1.6727397123504912,-0.931594225933616
2024-11-26 02:15:00,-1.0825806098816502,-0.9674510461332897,-0.9532903827949687,0.3056504187825832,-1.2173513364746114
2024-11-26 02:30:00,-1.1943235021297431,-0.7940953757108989,-1.0333115990304869,0.9436254224476069,-1.1637718782481747
2024-11-26 02:45:00,-1.0155348745327946,-0.6207397052885083,-1.0333115990304869,1.0347647086854674,-0.9673138647512404
2024-11-26 03:00:00,-1.0825806098816502,-0.6207397052885083,-0.9532903827949687,0.03223256006900157,-1.1994915170657992
2024-11-26 03:15:00,-1.1943235021297431,-1.054128881344485,-0.9532903827949687,1.308182567399049,-1.1280522394305503
2024-11-26 03:30:00,-1.037883452982413,-0.9674510461332897,-1.0333115990304869,0.12337184630686211,-1.2352111558834236
2024-11-26 03:45:00,-1.2166720805793618,-0.7074175404997036,-0.9532903827949687,1.7638789985883518,-0.9851736841600526
2024-11-26 04:00:00,-1.149626345230506,-0.6207397052885083,-1.0333115990304869,1.8550182848262124,-0.9137344065248038
2024-11-26 04:15:00,0.81704855833593,0.6794278228794217,-0.7132267340884141,-0.6057424435960223,0.515051146180173
2024-11-26 04:30:00,0.5935627738397441,-0.7074175404997036,-0.5531843016173776,-0.058906726168858975,0.19357439682155325
2024-11-26 04:45:00,-0.2556832072457624,0.15936081161224971,-0.23309943667530483,-0.24118529864458005,-0.2707809078075642
2024-11-26 05:00:00,-0.23333462879614378,0.24603864682344503,-0.9532903827949687,-0.7880210160717432,-0.5029585601221229
2024-11-26 05:15:00,-0.03219742274957645,1.286172669357789,-0.6332055178528959,-1.243717447261046,-0.14576217194587873
2024-11-26 05:30:00,-0.3003803641449995,0.07268297640105437,-0.6332055178528959,-0.3323245848824406,-0.4315192824868741
2024-11-26 05:45:00,0.16893978329699086,-0.1006726940213363,-0.7132267340884141,-1.4259960197367672,-0.3243603660340008
2024-11-26 06:00:00,0.9064428721344044,1.286172669357789,2.5676431315678325,-1.243717447261046,1.3187430195767225
2024-11-26 06:15:00,1.7780374316695295,0.766105658090617,2.167537050390241,-1.243717447261046,1.8188179630234644
2024-11-26 06:30:00,1.5098544902741065,0.5927499876682264,1.207282455564023,-1.243717447261046,1.3544626583943469
2024-11-26 06:45:00,1.1522772350802089,1.6328840102025703,2.887727996509905,-1.6994138784503487,1.5687804913000933
2024-11-26 07:00:00,1.800386010119148,0.4193943172458357,1.687409752977132,-1.6994138784503487,1.5687804913000933
2024-11-26 07:15:00,0.7946999798863115,1.9795953510473516,2.3275794828612777,-1.4259960197367672,1.283023380759098
2024-11-26 07:30:00,0.8393971367855486,1.3728505045689845,1.5273673205060956,-1.6082745922124881,0.9794064508092905
2024-11-26 07:45:00,1.8897803239176225,-0.18735052923253165,1.0472400230929866,-1.6994138784503487,1.372322477803159
2024-11-26 08:00:00,1.5545516471733436,0.9394613285130077,2.807706780274387,-1.6994138784503487,1.7295188659794032
2024-11-26 08:15:00,0.8617457152351672,-0.18735052923253165,2.807706780274387,-1.5171353059746275,0.9794064508092905
2024-11-26 08:30:00,1.7556888532199109,2.326306691892133,2.9677492127454235,-1.6082745922124881,2.229593809426145
2024-11-26 08:45:00,1.4875059118244878,-0.18735052923253165,2.887727996509905,-1.6994138784503487,1.46162157484722
2024-11-26 09:00:00,1.7109916963206737,0.5927499876682264,1.4473461042705773,-1.6082745922124881,1.4973412136648445
2024-11-26 09:15:00,-0.4568204132923297,-0.7074175404997036,1.3673248880350592,0.9436254224476069,-0.020743436084193264
2024-11-26 09:30:00,-0.8590948253854643,1.026139163724203,-0.23309943667530483,-1.243717447261046,-0.7708558512543061
2024-11-26 09:45:00,0.437122724692414,-0.7940953757108989,0.08698542826676801,-0.24118529864458005,0.15785475800392884
2024-11-26 10:00:00,0.4147741462427954,-0.1006726940213363,1.1272612393285046,0.6702075637340253,0.6936493402682952
2024-11-26 10:15:00,0.548865616940507,-0.7074175404997036,-0.23309943667530483,0.12337184630686211,0.2650136744568021
2024-11-26 10:30:00,-1.1719749236801247,0.5927499876682264,2.087515834154723,-0.6057424435960223,-0.4672389213044985
2024-11-26 10:45:00,-1.2166720805793618,-0.9674510461332897,1.9274734016836867,-0.8791603023096038,-0.9137344065248038
2024-11-26 11:00:00,-0.18863747189690658,-0.18735052923253165,-0.7132267340884141,0.7613468499718858,-0.19934163017231535
2024-11-26 11:15:00,-0.3003803641449995,-0.18735052923253165,-0.313120652910823,0.39678970502044375,-0.2707809078075642
2024-11-26 11:30:00,-0.6132604624396598,-0.44738403486611766,0.006964212031249799,0.21451113254472265,-0.5386781989397473
2024-11-26 11:45:00,-0.6803061977885156,-0.44738403486611766,0.16700664450228622,0.48792899125830425,-0.5029585601221229
2024-11-26 12:00:00,-0.12159173654805082,-0.18735052923253165,-0.0730570042042684,0.21451113254472265,-0.11004253312825431
2024-11-26 12:15:00,0.1018940479481351,-0.18735052923253165,-0.7932479503239322,1.0347647086854674,0.06855566095986779
2024-11-26 12:30:00,-0.7026547762381342,-0.3607061996549223,-0.5531843016173776,1.0347647086854674,-0.5565380183485595
2024-11-26 12:45:00,-0.47916899174194827,-0.534061870077313,-0.7132267340884141,0.7613468499718858,-0.5029585601221229
2024-11-26 13:00:00,-0.9931862960831759,-0.6207397052885083,-0.7132267340884141,0.5790682774961649,-0.9673138647512404
2024-11-26 13:15:00,0.9064428721344044,-0.18735052923253165,-0.1530782204397866,-0.6968817298338827,0.515051146180173
2024-11-26 13:30:00,0.3700769893435582,1.546206174991375,1.5273673205060956,-0.7880210160717432,0.8008082567211684
2024-11-26 13:45:00,-0.18863747189690658,-0.013994858810140965,-0.313120652910823,-0.15004601240671953,-0.252921088398752
2024-11-26 14:00:00,-0.12159173654805082,0.5060721524570311,0.6471339419153954,-0.7880210160717432,-0.0028836166753810535
2024-11-26 14:15:00,0.30303125399470243,0.4193943172458357,1.687409752977132,-0.9702995885474643,0.515051146180173
2024-11-26 14:30:00,0.2806826755450838,1.4595283397801795,0.7271551581509137,-0.5146031573581616,0.5864904238154218
2024-11-26 14:45:00,0.0795454694985165,0.15936081161224971,1.5273673205060956,-0.058906726168858975,0.425752049136112
2024-11-26 15:00:00,0.4147741462427954,1.1128169989353984,-0.6332055178528959,-0.8791603023096038,0.2471538550479899
2024-11-26 15:15:00,-0.07689457964881363,-0.1006726940213363,1.207282455564023,-1.243717447261046,-0.056463074901817685
2024-11-26 15:30:00,-0.7250033546877528,0.4193943172458357,0.7271551581509137,-0.058906726168858975,-0.342220185442813
2024-11-26 15:45:00,-1.149626345230506,0.766105658090617,0.8071763743864319,-1.1525781610231856,-0.8065754900719305
2024-11-26 16:00:00,1.3757630195763948,1.286172669357789,2.167537050390241,-1.243717447261046,1.6045001301177177
2024-11-26 16:15:00,1.576900225622962,-0.18735052923253165,1.1272612393285046,-1.061438874785325,1.2651635613502858
2024-11-26 16:30:00,1.8450831670183852,0.15936081161224971,1.9274734016836867,-0.8791603023096038,1.7652385047970278
2024-11-26 16:45:00,1.2640201273283018,0.3327164820346404,1.207282455564023,-1.1525781610231856,1.1222850060797882
2024-11-26 17:00:00,1.4875059118244878,-0.013994858810140965,2.5676431315678325,-0.8791603023096038,1.5866403107089055
2024-11-26 17:15:00,1.576900225622962,1.4595283397801795,1.287303671799541,-0.7880210160717432,1.6937992271617788
2024-11-26 17:30:00,0.8393971367855486,1.806239680624961,2.807706780274387,-0.7880210160717432,1.5152010330736567
2024-11-26 17:45:00,1.4875059118244878,2.1529510214697423,0.8071763743864319,-0.7880210160717432,1.6580795883441544
2024-11-26 18:00:00,1.576900225622962,2.326306691892133,2.087515834154723,-1.1525781610231856,1.9795563377027743
2024-11-26 18:15:00,1.2193229704290647,1.026139163724203,1.8474521854481685,-1.243717447261046,1.3544626583943469
2024-11-26 18:30:00,1.3534144411267761,1.8929175158361562,2.007494617919205,-0.8791603023096038,1.7473786853882156
2024-11-26 18:45:00,0.325379832444321,0.8527834933018124,0.08698542826676801,-0.058906726168858975,0.4436118685449242
2024-11-26 19:00:00,0.7500028229870742,-0.27402836444372697,0.16700664450228622,0.9436254224476069,0.765088617903544
2024-11-26 19:15:00,0.3477284108939396,0.766105658090617,0.487091509444359,-1.061438874785325,0.33645295209205095
2024-11-26 19:30:00,0.4818198815916512,-0.27402836444372697,0.24702786073780442,0.6702075637340253,0.515051146180173
2024-11-26 19:45:00,0.325379832444321,0.4193943172458357,0.006964212031249799,1.0347647086854674,0.5507707849977974
2024-11-26 20:00:00,0.5712141953901255,0.5060721524570311,0.40707029320884086,-0.8791603023096038,0.4793315073625486
2024-11-26 20:15:00,0.548865616940507,0.5927499876682264,0.16700664450228622,-0.5146031573581616,0.4971913267713608
2024-11-26 20:30:00,0.928791450584023,0.5927499876682264,-0.23309943667530483,0.39678970502044375,0.8901073537652294
2024-11-26 20:45:00,0.7276542445374556,-0.1006726940213363,0.08698542826676801,0.7613468499718858,0.7293689790859196
2024-11-26 21:00:00,0.7276542445374556,0.5060721524570311,0.5671127256798772,0.3056504187825832,0.8722475343564172
2024-11-26 21:15:00,0.81704855833593,-0.6207397052885083,-0.0730570042042684,-0.15004601240671953,0.4793315073625486
2024-11-26 21:30:00,-0.07689457964881363,0.07268297640105437,0.24702786073780442,0.8524861362097464,0.17571457741274105
2024-11-26 21:45:00,0.7946999798863115,0.24603864682344503,-0.0730570042042684,1.4904611398747702,0.9615466314004782
2024-11-26 22:00:00,-1.0825806098816502,-0.6207397052885083,-0.9532903827949687,-0.24118529864458005,-1.2530709752922358
2024-11-26 22:15:00,-1.2390206590289803,-0.7074175404997036,-0.9532903827949687,1.6727397123504912,-1.020893322977677
2024-11-26 22:30:00,-1.1049291883312689,-0.7074175404997036,-1.0333115990304869,1.4904611398747702,-0.9673138647512404
2024-11-26 22:45:00,-1.0825806098816502,-0.8807732109220944,-1.0333115990304869,-0.15004601240671953,-1.3066504335186724
2024-11-26 23:00:00,-1.0825806098816502,-1.054128881344485,-1.0333115990304869,0.7613468499718858,-1.1637718782481747
2024-11-26 23:15:00,-1.0825806098816502,-0.7074175404997036,-0.9532903827949687,0.5790682774961649,-1.1101924200217381
2024-11-26 23:30:00,-1.1272777667808875,-0.8807732109220944,-1.0333115990304869,-0.3323245848824406,-1.3780897111539212
2024-11-26 23:45:00,-1.0155348745327946,-1.054128881344485,-0.9532903827949687,-0.6057424435960223,-1.360229891745109
2024-11-27 00:00:00,-1.1049291883312689,-0.7940953757108989,-1.0333115990304869,0.8524861362097464,-1.1101924200217381
2024-11-27 00:15:00,-1.1719749236801247,-0.8807732109220944,-0.9532903827949687,0.8524861362097464,-1.1637718782481747
2024-11-27 00:30:00,-1.1272777667808875,-0.6207397052885083,-1.0333115990304869,0.6702075637340253,-1.1280522394305503
2024-11-27 00:45:00,-1.1272777667808875,-0.8807732109220944,-0.9532903827949687,-0.24118529864458005,-1.3423700723362968
2024-11-27 01:00:00,-1.1943235021297431,-0.7940953757108989,-1.0333115990304869,0.6702075637340253,-1.2173513364746114
2024-11-27 01:15:00,-1.1272777667808875,-0.6207397052885083,-1.0333115990304869,0.7613468499718858,-1.1101924200217381
2024-11-27 01:30:00,-1.0155348745327946,-0.8807732109220944,-1.0333115990304869,-0.15004601240671953,-1.2530709752922358
2024-11-27 01:45:00,-1.1943235021297431,-0.8807732109220944,-1.0333115990304869,-0.24118529864458005,-1.4138093499715456
2024-11-27 02:00:00,-1.037883452982413,-0.9674510461332897,-1.0333115990304869,1.7638789985883518,-0.9137344065248038
2024-11-27 02:15:00,-1.1049291883312689,-0.9674510461332897,-0.9532903827949687,1.2170432811611887,-1.0566129617953015
2024-11-27 02:30:00,-1.1943235021297431,-1.054128881344485,-1.0333115990304869,-0.6968817298338827,-1.538828085833231
2024-11-27 02:45:00,-1.1049291883312689,-0.6207397052885083,-0.9532903827949687,0.9436254224476069,-1.0387531423864893
2024-11-27 03:00:00,-1.037883452982413,-0.6207397052885083,-0.9532903827949687,-0.058906726168858975,-1.181631697656987
2024-11-27 03:15:00,-1.2166720805793618,-1.054128881344485,-1.0333115990304869,-0.3323245848824406,-1.4852486276067944
2024-11-27 03:30:00,-1.1272777667808875,-0.7074175404997036,-0.9532903827949687,-0.15004601240671953,-1.2887906141098602
2024-11-27 03:45:00,-1.0155348745327946,-0.9674510461332897,-1.0333115990304869,0.39678970502044375,-1.1637718782481747
2024-11-27 04:00:00,-1.2390206590289803,-0.7074175404997036,-1.0333115990304869,1.5816004261126306,-1.0566129617953015
2024-11-27 04:15:00,-0.5909118839900412,0.15936081161224971,-1.0333115990304869,-0.3323245848824406,-0.7351362124366817
2024-11-27 04:30:00,-0.7250033546877528,-0.44738403486611766,-0.7932479503239322,-0.7880210160717432,-1.003033503568865
2024-11-27 04:45:00,0.25833409709546523,-0.3607061996549223,-0.47316308538185947,-0.3323245848824406,-0.03860325549300547
2024-11-27 05:00:00,0.325379832444321,0.5060721524570311,-0.5531843016173776,-0.6968817298338827,0.10427529977749221
2024-11-27 05:15:00,-0.27803178569538095,-0.1006726940213363,-0.47316308538185947,-0.3323245848824406,-0.4136594630780619
2024-11-27 05:30:00,0.16893978329699086,0.4193943172458357,-0.5531843016173776,-0.5146031573581616,-0.0028836166753810535
2024-11-27 05:45:00,0.25833409709546523,0.6794278228794217,-0.7132267340884141,-0.5146031573581616,0.08641548036867999
2024-11-27 06:00:00,0.23598551864584666,0.15936081161224971,-0.9532903827949687,-0.6057424435960223,-0.11004253312825431
2024-11-27 06:15:00,-0.166288893447288,0.15936081161224971,-1.0333115990304869,-0.3323245848824406,-0.3957996436692497
2024-11-27 06:30:00,-0.18863747189690658,0.5060721524570311,-0.47316308538185947,-0.5146031573581616,-0.252921088398752
2024-11-27 06:45:00,0.325379832444321,0.3327164820346404,-1.0333115990304869,-0.7880210160717432,-0.056463074901817685
2024-11-27 07:00:00,-0.6132604624396598,-0.44738403486611766,-0.9532903827949687,-0.5146031573581616,-0.8958745871159915
2024-11-27 07:15:00,-0.27803178569538095,0.6794278228794217,-0.5531843016173776,-0.6057424435960223,-0.3243603660340008
2024-11-27 07:30:00,-0.7920490900366085,-0.27402836444372697,-0.47316308538185947,-0.7880210160717432,-0.9494540453424282
2024-11-27 07:45:00,-0.3450775210442367,0.5927499876682264,-0.7132267340884141,-0.7880210160717432,-0.4672389213044985
2024-11-27 08:00:00,-0.7697005115869899,0.15936081161224971,-0.7932479503239322,-0.42346387112030115,-0.8422951288895549
2024-11-27 08:15:00,-0.8367462469358458,0.5060721524570311,-0.6332055178528959,-0.7880210160717432,-0.8601549482983671
2024-11-27 08:30:00,-0.7697005115869899,0.24603864682344503,-0.7132267340884141,-0.6057424435960223,-0.8422951288895549
2024-11-27 08:45:00,-0.3003803641449995,0.5927499876682264,-1.0333115990304869,-0.7880210160717432,-0.5029585601221229
2024-11-27 09:00:00,-0.5238661486411854,-0.27402836444372697,-0.8732691665594505,-0.5146031573581616,-0.7708558512543061
2024-11-27 09:15:00,1.912128902367241,3.7131520552712582,1.1272612393285046,-1.5171353059746275,2.2474536288349576
2024-11-27 09:30:00,2.5602376774061804,4.926641748227993,1.287303671799541,-1.6082745922124881,3.033285682822695
2024-11-27 09:45:00,1.8674317454680038,2.4996623623145235,0.8071763743864319,-1.4259960197367672,1.9081170600675255
2024-11-27 10:00:00,2.2697061575611386,4.146541231327235,1.1272612393285046,-1.4259960197367672,2.640369655828826
2024-11-27 10:15:00,1.532203068723725,2.846373703159305,0.7271551581509137,-1.4259960197367672,1.6937992271617788
2024-11-27 10:30:00,2.5602376774061804,4.319896901749626,1.0472400230929866,-1.3348567334989065,2.9082669469610094
2024-11-27 10:45:00,2.023871794615334,3.626474220060063,0.9672188068574683,-1.4259960197367672,2.3010330870613944
2024-11-27 11:00:00,2.359100471359613,4.146541231327235,0.40707029320884086,-1.6082745922124881,2.515350919967141
2024-11-27 11:15:00,2.4261462067084687,3.539796384848868,-0.23309943667530483,-1.4259960197367672,2.336752725879019
2024-11-27 11:30:00,1.9791746377160968,4.23321906653843,0.24702786073780442,-1.4259960197367672,2.229593809426145
2024-11-27 11:45:00,2.135614686863427,3.539796384848868,-0.1530782204397866,-1.6082745922124881,2.0867152541556475
2024-11-27 12:00:00,1.8450831670183852,3.106407208792891,0.006964212031249799,-1.5171353059746275,1.8188179630234644
2024-11-27 12:15:00,1.576900225622962,4.146541231327235,1.1272612393285046,-1.5171353059746275,2.068855434746835
2024-11-27 12:30:00,1.7333402747702922,4.839963913016797,0.24702786073780442,-1.6994138784503487,2.1045750735644595
2024-11-27 12:45:00,1.9344774808168597,3.366440714426477,0.7271551581509137,-1.5171353059746275,2.1045750735644595
2024-11-27 13:00:00,1.4875059118244878,3.9731855609048443,0.16700664450228622,-1.3348567334989065,1.78309832420584
2024-11-27 13:15:00,2.0015232161657153,3.9731855609048443,0.16700664450228622,-1.3348567334989065,2.1938741706085207
2024-11-27 13:30:00,1.7556888532199109,4.319896901749626,-0.0730570042042684,-1.4259960197367672,1.9974161571115865
2024-11-27 13:45:00,2.135614686863427,3.366440714426477,0.5671127256798772,-1.6082745922124881,2.211733990017333
2024-11-27 14:00:00,1.5992488040725807,2.9330515383705005,0.006964212031249799,-1.5171353059746275,1.5866403107089055
2024-11-27 14:15:00,1.8674317454680038,4.23321906653843,0.24702786073780442,-1.6082745922124881,2.1045750735644595
2024-11-27 14:30:00,2.068568951514571,2.9330515383705005,0.5671127256798772,-1.6082745922124881,2.068855434746835
2024-11-27 14:45:00,1.532203068723725,4.579930407383212,0.7271551581509137,-1.6994138784503487,1.9974161571115865
2024-11-27 15:00:00,1.532203068723725,4.579930407383212,-0.23309943667530483,-1.5171353059746275,1.8188179630234644
2024-11-27 15:15:00,0.16893978329699086,1.026139163724203,-0.7132267340884141,-1.6994138784503487,-0.14576217194587873
2024-11-27 15:30:00,-0.03219742274957645,0.9394613285130077,0.6471339419153954,-1.6082745922124881,-0.0028836166753810535
2024-11-27 15:45:00,-0.32272894259461815,1.286172669357789,0.9672188068574683,-1.5171353059746275,-0.0743228943106299
2024-11-27 16:00:00,0.325379832444321,0.8527834933018124,0.32704907697332264,-1.6994138784503487,0.17571457741274105
2024-11-27 16:15:00,-0.09924315809843222,1.1994948341465936,-0.39314186914634125,-1.6994138784503487,-0.252921088398752
2024-11-27 16:30:00,0.21363694019622806,1.026139163724203,-0.39314186914634125,-1.6994138784503487,-0.03860325549300547
2024-11-27 16:45:00,0.3700769893435582,0.6794278228794217,0.16700664450228622,-1.5171353059746275,0.17571457741274105
2024-11-27 17:00:00,-0.27803178569538095,1.3728505045689845,0.6471339419153954,-1.6082745922124881,-0.11004253312825431
2024-11-27 17:15:00,0.05719689104889791,1.4595283397801795,0.08698542826676801,-1.6994138784503487,0.03283602214224337
2024-11-27 17:30:00,-0.05454600119919504,1.3728505045689845,0.7271551581509137,-1.6994138784503487,0.06855566095986779
2024-11-27 17:45:00,0.23598551864584666,1.546206174991375,0.5671127256798772,-1.6082745922124881,0.31859313268323874
2024-11-27 18:00:00,0.012499734149660732,0.9394613285130077,-0.23309943667530483,-1.6994138784503487,-0.18148181076350314
2024-11-27 18:15:00,-0.3450775210442367,0.9394613285130077,-0.9532903827949687,-1.6994138784503487,-0.6279772959838084
2024-11-27 18:30:00,-0.12159173654805082,1.4595283397801795,0.7271551581509137,-1.5171353059746275,0.06855566095986779
2024-11-27 18:45:00,0.21363694019622806,1.1994948341465936,-0.1530782204397866,-1.6994138784503487,0.050695841551055575
2024-11-27 19:00:00,0.3477284108939396,0.8527834933018124,0.40707029320884086,-1.5171353059746275,0.2471538550479899
2024-11-27 19:15:00,-0.7250033546877528,-0.534061870077313,-1.0333115990304869,-1.3348567334989065,-1.181631697656987
2024-11-27 19:30:00,-0.9931862960831759,-0.6207397052885083,-0.5531843016173776,-0.3323245848824406,-1.1101924200217381
2024-11-27 19:45:00,-0.9708377176335573,-0.44738403486611766,-0.9532903827949687,-1.5171353059746275,-1.3780897111539212
2024-11-27 20:00:00,-0.7697005115869899,-0.534061870077313,-1.0333115990304869,-0.3323245848824406,-1.020893322977677
2024-11-27 20:15:00,-0.5462147270908041,-0.3607061996549223,-0.7932479503239322,-1.5171353059746275,-0.9851736841600526
2024-11-27 20:30:00,-0.9261405607343202,-0.534061870077313,-0.6332055178528959,-0.6968817298338827,-1.1280522394305503
2024-11-27 20:45:00,-0.4568204132923297,-0.534061870077313,-0.5531843016173776,-0.7880210160717432,-0.7529960318454939
2024-11-27 21:00:00,-0.9261405607343202,-0.1006726940213363,-0.5531843016173776,-1.5171353059746275,-1.181631697656987
2024-11-27 21:15:00,-0.4121232563930925,-0.534061870077313,-0.8732691665594505,-0.6057424435960223,-0.7529960318454939
2024-11-27 21:30:00,-0.4344718348427111,-0.9674510461332897,-0.9532903827949687,-1.3348567334989065,-1.020893322977677
2024-11-27 21:45:00,-0.8814434038350829,-0.7940953757108989,-0.8732691665594505,-1.4259960197367672,-1.3423700723362968
2024-11-27 22:00:00,-1.0155348745327946,-0.7074175404997036,-1.0333115990304869,1.8550182848262124,-0.8244353094807427
2024-11-27 22:15:00,-1.0155348745327946,-0.9674510461332897,-0.9532903827949687,0.7613468499718858,-1.0744727812041137
2024-11-27 22:30:00,-1.037883452982413,-1.054128881344485,-0.9532903827949687,-0.15004601240671953,-1.2887906141098602
2024-11-27 22:45:00,-1.2166720805793618,-0.7940953757108989,-0.9532903827949687,0.03223256006900157,-1.3423700723362968
2024-11-27 23:00:00,-1.0825806098816502,-0.6207397052885083,-0.9532903827949687,1.125903994923328,-0.9851736841600526
2024-11-27 23:15:00,-1.037883452982413,-0.7074175404997036,-1.0333115990304869,-0.6057424435960223,-1.3245102529274846
2024-11-27 23:30:00,-1.2166720805793618,-0.9674510461332897,-1.0333115990304869,1.7638789985883518,-1.0566129617953015
2024-11-27 23:45:00,-1.1943235021297431,-1.054128881344485,-1.0333115990304869,-0.15004601240671953,-1.4316691693803578
2024-11-28 00:00:00,-1.0602320314320317,-1.054128881344485,-1.0333115990304869,0.7613468499718858,-1.1459120588393625
2024-11-28 00:15:00,-1.037883452982413,-0.7074175404997036,-1.0333115990304869,-0.42346387112030115,-1.2887906141098602
2024-11-28 00:30:00,-1.1719749236801247,-0.8807732109220944,-1.0333115990304869,0.8524861362097464,-1.181631697656987
2024-11-28 00:45:00,-1.0602320314320317,-0.7074175404997036,-0.9532903827949687,0.39678970502044375,-1.1280522394305503
2024-11-28 01:00:00,-1.0155348745327946,-1.054128881344485,-1.0333115990304869,-0.6968817298338827,-1.3959495305627334
2024-11-28 01:15:00,-1.2166720805793618,-0.7074175404997036,-0.9532903827949687,0.3056504187825832,-1.270930794701048
2024-11-28 01:30:00,-1.1272777667808875,-0.8807732109220944,-1.0333115990304869,-0.058906726168858975,-1.3245102529274846
2024-11-28 01:45:00,-1.1049291883312689,-0.7940953757108989,-1.0333115990304869,1.3993218536369096,-1.003033503568865
2024-11-28 02:00:00,-1.2166720805793618,-0.8807732109220944,-1.0333115990304869,-0.058906726168858975,-1.3959495305627334
2024-11-28 02:15:00,-1.0825806098816502,-0.7074175404997036,-0.9532903827949687,1.7638789985883518,-0.8780147677071793
2024-11-28 02:30:00,-1.0155348745327946,-0.7074175404997036,-0.9532903827949687,0.8524861362097464,-1.003033503568865
2024-11-28 02:45:00,-1.037883452982413,-1.054128881344485,-0.9532903827949687,1.6727397123504912,-0.931594225933616
2024-11-28 03:00:00,-1.2390206590289803,-0.8807732109220944,-0.9532903827949687,1.3993218536369096,-1.1101924200217381
2024-11-28 03:15:00,-1.037883452982413,-1.054128881344485,-1.0333115990304869,-0.15004601240671953,-1.3066504335186724
2024-11-28 03:30:00,-1.1272777667808875,-1.054128881344485,-1.0333115990304869,1.0347647086854674,-1.1459120588393625
2024-11-28 03:45:00,-1.2390206590289803,-0.8807732109220944,-1.0333115990304869,1.125903994923328,-1.181631697656987
2024-11-28 04:00:00,-1.0602320314320317,-0.7940953757108989,-1.0333115990304869,-0.15004601240671953,-1.270930794701048
2024-11-28 04:15:00,0.7053056660878371,0.8527834933018124,-0.7132267340884141,-0.058906726168858975,0.5686306044066096
2024-11-28 04:30:00,1.0181857643824974,-0.013994858810140965,-0.313120652910823,-0.15004601240671953,0.7115091596771074
2024-11-28 04:45:00,0.9511400290336416,-0.18735052923253165,-0.6332055178528959,-0.15004601240671953,0.5507707849977974
2024-11-28 05:00:00,0.19128836174660946,1.026139163724203,-0.23309943667530483,0.12337184630686211,0.33645295209205095
2024-11-28 05:15:00,1.085231499731353,-0.7074175404997036,-0.39314186914634125,0.12337184630686211,0.6579297014506708
2024-11-28 05:30:00,0.5712141953901255,0.3327164820346404,-0.6332055178528959,-0.6968817298338827,0.2471538550479899
2024-11-28 05:45:00,0.012499734149660732,-0.7940953757108989,-0.313120652910823,0.03223256006900157,-0.21720144958112758
2024-11-28 06:00:00,0.8617457152351672,1.7195618454137656,0.8071763743864319,-1.243717447261046,0.9794064508092905
2024-11-28 06:15:00,1.3981115980260135,0.5060721524570311,1.4473461042705773,-1.4259960197367672,1.2651635613502858
2024-11-28 06:30:00,1.3757630195763948,1.026139163724203,1.1272612393285046,-1.6994138784503487,1.2294439225326614
2024-11-28 06:45:00,1.4428087549252506,1.6328840102025703,0.7271551581509137,-1.6994138784503487,1.3187430195767225
2024-11-28 07:00:00,0.9511400290336416,0.07268297640105437,2.007494617919205,-1.6082745922124881,0.9079671731740416
2024-11-28 07:15:00,1.1299286566305904,0.8527834933018124,1.9274734016836867,-1.5171353059746275,1.2115841031238492
2024-11-28 07:30:00,1.7333402747702922,1.3728505045689845,1.1272612393285046,-1.3348567334989065,1.6580795883441544
2024-11-28 07:45:00,1.1746258135298275,1.7195618454137656,0.6471339419153954,-1.243717447261046,1.193724283715037
2024-11-28 08:00:00,1.2416715488786834,1.9795953510473516,1.5273673205060956,-1.6994138784503487,1.4080421166207835
2024-11-28 08:15:00,0.9734886074832602,1.3728505045689845,2.087515834154723,-1.5171353059746275,1.2294439225326614
2024-11-28 08:30:00,1.5545516471733436,-0.1006726940213363,0.8071763743864319,-1.243717447261046,1.1580046448974126
2024-11-28 08:45:00,0.7723514014366928,1.546206174991375,1.287303671799541,-1.5171353059746275,0.9258269925828538
2024-11-28 09:00:00,1.6215973825221994,1.7195618454137656,1.0472400230929866,-1.3348567334989065,1.62235994952653
2024-11-28 09:15:00,-0.8143976684862272,-0.27402836444372697,0.6471339419153954,0.39678970502044375,-0.4850987407133107
2024-11-28 09:30:00,-0.657957619338897,0.4193943172458357,-0.47316308538185947,1.0347647086854674,-0.342220185442813
2024-11-28 09:45:00,-0.5238661486411854,-0.27402836444372697,1.9274734016836867,0.8524861362097464,0.12213511918630442
2024-11-28 10:00:00,0.325379832444321,-0.534061870077313,-0.0730570042042684,-1.1525781610231856,-0.0921827137194421
2024-11-28 10:15:00,-0.6356090408892784,0.766105658090617,1.207282455564023,-1.1525781610231856,-0.3065005466251886
2024-11-28 10:30:00,-0.47916899174194827,0.4193943172458357,1.1272612393285046,1.0347647086854674,0.15785475800392884
2024-11-28 10:45:00,-0.9037919822847015,-0.013994858810140965,0.006964212031249799,-1.243717447261046,-0.9673138647512404
2024-11-28 11:00:00,-0.657957619338897,-0.27402836444372697,-0.313120652910823,1.0347647086854674,-0.4493791018956863
2024-11-28 11:15:00,-0.05454600119919504,-0.44738403486611766,-0.23309943667530483,0.9436254224476069,-0.0028836166753810535
2024-11-28 11:30:00,-1.0155348745327946,-0.6207397052885083,0.006964212031249799,0.3056504187825832,-0.8780147677071793
2024-11-28 11:45:00,-0.27803178569538095,-0.3607061996549223,-0.5531843016173776,0.39678970502044375,-0.342220185442813
2024-11-28 12:00:00,-0.5462147270908041,-0.44738403486611766,-0.6332055178528959,0.6702075637340253,-0.5386781989397473
2024-11-28 12:15:00,-0.657957619338897,-0.27402836444372697,0.006964212031249799,0.9436254224476069,-0.3957996436692497
2024-11-28 12:30:00,-0.00984884429995786,-0.18735052923253165,-0.39314186914634125,0.3056504187825832,-0.0743228943106299
2024-11-28 12:45:00,-0.23333462879614378,-0.534061870077313,-0.6332055178528959,0.7613468499718858,-0.2886407272163764
2024-11-28 13:00:00,-0.05454600119919504,-0.3607061996549223,0.16700664450228622,1.0347647086854674,0.12213511918630442
2024-11-28 13:15:00,-1.037883452982413,1.1994948341465936,1.5273673205060956,-0.058906726168858975,-0.252921088398752
2024-11-28 13:30:00,0.4147741462427954,-0.1006726940213363,-0.1530782204397866,-0.8791603023096038,0.10427529977749221
2024-11-28 13:45:00,0.9958371859328787,0.9394613285130077,1.687409752977132,-0.8791603023096038,1.193724283715037
2024-11-28 14:00:00,-0.4344718348427111,0.6794278228794217,0.40707029320884086,-1.243717447261046,-0.3600800048516252
2024-11-28 14:15:00,0.03484831259927933,-0.013994858810140965,-0.23309943667530483,0.12337184630686211,-0.0028836166753810535
2024-11-28 14:30:00,-0.5238661486411854,1.1128169989353984,0.5671127256798772,0.03223256006900157,-0.056463074901817685
2024-11-28 14:45:00,0.4818198815916512,0.4193943172458357,0.40707029320884086,-1.1525781610231856,0.33645295209205095
2024-11-28 15:00:00,-0.4568204132923297,1.026139163724203,1.4473461042705773,-0.6968817298338827,0.03283602214224337
2024-11-28 15:15:00,0.325379832444321,1.1994948341465936,1.7674309692126502,-1.1525781610231856,0.675789520859483
2024-11-28 15:30:00,0.3924255677931768,0.5060721524570311,-0.5531843016173776,-0.3323245848824406,0.22929403563917766
2024-11-28 15:45:00,0.05719689104889791,0.5927499876682264,0.16700664450228622,-0.6968817298338827,0.06855566095986779
2024-11-28 16:00:00,0.7946999798863115,2.1529510214697423,2.807706780274387,-0.8791603023096038,1.533060852482469
2024-11-28 16:15:00,1.8674317454680038,1.7195618454137656,1.287303671799541,-0.7880210160717432,1.9795563377027743
2024-11-28 16:30:00,1.576900225622962,0.766105658090617,1.6073885367416139,-0.8791603023096038,1.6045001301177177
2024-11-28 16:45:00,0.8840942936847858,0.6794278228794217,0.8071763743864319,-1.061438874785325,0.8186680761299806
2024-11-28 17:00:00,1.3310658626771577,-0.013994858810140965,0.5671127256798772,-0.9702995885474643,0.9972662702181027
2024-11-28 17:15:00,1.3310658626771577,0.15936081161224971,1.0472400230929866,-1.243717447261046,1.0865653672621638
2024-11-28 17:30:00,1.1746258135298275,1.3728505045689845,0.8071763743864319,-0.9702995885474643,1.2115841031238492
2024-11-28 17:45:00,1.085231499731353,1.7195618454137656,2.5676431315678325,-1.1525781610231856,1.5687804913000933
2024-11-28 18:00:00,1.2863687057779205,2.1529510214697423,2.6476643478033504,-0.9702995885474643,1.872397421249901
2024-11-28 18:15:00,1.1075800781809717,0.9394613285130077,0.7271551581509137,-1.061438874785325,1.0329859090357272
2024-11-28 18:30:00,1.0181857643824974,1.1128169989353984,1.7674309692126502,-0.7880210160717432,1.283023380759098
2024-11-28 18:45:00,0.012499734149660732,-0.3607061996549223,-0.1530782204397866,-0.8791603023096038,-0.2707809078075642
2024-11-28 19:00:00,0.8393971367855486,-0.013994858810140965,0.32704907697332264,0.39678970502044375,0.8186680761299806
2024-11-28 19:15:00,0.6382599307389812,0.15936081161224971,0.08698542826676801,0.48792899125830425,0.6579297014506708
2024-11-28 19:30:00,0.8840942936847858,0.9394613285130077,0.16700664450228622,-0.058906726168858975,0.9258269925828538
2024-11-28 19:45:00,-0.27803178569538095,0.8527834933018124,0.08698542826676801,1.4904611398747702,0.2650136744568021
2024-11-28 20:00:00,0.19128836174660946,-0.18735052923253165,-0.0730570042042684,1.2170432811611887,0.33645295209205095
2024-11-28 20:15:00,0.12424262639775369,1.026139163724203,0.16700664450228622,0.6702075637340253,0.4793315073625486
2024-11-28 20:30:00,-0.09924315809843222,0.766105658090617,0.16700664450228622,1.2170432811611887,0.35431277150086316
2024-11-28 20:45:00,0.7946999798863115,1.1128169989353984,0.40707029320884086,-0.9702995885474643,0.765088617903544
2024-11-28 21:00:00,0.8617457152351672,0.8527834933018124,-0.23309943667530483,-0.42346387112030115,0.7293689790859196
2024-11-28 21:15:00,0.30303125399470243,0.6794278228794217,0.16700664450228622,-0.058906726168858975,0.40789222972729977
2024-11-28 21:30:00,0.1018940479481351,0.6794278228794217,-0.1530782204397866,-0.42346387112030115,0.10427529977749221
2024-11-28 21:45:00,0.19128836174660946,0.3327164820346404,0.08698542826676801,1.3993218536369096,0.515051146180173
2024-11-28 22:00:00,-1.0155348745327946,-0.6207397052885083,-1.0333115990304869,0.21451113254472265,-1.1280522394305503
2024-11-28 22:15:00,-1.1049291883312689,-1.054128881344485,-1.0333115990304869,1.5816004261126306,-1.020893322977677
2024-11-28 22:30:00,-1.149626345230506,-0.7940953757108989,-1.0333115990304869,0.12337184630686211,-1.2887906141098602
2024-11-28 22:45:00,-1.149626345230506,-0.9674510461332897,-0.9532903827949687,1.0347647086854674,-1.1280522394305503
2024-11-28 23:00:00,-1.0825806098816502,-1.054128881344485,-0.9532903827949687,-0.6057424435960223,-1.4138093499715456
2024-11-28 23:15:00,-1.149626345230506,-1.054128881344485,-1.0333115990304869,-0.42346387112030115,-1.44952898878917
2024-11-28 23:30:00,-1.0602320314320317,-0.6207397052885083,-1.0333115990304869,1.9461575710640728,-0.8244353094807427
2024-11-28 23:45:00,-1.0825806098816502,-0.8807732109220944,-1.0333115990304869,-0.058906726168858975,-1.2887906141098602
2024-11-29 00:00:00,-1.149626345230506,-0.9674510461332897,-0.9532903827949687,1.4904611398747702,-1.0387531423864893
2024-11-29 00:15:00,-1.149626345230506,-0.8807732109220944,-0.9532903827949687,0.6702075637340253,-1.181631697656987
2024-11-29 00:30:00,-1.1049291883312689,-1.054128881344485,-0.9532903827949687,1.6727397123504912,-0.9851736841600526
2024-11-29 00:45:00,-1.149626345230506,-0.7074175404997036,-0.9532903827949687,1.2170432811611887,-1.0387531423864893
2024-11-29 01:00:00,-1.037883452982413,-0.6207397052885083,-1.0333115990304869,-0.6057424435960223,-1.3066504335186724
2024-11-29 01:15:00,-1.2166720805793618,-1.054128881344485,-0.9532903827949687,1.125903994923328,-1.181631697656987
2024-11-29 01:30:00,-1.1943235021297431,-1.054128881344485,-1.0333115990304869,1.2170432811611887,-1.1637718782481747
2024-11-29 01:45:00,-1.1943235021297431,-0.7940953757108989,-1.0333115990304869,1.2170432811611887,-1.1101924200217381
2024-11-29 02:00:00,-1.0602320314320317,-0.7074175404997036,-0.9532903827949687,1.125903994923328,-0.9851736841600526
2024-11-29 02:15:00,-1.0825806098816502,-0.7074175404997036,-0.9532903827949687,0.12337184630686211,-1.1994915170657992
2024-11-29 02:30:00,-1.0825806098816502,-1.054128881344485,-1.0333115990304869,0.3056504187825832,-1.2530709752922358
2024-11-29 02:45:00,-1.037883452982413,-0.8807732109220944,-0.9532903827949687,-0.6057424435960223,-1.3423700723362968
2024-11-29 03:00:00,-1.0602320314320317,-0.8807732109220944,-0.9532903827949687,0.03223256006900157,-1.2352111558834236
2024-11-29 03:15:00,-1.037883452982413,-0.6207397052885083,-1.0333115990304869,0.6702075637340253,-1.0566129617953015
2024-11-29 03:30:00,-1.037883452982413,-0.6207397052885083,-0.9532903827949687,1.4904611398747702,-0.8780147677071793
2024-11-29 03:45:00,-1.0602320314320317,-1.054128881344485,-1.0333115990304869,0.12337184630686211,-1.270930794701048
2024-11-29 04:00:00,-1.1049291883312689,-1.054128881344485,-1.0333115990304869,1.0347647086854674,-1.1280522394305503
2024-11-29 04:15:00,1.085231499731353,1.546206174991375,-0.313120652910823,-1.061438874785325,0.9079671731740416
2024-11-29 04:30:00,0.81704855833593,0.4193943172458357,-0.8732691665594505,-0.42346387112030115,0.4614716879537364
2024-11-29 04:45:00,-0.23333462879614378,-0.7074175404997036,-0.47316308538185947,-0.5146031573581616,-0.5386781989397473
2024-11-29 05:00:00,0.3700769893435582,-0.8807732109220944,-0.7132267340884141,-0.42346387112030115,-0.12790235253706653
2024-11-29 05:15:00,0.012499734149660732,0.3327164820346404,-0.313120652910823,0.03223256006900157,0.014976202733431157
2024-11-29 05:30:00,0.45947130314203255,-0.6207397052885083,-0.9532903827949687,-0.5146031573581616,-0.0743228943106299
2024-11-29 05:45:00,0.9511400290336416,1.026139163724203,-0.8732691665594505,0.03223256006900157,0.7829484373123562
2024-11-29 06:00:00,1.0405343428321159,1.546206174991375,1.0472400230929866,-1.6994138784503487,1.0508457284445394
2024-11-29 06:15:00,1.8227345885687667,1.6328840102025703,2.6476643478033504,-1.6994138784503487,2.050995615338023
2024-11-29 06:30:00,1.1299286566305904,0.6794278228794217,2.167537050390241,-1.5171353059746275,1.2294439225326614
2024-11-29 06:45:00,1.6215973825221994,0.07268297640105437,0.6471339419153954,-1.243717447261046,1.2115841031238492
2024-11-29 07:00:00,1.4875059118244878,1.1128169989353984,2.167537050390241,-1.5171353059746275,1.6045001301177177
2024-11-29 07:15:00,1.308717284227539,0.15936081161224971,1.4473461042705773,-1.3348567334989065,1.1401448254886004
2024-11-29 07:30:00,0.9064428721344044,1.286172669357789,0.9672188068574683,-1.6082745922124881,0.8901073537652294
2024-11-29 07:45:00,0.8617457152351672,1.026139163724203,1.287303671799541,-1.243717447261046,0.943686811991666
2024-11-29 08:00:00,1.6662945394214366,1.6328840102025703,0.6471339419153954,-1.3348567334989065,1.5509206718912811
2024-11-29 08:15:00,1.2416715488786834,1.9795953510473516,1.9274734016836867,-1.4259960197367672,1.5509206718912811
2024-11-29 08:30:00,1.5545516471733436,0.9394613285130077,1.9274734016836867,-1.243717447261046,1.62235994952653
2024-11-29 08:45:00,1.8674317454680038,0.6794278228794217,1.3673248880350592,-1.243717447261046,1.6937992271617788
2024-11-29 09:00:00,1.1522772350802089,0.15936081161224971,2.087515834154723,-1.6994138784503487,1.0865653672621638
2024-11-29 09:15:00,-0.5909118839900412,-0.3607061996549223,0.8071763743864319,-0.5146031573581616,-0.4672389213044985
2024-11-29 09:30:00,-0.5685633055404227,0.15936081161224971,0.40707029320884086,0.21451113254472265,-0.2886407272163764
2024-11-29 09:45:00,-0.3674260994938553,-0.9674510461332897,1.7674309692126502,-0.058906726168858975,-0.11004253312825431
2024-11-29 10:00:00,-0.6132604624396598,-0.013994858810140965,1.7674309692126502,0.5790682774961649,0.014976202733431157
2024-11-29 10:15:00,-0.8814434038350829,0.24603864682344503,0.9672188068574683,-1.1525781610231856,-0.6636969348014328
2024-11-29 10:30:00,0.6159113522893627,0.15936081161224971,-0.23309943667530483,0.5790682774961649,0.5864904238154218
2024-11-29 10:45:00,-0.2556832072457624,1.026139163724203,1.9274734016836867,0.12337184630686211,0.4614716879537364
2024-11-29 11:00:00,-0.7473519331373714,-0.534061870077313,-0.23309943667530483,0.39678970502044375,-0.681556754210245
2024-11-29 11:15:00,-0.5015175701915668,-0.44738403486611766,-0.0730570042042684,0.39678970502044375,-0.4315192824868741
2024-11-29 11:30:00,-0.9484891391839387,-0.534061870077313,0.16700664450228622,0.12337184630686211,-0.8065754900719305
2024-11-29 11:45:00,-0.8814434038350829,-0.6207397052885083,-0.39314186914634125,0.5790682774961649,-0.8065754900719305
2024-11-29 12:00:00,-0.23333462879614378,-0.44738403486611766,-0.39314186914634125,0.7613468499718858,-0.21720144958112758
2024-11-29 12:15:00,0.1018940479481351,-0.18735052923253165,-0.39314186914634125,0.5790682774961649,0.06855566095986779
2024-11-29 12:30:00,0.012499734149660732,-0.18735052923253165,-0.7932479503239322,0.9436254224476069,-0.020743436084193264
2024-11-29 12:45:00,0.012499734149660732,-0.44738403486611766,0.16700664450228622,0.6702075637340253,0.08641548036867999
2024-11-29 13:00:00,-0.4344718348427111,-0.534061870077313,-0.47316308538185947,0.21451113254472265,-0.5208183795309351
2024-11-29 13:15:00,-0.4121232563930925,1.1994948341465936,-0.5531843016173776,0.12337184630686211,-0.18148181076350314
2024-11-29 13:30:00,0.21363694019622806,0.6794278228794217,-0.47316308538185947,-0.6968817298338827,0.06855566095986779
2024-11-29 13:45:00,0.23598551864584666,1.4595283397801795,0.16700664450228622,0.03223256006900157,0.5329109655889852
2024-11-29 14:00:00,-0.21098605034652518,0.15936081161224971,2.007494617919205,-0.6057424435960223,0.19357439682155325
2024-11-29 14:15:00,-1.037883452982413,1.1994948341465936,1.8474521854481685,-0.15004601240671953,-0.19934163017231535
2024-11-29 14:30:00,-0.8143976684862272,0.5060721524570311,-0.23309943667530483,-0.8791603023096038,-0.7708558512543061
2024-11-29 14:45:00,-1.1272777667808875,-0.013994858810140965,0.40707029320884086,-0.3323245848824406,-0.8780147677071793
2024-11-29 15:00:00,-0.27803178569538095,1.286172669357789,1.1272612393285046,-0.15004601240671953,0.2650136744568021
2024-11-29 15:15:00,0.6606085091885999,0.8527834933018124,1.207282455564023,-0.8791603023096038,0.8008082567211684
2024-11-29 15:30:00,-0.8590948253854643,1.286172669357789,1.5273673205060956,-0.7880210160717432,-0.2350612689899398
2024-11-29 15:45:00,0.05719689104889791,1.3728505045689845,1.4473461042705773,-0.3323245848824406,0.5864904238154218
2024-11-29 16:00:00,1.2193229704290647,0.15936081161224971,0.9672188068574683,-0.9702995885474643,1.0329859090357272
2024-11-29 16:15:00,1.7556888532199109,1.3728505045689845,0.8871975906219501,-0.9702995885474643,1.6937992271617788
2024-11-29 16:30:00,1.0405343428321159,1.6328840102025703,2.407600699096796,-0.9702995885474643,1.5152010330736567
2024-11-29 16:45:00,1.8674317454680038,1.3728505045689845,0.5671127256798772,-0.7880210160717432,1.7473786853882156
2024-11-29 17:00:00,1.465157333374869,1.4595283397801795,1.687409752977132,-0.9702995885474643,1.6580795883441544
2024-11-29 17:15:00,0.8617457152351672,1.6328840102025703,2.2475582666257594,-0.8791603023096038,1.3544626583943469
2024-11-29 17:30:00,1.688643117871055,1.546206174991375,1.1272612393285046,-1.061438874785325,1.711659046570591
2024-11-29 17:45:00,1.1522772350802089,-0.18735052923253165,2.7276855640388686,-0.8791603023096038,1.3187430195767225
2024-11-29 18:00:00,1.0405343428321159,0.07268297640105437,1.9274734016836867,-1.1525781610231856,1.0508457284445394
2024-11-29 18:15:00,1.3757630195763948,2.4129845271033283,2.087515834154723,-0.9702995885474643,1.872397421249901
2024-11-29 18:30:00,1.465157333374869,0.24603864682344503,1.4473461042705773,-1.1525781610231856,1.3187430195767225
2024-11-29 18:45:00,0.012499734149660732,-0.3607061996549223,-0.23309943667530483,-0.6968817298338827,-0.252921088398752
2024-11-29 19:00:00,-0.09924315809843222,0.9394613285130077,0.40707029320884086,1.3993218536369096,0.4793315073625486
2024-11-29 19:15:00,-0.23333462879614378,1.1128169989353984,0.006964212031249799,0.6702075637340253,0.17571457741274105
2024-11-29 19:30:00,0.437122724692414,0.9394613285130077,0.5671127256798772,-1.1525781610231856,0.4436118685449242
2024-11-29 19:45:00,0.21363694019622806,0.6794278228794217,0.487091509444359,0.03223256006900157,0.425752049136112
2024-11-29 20:00:00,-0.166288893447288,0.4193943172458357,0.5671127256798772,0.3056504187825832,0.13999493859511664
2024-11-29 20:15:00,-0.12159173654805082,0.9394613285130077,-0.1530782204397866,0.6702075637340253,0.19357439682155325
2024-11-29 20:30:00,0.325379832444321,0.766105658090617,-0.1530782204397866,-1.061438874785325,0.17571457741274105
2024-11-29 20:45:00,0.19128836174660946,-0.27402836444372697,0.08698542826676801,1.4904611398747702,0.40789222972729977
2024-11-29 21:00:00,-0.18863747189690658,0.15936081161224971,-0.1530782204397866,-0.24118529864458005,-0.19934163017231535
2024-11-29 21:15:00,0.16893978329699086,-0.27402836444372697,0.006964212031249799,-1.243717447261046,-0.16362199135469094
2024-11-29 21:30:00,0.325379832444321,1.1128169989353984,0.487091509444359,0.6702075637340253,0.7293689790859196
2024-11-29 21:45:00,0.3700769893435582,0.07268297640105437,-0.0730570042042684,0.21451113254472265,0.33645295209205095
2024-11-29 22:00:00,-1.1272777667808875,-0.7074175404997036,-1.0333115990304869,0.7613468499718858,-1.1280522394305503
2024-11-29 22:15:00,-1.0155348745327946,-0.8807732109220944,-1.0333115990304869,0.9436254224476069,-1.0387531423864893
2024-11-29 22:30:00,-1.1943235021297431,-0.8807732109220944,-1.0333115990304869,1.8550182848262124,-1.003033503568865
2024-11-29 22:45:00,-1.2390206590289803,-0.7074175404997036,-0.9532903827949687,-0.5146031573581616,-1.44952898878917
2024-11-29 23:00:00,-1.1049291883312689,-1.054128881344485,-0.9532903827949687,0.9436254224476069,-1.1280522394305503
2024-11-29 23:15:00,-1.0602320314320317,-1.054128881344485,-1.0333115990304869,1.3993218536369096,-1.020893322977677
2024-11-29 23:30:00,-1.2166720805793618,-0.6207397052885083,-0.9532903827949687,0.03223256006900157,-1.3066504335186724
2024-11-29 23:45:00,-1.1049291883312689,-0.9674510461332897,-1.0333115990304869,-0.6057424435960223,-1.4316691693803578
2024-11-30 00:00:00,-1.1719749236801247,-0.7940953757108989,-0.9532903827949687,-0.6057424435960223,-1.4316691693803578
2024-11-30 00:15:00,-1.037883452982413,-0.8807732109220944,-1.0333115990304869,0.3056504187825832,-1.181631697656987
2024-11-30 00:30:00,-1.1719749236801247,-0.7940953757108989,-1.0333115990304869,1.8550182848262124,-0.9673138647512404
2024-11-30 00:45:00,-1.1943235021297431,-1.054128881344485,-1.0333115990304869,0.48792899125830425,-1.3066504335186724
2024-11-30 01:00:00,-1.2390206590289803,-0.7940953757108989,-0.9532903827949687,-0.6057424435960223,-1.4852486276067944
2024-11-30 01:15:00,-1.2166720805793618,-0.7074175404997036,-1.0333115990304869,1.7638789985883518,-1.003033503568865
2024-11-30 01:30:00,-1.0602320314320317,-0.7074175404997036,-1.0333115990304869,1.125903994923328,-1.003033503568865
2024-11-30 01:45:00,-1.037883452982413,-0.9674510461332897,-1.0333115990304869,1.3993218536369096,-0.9851736841600526
2024-11-30 02:00:00,-1.0602320314320317,-0.9674510461332897,-1.0333115990304869,0.7613468499718858,-1.1280522394305503
2024-11-30 02:15:00,-1.1719749236801247,-1.054128881344485,-1.0333115990304869,0.6702075637340253,-1.2530709752922358
2024-11-30 02:30:00,-1.1943235021297431,-0.8807732109220944,-1.0333115990304869,1.4904611398747702,-1.0744727812041137
2024-11-30 02:45:00,-1.1272777667808875,-0.7074175404997036,-1.0333115990304869,-0.6057424435960223,-1.3959495305627334
2024-11-30 03:00:00,-1.2390206590289803,-0.6207397052885083,-1.0333115990304869,1.308182567399049,-1.092332600612926
2024-11-30 03:15:00,-1.149626345230506,-1.054128881344485,-1.0333115990304869,-0.3323245848824406,-1.4316691693803578
2024-11-30 03:30:00,-1.1049291883312689,-1.054128881344485,-1.0333115990304869,-0.24118529864458005,-1.3780897111539212
2024-11-30 03:45:00,-1.1272777667808875,-0.7940953757108989,-0.9532903827949687,0.6702075637340253,-1.1459120588393625
2024-11-30 04:00:00,-1.0155348745327946,-0.7074175404997036,-1.0333115990304869,1.3993218536369096,-0.9137344065248038
2024-11-30 04:15:00,0.3700769893435582,0.6794278228794217,-0.23309943667530483,-0.6968817298338827,0.2471538550479899
2024-11-30 04:30:00,0.7500028229870742,-0.44738403486611766,-0.7932479503239322,-1.1525781610231856,0.10427529977749221
2024-11-30 04:45:00,0.19128836174660946,1.4595283397801795,-0.313120652910823,-1.3348567334989065,0.12213511918630442
2024-11-30 05:00:00,0.6382599307389812,-0.9674510461332897,-0.9532903827949687,-0.42346387112030115,0.014976202733431157
2024-11-30 05:15:00,-0.05454600119919504,-0.013994858810140965,-0.23309943667530483,-0.15004601240671953,-0.12790235253706653
2024-11-30 05:30:00,0.7946999798863115,-0.7074175404997036,-0.7932479503239322,-0.6057424435960223,0.19357439682155325
2024-11-30 05:45:00,0.9064428721344044,-0.27402836444372697,-0.7932479503239322,-0.7880210160717432,0.33645295209205095
2024-11-30 06:00:00,1.0405343428321159,0.24603864682344503,0.8871975906219501,-1.6082745922124881,0.765088617903544
2024-11-30 06:15:00,1.8450831670183852,1.1994948341465936,0.9672188068574683,-1.6994138784503487,1.6045001301177177
2024-11-30 06:30:00,1.1075800781809717,0.6794278228794217,1.4473461042705773,-1.4259960197367672,1.0687055478533516
2024-11-30 06:45:00,1.3310658626771577,-0.1006726940213363,0.8871975906219501,-1.6994138784503487,0.9079671731740416
2024-11-30 07:00:00,1.6662945394214366,2.2396288566809375,2.007494617919205,-1.6994138784503487,1.9081170600675255
2024-11-30 07:15:00,1.8897803239176225,0.4193943172458357,1.7674309692126502,-1.243717447261046,1.7473786853882156
2024-11-30 07:30:00,1.8674317454680038,-0.1006726940213363,2.3275794828612777,-1.5171353059746275,1.6937992271617788
2024-11-30 07:45:00,1.8897803239176225,0.8527834933018124,2.007494617919205,-1.4259960197367672,1.8545376018410888
2024-11-30 08:00:00,1.8227345885687667,1.7195618454137656,0.9672188068574683,-1.3348567334989065,1.7652385047970278
2024-11-30 08:15:00,1.6215973825221994,2.326306691892133,2.5676431315678325,-1.3348567334989065,2.0867152541556475
2024-11-30 08:30:00,1.8674317454680038,0.3327164820346404,2.887727996509905,-1.6082745922124881,1.8902572406587133
2024-11-30 08:45:00,1.6439459609718179,-0.18735052923253165,2.9677492127454235,-1.5171353059746275,1.6402197689353422
2024-11-30 09:00:00,0.9734886074832602,1.1128169989353984,2.887727996509905,-1.5171353059746275,1.3544626583943469
2024-11-30 09:15:00,0.4147741462427954,1.026139163724203,-0.0730570042042684,0.8524861362097464,0.6936493402682952
2024-11-30 09:30:00,-0.6132604624396598,-0.3607061996549223,-0.5531843016173776,-1.243717447261046,-0.931594225933616
2024-11-30 09:45:00,-0.4568204132923297,0.3327164820346404,-0.5531843016173776,0.21451113254472265,-0.3779398242604375
2024-11-30 10:00:00,-0.18863747189690658,-0.7074175404997036,1.8474521854481685,-0.42346387112030115,0.03283602214224337
2024-11-30 10:15:00,0.4147741462427954,-0.013994858810140965,-0.5531843016173776,0.8524861362097464,0.37217259090967536
2024-11-30 10:30:00,-0.23333462879614378,1.1128169989353984,1.6073885367416139,0.21451113254472265,0.4436118685449242
2024-11-30 10:45:00,-1.149626345230506,0.24603864682344503,-0.6332055178528959,0.21451113254472265,-0.9673138647512404
2024-11-30 11:00:00,-0.8814434038350829,-0.3607061996549223,-0.1530782204397866,0.12337184630686211,-0.7887156706631183
2024-11-30 11:15:00,-0.12159173654805082,-0.18735052923253165,-0.313120652910823,0.7613468499718858,-0.056463074901817685
2024-11-30 11:30:00,-0.7026547762381342,-0.534061870077313,-0.47316308538185947,0.5790682774961649,-0.6636969348014328
2024-11-30 11:45:00,-0.9708377176335573,-0.27402836444372697,-0.39314186914634125,0.6702075637340253,-0.7887156706631183
2024-11-30 12:00:00,-0.1439403149976694,-0.18735052923253165,-0.1530782204397866,1.0347647086854674,0.014976202733431157
2024-11-30 12:15:00,-0.3897746779434739,-0.534061870077313,0.08698542826676801,0.8524861362097464,-0.2350612689899398
2024-11-30 12:30:00,-0.4344718348427111,-0.27402836444372697,-0.1530782204397866,0.39678970502044375,-0.3600800048516252
2024-11-30 12:45:00,-0.6356090408892784,-0.27402836444372697,-0.39314186914634125,0.12337184630686211,-0.6279772959838084
2024-11-30 13:00:00,0.03484831259927933,-0.27402836444372697,-0.1530782204397866,0.21451113254472265,-0.020743436084193264
2024-11-30 13:15:00,-0.7473519331373714,0.5927499876682264,2.087515834154723,-0.8791603023096038,-0.18148181076350314
2024-11-30 13:30:00,-0.05454600119919504,-0.013994858810140965,0.7271551581509137,-1.243717447261046,-0.12790235253706653
2024-11-30 13:45:00,-0.7473519331373714,1.4595283397801795,0.9672188068574683,-0.6968817298338827,-0.21720144958112758
2024-11-30 14:00:00,0.3924255677931768,0.8527834933018124,2.167537050390241,0.12337184630686211,0.9972662702181027
2024-11-30 14:15:00,-0.5685633055404227,0.15936081161224971,1.4473461042705773,0.03223256006900157,-0.0921827137194421
2024-11-30 14:30:00,0.7946999798863115,0.8527834933018124,2.087515834154723,0.03223256006900157,1.283023380759098
2024-11-30 14:45:00,-0.07689457964881363,1.4595283397801795,1.4473461042705773,-0.6968817298338827,0.425752049136112
2024-11-30 15:00:00,-1.0155348745327946,0.5927499876682264,0.9672188068574683,-0.9702995885474643,-0.6636969348014328
2024-11-30 15:15:00,-0.5238661486411854,0.8527834933018124,-0.6332055178528959,-0.8791603023096038,-0.5565380183485595
2024-11-30 15:30:00,-0.6356090408892784,0.4193943172458357,-0.0730570042042684,-0.24118529864458005,-0.4850987407133107
2024-11-30 15:45:00,0.6606085091885999,-0.013994858810140965,0.5671127256798772,-0.3323245848824406,0.5864904238154218
2024-11-30 16:00:00,1.5992488040725807,0.15936081161224971,2.2475582666257594,-0.7880210160717432,1.6580795883441544
2024-11-30 16:15:00,1.2640201273283018,0.766105658090617,0.5671127256798772,-0.7880210160717432,1.1401448254886004
2024-11-30 16:30:00,0.8617457152351672,0.5927499876682264,2.087515834154723,-0.8791603023096038,1.104425186670976
2024-11-30 16:45:00,1.8227345885687667,0.766105658090617,2.167537050390241,-0.8791603023096038,1.9259768794763377
2024-11-30 17:00:00,0.8840942936847858,2.2396288566809375,1.687409752977132,-1.061438874785325,1.3366028389855347
2024-11-30 17:15:00,1.308717284227539,0.9394613285130077,2.6476643478033504,-1.243717447261046,1.5866403107089055
2024-11-30 17:30:00,1.5545516471733436,0.5060721524570311,0.5671127256798772,-1.243717447261046,1.2294439225326614
2024-11-30 17:45:00,0.928791450584023,1.9795953510473516,0.8071763743864319,-0.9702995885474643,1.1401448254886004
2024-11-30 18:00:00,0.9734886074832602,0.766105658090617,0.8871975906219501,-0.7880210160717432,0.9794064508092905
2024-11-30 18:15:00,1.576900225622962,1.7195618454137656,1.0472400230929866,-0.9702995885474643,1.6580795883441544
2024-11-30 18:30:00,1.532203068723725,0.9394613285130077,2.887727996509905,-0.9702995885474643,1.872397421249901
2024-11-30 18:45:00,0.548865616940507,0.6794278228794217,-0.1530782204397866,0.5790682774961649,0.6579297014506708
2024-11-30 19:00:00,0.8617457152351672,-0.6207397052885083,0.24702786073780442,-0.24118529864458005,0.5686306044066096
2024-11-30 19:15:00,-0.12159173654805082,0.766105658090617,0.006964212031249799,-1.1525781610231856,-0.16362199135469094
2024-11-30 19:30:00,0.8617457152351672,0.8527834933018124,-0.1530782204397866,-0.5146031573581616,0.7293689790859196
2024-11-30 19:45:00,-0.2556832072457624,0.9394613285130077,-0.23309943667530483,0.5790682774961649,0.050695841551055575
2024-11-30 20:00:00,0.05719689104889791,-0.534061870077313,0.16700664450228622,1.3993218536369096,0.2471538550479899
2024-11-30 20:15:00,0.5041684600412697,0.07268297640105437,0.487091509444359,0.03223256006900157,0.5329109655889852
2024-11-30 20:30:00,-0.03219742274957645,0.8527834933018124,0.24702786073780442,-0.24118529864458005,0.15785475800392884
2024-11-30 20:45:00,-0.166288893447288,1.026139163724203,0.08698542826676801,0.48792899125830425,0.19357439682155325
2024-11-30 21:00:00,0.03484831259927933,0.5927499876682264,-0.0730570042042684,-0.8791603023096038,-0.03860325549300547
2024-11-30 21:15:00,0.16893978329699086,0.6794278228794217,0.40707029320884086,-1.061438874785325,0.15785475800392884
2024-11-30 21:30:00,0.9734886074832602,1.1128169989353984,0.24702786073780442,0.12337184630686211,1.0865653672621638
2024-11-30 21:45:00,-0.05454600119919504,0.24603864682344503,-0.1530782204397866,0.39678970502044375,0.050695841551055575
2024-11-30 22:00:00,-1.037883452982413,-0.7074175404997036,-0.9532903827949687,0.6702075637340253,-1.0566129617953015
2024-11-30 22:15:00,-1.1272777667808875,-0.9674510461332897,-1.0333115990304869,1.3993218536369096,-1.0566129617953015
2024-11-30 22:30:00,-1.1272777667808875,-0.6207397052885083,-0.9532903827949687,-0.42346387112030115,-1.3245102529274846
2024-11-30 22:45:00,-1.037883452982413,-0.7940953757108989,-0.9532903827949687,1.308182567399049,-0.9494540453424282
2024-11-30 23:00:00,-1.0602320314320317,-0.7074175404997036,-1.0333115990304869,-0.6968817298338827,-1.360229891745109
2024-11-30 23:15:00,-1.149626345230506,-0.9674510461332897,-1.0333115990304869,0.7613468499718858,-1.1994915170657992
2024-11-30 23:30:00,-1.037883452982413,-1.054128881344485,-1.0333115990304869,1.6727397123504912,-0.9494540453424282
2024-11-30 23:45:00,-1.037883452982413,-1.054128881344485,-1.0333115990304869,0.9436254224476069,-1.092332600612926
2024-12-01 00:00:00,-1.0602320314320317,-0.9674510461332897,-1.0333115990304869,1.0347647086854674,-1.0744727812041137
2024-12-01 00:15:00,-1.037883452982413,-0.7940953757108989,-1.0333115990304869,-0.058906726168858975,-1.2352111558834236
2024-12-01 00:30:00,-1.1272777667808875,-0.8807732109220944,-0.9532903827949687,1.3993218536369096,-1.020893322977677
2024-12-01 00:45:00,-1.0825806098816502,-1.054128881344485,-0.9532903827949687,-0.42346387112030115,-1.3780897111539212
2024-12-01 01:00:00,-1.1943235021297431,-1.054128881344485,-1.0333115990304869,1.308182567399049,-1.1459120588393625
2024-12-01 01:15:00,-1.0155348745327946,-1.054128881344485,-0.9532903827949687,0.12337184630686211,-1.2173513364746114
2024-12-01 01:30:00,-1.2390206590289803,-0.8807732109220944,-1.0333115990304869,-0.058906726168858975,-1.4138093499715456
2024-12-01 01:45:00,-1.1719749236801247,-0.7940953757108989,-1.0333115990304869,1.125903994923328,-1.1101924200217381
2024-12-01 02:00:00,-1.2390206590289803,-1.054128881344485,-0.9532903827949687,1.7638789985883518,-1.0744727812041137
2024-12-01 02:15:00,-1.037883452982413,-0.9674510461332897,-0.9532903827949687,0.8524861362097464,-1.0744727812041137
2024-12-01 02:30:00,-1.037883452982413,-0.7074175404997036,-1.0333115990304869,-0.24118529864458005,-1.2530709752922358
2024-12-01 02:45:00,-1.1049291883312689,-0.9674510461332897,-1.0333115990304869,-0.3323245848824406,-1.3780897111539212
2024-12-01 03:00:00,-1.0825806098816502,-0.9674510461332897,-1.0333115990304869,1.3993218536369096,-1.020893322977677
2024-12-01 03:15:00,-1.037883452982413,-0.9674510461332897,-1.0333115990304869,0.21451113254472265,-1.2173513364746114
2024-12-01 03:30:00,-1.2390206590289803,-0.9674510461332897,-1.0333115990304869,1.8550182848262124,-1.0566129617953015
2024-12-01 03:45:00,-1.1049291883312689,-0.7074175404997036,-1.0333115990304869,-0.3323245848824406,-1.3245102529274846
2024-12-01 04:00:00,-1.1719749236801247,-1.054128881344485,-1.0333115990304869,-0.24118529864458005,-1.4316691693803578
2024-12-01 04:15:00,0.7276542445374556,-0.6207397052885083,-0.9532903827949687,-0.15004601240671953,0.21143421623036546
2024-12-01 04:30:00,-0.00984884429995786,-0.18735052923253165,-0.7932479503239322,-0.9702995885474643,-0.4136594630780619
2024-12-01 04:45:00,0.7276542445374556,0.4193943172458357,-1.0333115990304869,0.12337184630686211,0.4614716879537364
2024-12-01 05:00:00,-0.12159173654805082,0.6794278228794217,-0.6332055178528959,-1.1525781610231856,-0.3243603660340008
2024-12-01 05:15:00,0.9958371859328787,0.5060721524570311,-0.23309943667530483,-0.6968817298338827,0.7115091596771074
2024-12-01 05:30:00,0.1018940479481351,0.07268297640105437,-0.7132267340884141,-0.5146031573581616,-0.16362199135469094
2024-12-01 05:45:00,0.6829570876382185,-0.013994858810140965,-0.47316308538185947,-0.15004601240671953,0.40789222972729977
2024-12-01 06:00:00,1.420460176475632,1.6328840102025703,1.8474521854481685,-1.6082745922124881,1.5687804913000933
2024-12-01 06:15:00,1.800386010119148,1.3728505045689845,2.7276855640388686,-1.4259960197367672,2.050995615338023
2024-12-01 06:30:00,1.5992488040725807,0.9394613285130077,1.1272612393285046,-1.6994138784503487,1.3901822972119713
2024-12-01 06:45:00,1.465157333374869,1.3728505045689845,0.8871975906219501,-1.6994138784503487,1.3187430195767225
2024-12-01 07:00:00,1.532203068723725,-0.18735052923253165,2.4876219153323142,-1.6994138784503487,1.4080421166207835
2024-12-01 07:15:00,0.9734886074832602,1.1128169989353984,0.8871975906219501,-1.6994138784503487,0.8722475343564172
2024-12-01 07:30:00,0.9511400290336416,1.9795953510473516,0.7271551581509137,-1.4259960197367672,1.0508457284445394
2024-12-01 07:45:00,1.800386010119148,0.15936081161224971,1.9274734016836867,-1.5171353059746275,1.6045001301177177
2024-12-01 08:00:00,1.8227345885687667,0.766105658090617,2.2475582666257594,-1.243717447261046,1.872397421249901
2024-12-01 08:15:00,0.9958371859328787,1.8929175158361562,1.7674309692126502,-1.6994138784503487,1.2473037419414736
2024-12-01 08:30:00,0.9958371859328787,2.4129845271033283,2.9677492127454235,-1.5171353059746275,1.6580795883441544
2024-12-01 08:45:00,1.2863687057779205,-0.013994858810140965,0.7271551581509137,-1.4259960197367672,0.9079671731740416
2024-12-01 09:00:00,1.7780374316695295,1.1128169989353984,0.5671127256798772,-1.243717447261046,1.533060852482469
2024-12-01 09:15:00,0.3700769893435582,0.24603864682344503,0.24702786073780442,0.9436254224476069,0.5864904238154218
2024-12-01 09:30:00,-0.07689457964881363,-0.8807732109220944,-0.47316308538185947,0.3056504187825832,-0.2886407272163764
2024-12-01 09:45:00,0.5935627738397441,-0.3607061996549223,-0.1530782204397866,0.21451113254472265,0.40789222972729977
2024-12-01 10:00:00,-0.6803061977885156,0.8527834933018124,0.7271551581509137,-0.058906726168858975,-0.21720144958112758
2024-12-01 10:15:00,0.012499734149660732,1.1128169989353984,0.006964212031249799,-0.5146031573581616,0.13999493859511664
2024-12-01 10:30:00,-0.3450775210442367,-0.8807732109220944,0.9672188068574683,-0.6057424435960223,-0.3600800048516252
2024-12-01 10:45:00,-0.3450775210442367,0.8527834933018124,0.8871975906219501,-1.061438874785325,-0.11004253312825431
2024-12-01 11:00:00,-0.3450775210442367,-0.3607061996549223,-0.6332055178528959,0.48792899125830425,-0.3957996436692497
2024-12-01 11:15:00,-0.23333462879614378,-0.6207397052885083,-0.6332055178528959,0.21451113254472265,-0.4136594630780619
2024-12-01 11:30:00,-0.32272894259461815,-0.18735052923253165,0.08698542826676801,0.48792899125830425,-0.18148181076350314
2024-12-01 11:45:00,-0.7026547762381342,-0.3607061996549223,0.08698542826676801,0.21451113254472265,-0.5743978377573717
2024-12-01 12:00:00,-0.9037919822847015,-0.44738403486611766,-0.6332055178528959,0.12337184630686211,-0.931594225933616
2024-12-01 12:15:00,-0.1439403149976694,-0.44738403486611766,-0.313120652910823,0.21451113254472265,-0.2350612689899398
2024-12-01 12:30:00,-0.6132604624396598,-0.18735052923253165,-0.313120652910823,0.48792899125830425,-0.5029585601221229
2024-12-01 12:45:00,0.1018940479481351,-0.18735052923253165,-0.313120652910823,0.39678970502044375,0.050695841551055575
2024-12-01 13:00:00,-0.05454600119919504,-0.3607061996549223,0.006964212031249799,0.3056504187825832,-0.056463074901817685
2024-12-01 13:15:00,-1.3284149728274548,1.026139163724203,-0.0730570042042684,-0.5146031573581616,-0.9673138647512404
2024-12-01 13:30:00,0.9511400290336416,0.4193943172458357,0.24702786073780442,-0.24118529864458005,0.854387714947605
2024-12-01 13:45:00,-0.5462147270908041,0.6794278228794217,1.5273673205060956,-0.6057424435960223,-0.0743228943106299
2024-12-01 14:00:00,-0.2556832072457624,-0.18735052923253165,0.5671127256798772,-0.8791603023096038,-0.2886407272163764
2024-12-01 14:15:00,-0.12159173654805082,0.5927499876682264,0.08698542826676801,-1.061438874785325,-0.16362199135469094
2024-12-01 14:30:00,0.81704855833593,-0.1006726940213363,-0.313120652910823,-0.6968817298338827,0.425752049136112
2024-12-01 14:45:00,-0.3450775210442367,1.026139163724203,1.3673248880350592,-1.243717447261046,-0.0028836166753810535
2024-12-01 15:00:00,-0.9037919822847015,1.026139163724203,0.487091509444359,-0.7880210160717432,-0.5565380183485595
2024-12-01 15:15:00,0.548865616940507,1.1128169989353984,0.40707029320884086,0.12337184630686211,0.7829484373123562
2024-12-01 15:30:00,0.45947130314203255,0.07268297640105437,1.1272612393285046,-0.6968817298338827,0.4971913267713608
2024-12-01 15:45:00,-0.47916899174194827,0.5927499876682264,0.32704907697332264,-0.8791603023096038,-0.3600800048516252
2024-12-01 16:00:00,1.3534144411267761,1.026139163724203,1.7674309692126502,-0.9702995885474643,1.4973412136648445
2024-12-01 16:15:00,1.800386010119148,1.1994948341465936,2.3275794828612777,-0.8791603023096038,2.0331357959292107
2024-12-01 16:30:00,1.1522772350802089,1.3728505045689845,1.6073885367416139,-0.7880210160717432,1.4080421166207835
2024-12-01 16:45:00,1.7556888532199109,2.066273186258547,2.887727996509905,-0.7880210160717432,2.3188929064702064
2024-12-01 17:00:00,1.5992488040725807,0.5927499876682264,0.8071763743864319,-0.8791603023096038,1.4080421166207835
2024-12-01 17:15:00,1.1746258135298275,0.5927499876682264,2.807706780274387,-1.243717447261046,1.443761755438408
2024-12-01 17:30:00,1.196974391979446,1.286172669357789,1.207282455564023,-0.9702995885474643,1.3008832001679103
2024-12-01 17:45:00,1.8674317454680038,1.1994948341465936,2.407600699096796,-1.243717447261046,2.0331357959292107
2024-12-01 18:00:00,1.1522772350802089,1.8929175158361562,1.8474521854481685,-0.7880210160717432,1.5687804913000933
2024-12-01 18:15:00,1.308717284227539,1.546206174991375,2.4876219153323142,-0.7880210160717432,1.7652385047970278
2024-12-01 18:30:00,1.688643117871055,2.066273186258547,2.807706780274387,-1.243717447261046,2.1581545317908963
2024-12-01 18:45:00,0.2806826755450838,-0.534061870077313,-0.1530782204397866,0.8524861362097464,0.2471538550479899
2024-12-01 19:00:00,0.81704855833593,0.9394613285130077,0.24702786073780442,0.48792899125830425,0.9972662702181027
2024-12-01 19:15:00,0.8617457152351672,0.5060721524570311,0.40707029320884086,0.39678970502044375,0.9615466314004782
2024-12-01 19:30:00,0.6606085091885999,-0.27402836444372697,0.487091509444359,-1.061438874785325,0.37217259090967536
2024-12-01 19:45:00,0.8840942936847858,0.07268297640105437,-0.0730570042042684,0.12337184630686211,0.7293689790859196
2024-12-01 20:00:00,0.7723514014366928,0.5060721524570311,0.24702786073780442,1.3993218536369096,1.0508457284445394
2024-12-01 20:15:00,0.325379832444321,0.15936081161224971,0.5671127256798772,-0.3323245848824406,0.35431277150086316
2024-12-01 20:30:00,0.45947130314203255,-0.3607061996549223,0.487091509444359,-1.061438874785325,0.19357439682155325
2024-12-01 20:45:00,0.9511400290336416,0.6794278228794217,0.08698542826676801,-0.3323245848824406,0.854387714947605
2024-12-01 21:00:00,0.0795454694985165,0.07268297640105437,0.006964212031249799,-0.9702995885474643,-0.11004253312825431
2024-12-01 21:15:00,-0.03219742274957645,0.15936081161224971,-0.23309943667530483,-1.1525781610231856,-0.2707809078075642
2024-12-01 21:30:00,0.12424262639775369,0.15936081161224971,0.32704907697332264,-0.7880210160717432,0.050695841551055575
2024-12-01 21:45:00,-0.09924315809843222,-0.27402836444372697,0.40707029320884086,0.48792899125830425,0.050695841551055575
2024-12-01 22:00:00,-1.2166720805793618,-0.7074175404997036,-1.0333115990304869,1.125903994923328,-1.1280522394305503
2024-12-01 22:15:00,-1.0825806098816502,-0.6207397052885083,-1.0333115990304869,-0.42346387112030115,-1.3066504335186724
2024-12-01 22:30:00,-1.1272777667808875,-0.6207397052885083,-1.0333115990304869,-0.058906726168858975,-1.270930794701048
2024-12-01 22:45:00,-1.149626345230506,-0.8807732109220944,-1.0333115990304869,1.9461575710640728,-0.9494540453424282
2024-12-01 23:00:00,-1.1943235021297431,-0.8807732109220944,-0.9532903827949687,0.8524861362097464,-1.181631697656987
2024-12-01 23:15:00,-1.0602320314320317,-1.054128881344485,-0.9532903827949687,1.9461575710640728,-0.8958745871159915
2024-12-01 23:30:00,-1.149626345230506,-0.6207397052885083,-1.0333115990304869,-0.5146031573581616,-1.3780897111539212
2024-12-01 23:45:00,-1.0602320314320317,-0.9674510461332897,-1.0333115990304869,0.6702075637340253,-1.1459120588393625
2024-12-02 00:00:00,-1.149626345230506,-1.054128881344485,-1.0333115990304869,1.3993218536369096,-1.092332600612926
2024-12-02 00:15:00,-1.0825806098816502,-0.6207397052885083,-1.0333115990304869,0.39678970502044375,-1.1459120588393625
2024-12-02 00:30:00,-1.037883452982413,-0.9674510461332897,-0.9532903827949687,-0.058906726168858975,-1.2530709752922358
2024-12-02 00:45:00,-1.1272777667808875,-0.6207397052885083,-0.9532903827949687,-0.6057424435960223,-1.360229891745109
2024-12-02 01:00:00,-1.1719749236801247,-0.8807732109220944,-0.9532903827949687,0.6702075637340253,-1.1994915170657992
2024-12-02 01:15:00,-1.1272777667808875,-0.7940953757108989,-1.0333115990304869,1.2170432811611887,-1.0566129617953015
2024-12-02 01:30:00,-1.1272777667808875,-1.054128881344485,-0.9532903827949687,-0.5146031573581616,-1.4316691693803578
2024-12-02 01:45:00,-1.0602320314320317,-0.6207397052885083,-0.9532903827949687,-0.6057424435960223,-1.3066504335186724
2024-12-02 02:00:00,-1.0825806098816502,-0.9674510461332897,-1.0333115990304869,0.9436254224476069,-1.1101924200217381
2024-12-02 02:15:00,-1.2390206590289803,-0.7074175404997036,-1.0333115990304869,0.03223256006900157,-1.360229891745109
2024-12-02 02:30:00,-1.1272777667808875,-1.054128881344485,-1.0333115990304869,-0.058906726168858975,-1.360229891745109
2024-12-02 02:45:00,-1.2166720805793618,-1.054128881344485,-1.0333115990304869,1.4904611398747702,-1.1280522394305503
2024-12-02 03:00:00,-1.0155348745327946,-0.6207397052885083,-0.9532903827949687,1.3993218536369096,-0.8780147677071793
2024-12-02 03:15:00,-1.1272777667808875,-0.6207397052885083,-0.9532903827949687,1.2170432811611887,-1.003033503568865
2024-12-02 03:30:00,-1.1049291883312689,-0.7074175404997036,-0.9532903827949687,1.6727397123504912,-0.9137344065248038
2024-12-02 03:45:00,-1.149626345230506,-0.9674510461332897,-1.0333115990304869,-0.6057424435960223,-1.4673888081979822
2024-12-02 04:00:00,-1.1049291883312689,-0.7074175404997036,-1.0333115990304869,-0.058906726168858975,-1.270930794701048
2024-12-02 04:15:00,-0.21098605034652518,0.766105658090617,-0.7932479503239322,-1.6994138784503487,-0.5208183795309351
2024-12-02 04:30:00,0.2806826755450838,-0.1006726940213363,-0.23309943667530483,-0.058906726168858975,0.13999493859511664
2024-12-02 04:45:00,0.3700769893435582,1.4595283397801795,-1.0333115990304869,0.12337184630686211,0.39003241031848757
2024-12-02 05:00:00,0.81704855833593,0.24603864682344503,-0.8732691665594505,-1.061438874785325,0.30073331327442654
2024-12-02 05:15:00,0.0795454694985165,0.15936081161224971,-0.5531843016173776,-0.058906726168858975,-0.03860325549300547
2024-12-02 05:30:00,0.4818198815916512,1.026139163724203,-0.5531843016173776,0.03223256006900157,0.4793315073625486
2024-12-02 05:45:00,0.4147741462427954,0.3327164820346404,-0.23309943667530483,-1.243717447261046,0.10427529977749221
2024-12-02 06:00:00,0.9734886074832602,2.2396288566809375,1.687409752977132,-1.243717447261046,1.372322477803159
2024-12-02 06:15:00,1.8227345885687667,2.2396288566809375,0.8071763743864319,-1.4259960197367672,1.8188179630234644
2024-12-02 06:30:00,1.5545516471733436,0.5927499876682264,2.807706780274387,-1.243717447261046,1.7473786853882156
2024-12-02 06:45:00,0.7946999798863115,0.9394613285130077,2.2475582666257594,-1.243717447261046,1.0865653672621638
2024-12-02 07:00:00,1.6215973825221994,0.766105658090617,1.207282455564023,-1.6082745922124881,1.4080421166207835
2024-12-02 07:15:00,1.576900225622962,0.6794278228794217,1.5273673205060956,-1.6082745922124881,1.4259019360295957
2024-12-02 07:30:00,1.2863687057779205,0.5927499876682264,0.9672188068574683,-1.243717447261046,1.1222850060797882
2024-12-02 07:45:00,0.9511400290336416,1.546206174991375,2.6476643478033504,-1.243717447261046,1.4259019360295957
2024-12-02 08:00:00,1.3981115980260135,0.24603864682344503,2.407600699096796,-1.243717447261046,1.46162157484722
2024-12-02 08:15:00,1.420460176475632,2.1529510214697423,2.2475582666257594,-1.6082745922124881,1.7652385047970278
2024-12-02 08:30:00,1.3757630195763948,0.5060721524570311,1.207282455564023,-1.4259960197367672,1.193724283715037
2024-12-02 08:45:00,1.7109916963206737,2.1529510214697423,2.6476643478033504,-1.4259960197367672,2.122434892973272
2024-12-02 09:00:00,1.8674317454680038,1.1994948341465936,2.6476643478033504,-1.6082745922124881,2.0152759765203987
2024-12-02 09:15:00,0.25833409709546523,0.07268297640105437,-0.47316308538185947,0.39678970502044375,0.19357439682155325
2024-12-02 09:30:00,-0.6356090408892784,0.3327164820346404,0.006964212031249799,0.9436254224476069,-0.252921088398752
2024-12-02 09:45:00,0.30303125399470243,-0.3607061996549223,0.24702786073780442,-0.6057424435960223,0.10427529977749221
2024-12-02 10:00:00,0.7053056660878371,-0.8807732109220944,0.24702786073780442,-1.061438874785325,0.22929403563917766
2024-12-02 10:15:00,-0.9708377176335573,-0.3607061996549223,1.4473461042705773,-0.9702995885474643,-0.7172763930278695
2024-12-02 10:30:00,-0.7697005115869899,0.9394613285130077,0.487091509444359,-0.6057424435960223,-0.4315192824868741
2024-12-02 10:45:00,-0.3674260994938553,0.8527834933018124,0.24702786073780442,-1.243717447261046,-0.3065005466251886
2024-12-02 11:00:00,-0.7473519331373714,-0.6207397052885083,-0.7932479503239322,0.21451113254472265,-0.8601549482983671
2024-12-02 11:15:00,-0.5685633055404227,-0.534061870077313,-0.1530782204397866,0.8524861362097464,-0.4315192824868741
2024-12-02 11:30:00,-0.5238661486411854,-0.534061870077313,-0.23309943667530483,0.21451113254472265,-0.5386781989397473
2024-12-02 11:45:00,-0.6356090408892784,-0.27402836444372697,-0.47316308538185947,0.5790682774961649,-0.5565380183485595
2024-12-02 12:00:00,-0.4568204132923297,-0.6207397052885083,-0.6332055178528959,0.48792899125830425,-0.5386781989397473
2024-12-02 12:15:00,-0.03219742274957645,-0.18735052923253165,-0.7132267340884141,0.8524861362097464,-0.056463074901817685
2024-12-02 12:30:00,-0.7250033546877528,-0.3607061996549223,-0.5531843016173776,0.39678970502044375,-0.6994165736190572
2024-12-02 12:45:00,-0.7026547762381342,-0.534061870077313,-0.0730570042042684,0.7613468499718858,-0.5386781989397473
2024-12-02 13:00:00,-0.5685633055404227,-0.27402836444372697,-0.6332055178528959,0.12337184630686211,-0.6279772959838084
2024-12-02 13:15:00,-0.03219742274957645,0.5927499876682264,0.7271551581509137,-0.6057424435960223,0.13999493859511664
2024-12-02 13:30:00,0.9511400290336416,1.026139163724203,1.687409752977132,-1.061438874785325,1.1401448254886004
2024-12-02 13:45:00,0.9511400290336416,0.4193943172458357,1.6073885367416139,-1.061438874785325,0.9972662702181027
2024-12-02 14:00:00,-0.3450775210442367,0.9394613285130077,0.6471339419153954,-0.6968817298338827,-0.0743228943106299
2024-12-02 14:15:00,-1.1049291883312689,0.766105658090617,-0.23309943667530483,-0.24118529864458005,-0.8244353094807427
2024-12-02 14:30:00,0.5712141953901255,0.8527834933018124,1.687409752977132,-0.9702995885474643,0.8186680761299806
2024-12-02 14:45:00,0.5265170384908884,0.5927499876682264,1.9274734016836867,-0.058906726168858975,0.9615466314004782
2024-12-02 15:00:00,0.9511400290336416,-0.013994858810140965,0.8071763743864319,-0.9702995885474643,0.7472287984947318
2024-12-02 15:15:00,0.16893978329699086,1.4595283397801795,0.8071763743864319,-1.061438874785325,0.40789222972729977
2024-12-02 15:30:00,0.23598551864584666,1.3728505045689845,2.087515834154723,-0.42346387112030115,0.854387714947605
2024-12-02 15:45:00,-1.037883452982413,0.24603864682344503,0.5671127256798772,-0.15004601240671953,-0.681556754210245
2024-12-02 16:00:00,0.81704855833593,2.1529510214697423,2.807706780274387,-0.8791603023096038,1.5509206718912811
2024-12-02 16:15:00,1.1075800781809717,2.066273186258547,2.2475582666257594,-0.9702995885474643,1.62235994952653
2024-12-02 16:30:00,1.7109916963206737,0.9394613285130077,0.8071763743864319,-1.1525781610231856,1.5152010330736567
2024-12-02 16:45:00,1.532203068723725,0.24603864682344503,1.287303671799541,-0.9702995885474643,1.372322477803159
2024-12-02 17:00:00,1.800386010119148,0.5060721524570311,2.887727996509905,-0.8791603023096038,2.0152759765203987
2024-12-02 17:15:00,1.3534144411267761,1.026139163724203,2.807706780274387,-0.8791603023096038,1.7473786853882156
2024-12-02 17:30:00,1.6215973825221994,0.5060721524570311,1.1272612393285046,-1.1525781610231856,1.4259019360295957
2024-12-02 17:45:00,1.420460176475632,0.07268297640105437,2.407600699096796,-1.1525781610231856,1.46162157484722
2024-12-02 18:00:00,1.3757630195763948,1.9795953510473516,0.8071763743864319,-0.7880210160717432,1.533060852482469
2024-12-02 18:15:00,1.7556888532199109,0.6794278228794217,0.7271551581509137,-1.061438874785325,1.4973412136648445
2024-12-02 18:30:00,1.1522772350802089,0.5927499876682264,1.4473461042705773,-1.061438874785325,1.1580046448974126
2024-12-02 18:45:00,0.4818198815916512,-0.18735052923253165,0.006964212031249799,-0.24118529864458005,0.30073331327442654
2024-12-02 19:00:00,0.4818198815916512,-0.534061870077313,0.40707029320884086,1.0347647086854674,0.5686306044066096
2024-12-02 19:15:00,0.7053056660878371,0.5060721524570311,-0.23309943667530483,0.48792899125830425,0.7115091596771074
2024-12-02 19:30:00,0.12424262639775369,0.766105658090617,0.08698542826676801,-0.6057424435960223,0.15785475800392884
2024-12-02 19:45:00,0.6829570876382185,1.026139163724203,0.40707029320884086,-0.7880210160717432,0.6936493402682952
2024-12-02 20:00:00,0.548865616940507,-0.44738403486611766,0.32704907697332264,1.125903994923328,0.6400698820418586
2024-12-02 20:15:00,0.19128836174660946,-0.534061870077313,-0.0730570042042684,1.3993218536369096,0.30073331327442654
2024-12-02 20:30:00,-0.1439403149976694,-0.44738403486611766,0.16700664450228622,0.12337184630686211,-0.14576217194587873
2024-12-02 20:45:00,0.4818198815916512,-0.1006726940213363,0.24702786073780442,0.8524861362097464,0.5864904238154218
2024-12-02 21:00:00,-0.07689457964881363,0.8527834933018124,0.5671127256798772,0.12337184630686211,0.2650136744568021
2024-12-02 21:15:00,0.12424262639775369,0.3327164820346404,0.08698542826676801,-0.8791603023096038,0.014976202733431157
2024-12-02 21:30:00,0.7276542445374556,-0.27402836444372697,0.16700664450228622,-0.058906726168858975,0.5507707849977974
2024-12-02 21:45:00,0.6159113522893627,-0.3607061996549223,-0.23309943667530483,-0.24118529864458005,0.31859313268323874
2024-12-02 22:00:00,-1.0825806098816502,-0.7074175404997036,-1.0333115990304869,1.5816004261126306,-0.931594225933616
2024-12-02 22:15:00,-1.1049291883312689,-0.9674510461332897,-0.9532903827949687,0.9436254224476069,-1.1101924200217381
2024-12-02 22:30:00,-1.1272777667808875,-0.8807732109220944,-1.0333115990304869,-0.7880210160717432,-1.4673888081979822
2024-12-02 22:45:00,-1.2390206590289803,-0.7940953757108989,-0.9532903827949687,0.39678970502044375,-1.2887906141098602
2024-12-02 23:00:00,-1.1943235021297431,-0.7074175404997036,-1.0333115990304869,1.125903994923328,-1.1101924200217381
2024-12-02 23:15:00,-1.0155348745327946,-0.9674510461332897,-0.9532903827949687,0.48792899125830425,-1.1280522394305503
2024-12-02 23:30:00,-1.2166720805793618,-1.054128881344485,-0.9532903827949687,0.39678970502044375,-1.3245102529274846
2024-12-02 23:45:00,-1.149626345230506,-0.9674510461332897,-0.9532903827949687,-0.15004601240671953,-1.360229891745109
2024-12-03 00:00:00,-1.1943235021297431,-0.6207397052885083,-0.9532903827949687,1.7638789985883518,-0.9494540453424282
2024-12-03 00:15:00,-1.1272777667808875,-0.7074175404997036,-0.9532903827949687,0.9436254224476069,-1.0744727812041137
2024-12-03 00:30:00,-1.1943235021297431,-0.7074175404997036,-1.0333115990304869,1.9461575710640728,-0.9494540453424282
2024-12-03 00:45:00,-1.2166720805793618,-0.6207397052885083,-1.0333115990304869,0.3056504187825832,-1.270930794701048
2024-12-03 01:00:00,-1.149626345230506,-0.6207397052885083,-0.9532903827949687,0.21451113254472265,-1.2173513364746114
2024-12-03 01:15:00,-1.149626345230506,-0.7940953757108989,-1.0333115990304869,1.8550182848262124,-0.9494540453424282
2024-12-03 01:30:00,-1.2390206590289803,-0.7074175404997036,-0.9532903827949687,-0.6968817298338827,-1.4852486276067944
2024-12-03 01:45:00,-1.2166720805793618,-1.054128881344485,-1.0333115990304869,-0.24118529864458005,-1.4673888081979822
2024-12-03 02:00:00,-1.1943235021297431,-0.7940953757108989,-1.0333115990304869,1.8550182848262124,-0.9851736841600526
2024-12-03 02:15:00,-1.2166720805793618,-1.054128881344485,-0.9532903827949687,1.5816004261126306,-1.092332600612926
2024-12-03 02:30:00,-1.1049291883312689,-0.8807732109220944,-1.0333115990304869,1.4904611398747702,-1.003033503568865
2024-12-03 02:45:00,-1.0825806098816502,-0.7940953757108989,-0.9532903827949687,1.5816004261126306,-0.931594225933616
2024-12-03 03:00:00,-1.1719749236801247,-0.9674510461332897,-0.9532903827949687,-0.5146031573581616,-1.44952898878917
2024-12-03 03:15:00,-1.149626345230506,-0.6207397052885083,-1.0333115990304869,0.03223256006900157,-1.270930794701048
2024-12-03 03:30:00,-1.0825806098816502,-0.6207397052885083,-0.9532903827949687,-0.3323245848824406,-1.270930794701048
2024-12-03 03:45:00,-1.037883452982413,-0.7940953757108989,-1.0333115990304869,-0.5146031573581616,-1.3245102529274846
2024-12-03 04:00:00,-1.037883452982413,-0.7940953757108989,-0.9532903827949687,-0.6057424435960223,-1.3245102529274846
2024-12-03 04:15:00,-0.2556832072457624,0.24603864682344503,-0.23309943667530483,-0.9702995885474643,-0.3957996436692497
2024-12-03 04:30:00,0.928791450584023,-1.054128881344485,-0.9532903827949687,-1.5171353059746275,0.014976202733431157
2024-12-03 04:45:00,1.1299286566305904,0.6794278228794217,-0.6332055178528959,-0.42346387112030115,0.8186680761299806
2024-12-03 05:00:00,0.2806826755450838,-0.8807732109220944,-0.7132267340884141,-0.8791603023096038,-0.2886407272163764
2024-12-03 05:15:00,1.0181857643824974,0.8527834933018124,-1.0333115990304869,-0.6057424435960223,0.6400698820418586
2024-12-03 05:30:00,0.437122724692414,1.286172669357789,-0.47316308538185947,-0.15004601240671953,0.4793315073625486
2024-12-03 05:45:00,0.6606085091885999,-0.6207397052885083,-0.313120652910823,0.12337184630686211,0.35431277150086316
2024-12-03 06:00:00,1.7333402747702922,1.806239680624961,1.1272612393285046,-1.6082745922124881,1.6937992271617788
2024-12-03 06:15:00,1.5098544902741065,2.4129845271033283,1.9274734016836867,-1.6994138784503487,1.8009581436146522
2024-12-03 06:30:00,1.2863687057779205,2.1529510214697423,1.687409752977132,-1.3348567334989065,1.5866403107089055
2024-12-03 06:45:00,1.5098544902741065,1.8929175158361562,1.8474521854481685,-1.6082745922124881,1.6937992271617788
2024-12-03 07:00:00,0.7946999798863115,0.6794278228794217,2.3275794828612777,-1.3348567334989065,1.0329859090357272
2024-12-03 07:15:00,1.7780374316695295,-0.18735052923253165,1.9274734016836867,-1.6994138784503487,1.4794813942560323
2024-12-03 07:30:00,1.688643117871055,2.326306691892133,2.167537050390241,-1.243717447261046,2.068855434746835
2024-12-03 07:45:00,1.532203068723725,-0.013994858810140965,0.7271551581509137,-1.5171353059746275,1.0865653672621638
2024-12-03 08:00:00,1.3534144411267761,-0.18735052923253165,1.0472400230929866,-1.3348567334989065,1.015126089626915
2024-12-03 08:15:00,1.576900225622962,0.8527834933018124,1.4473461042705773,-1.6994138784503487,1.4259019360295957
2024-12-03 08:30:00,1.3981115980260135,1.1994948341465936,2.3275794828612777,-1.3348567334989065,1.62235994952653
2024-12-03 08:45:00,0.9064428721344044,-0.013994858810140965,1.207282455564023,-1.3348567334989065,0.7293689790859196
2024-12-03 09:00:00,1.6662945394214366,1.286172669357789,1.8474521854481685,-1.5171353059746275,1.711659046570591
2024-12-03 09:15:00,-0.5685633055404227,0.6794278228794217,1.9274734016836867,0.8524861362097464,0.2828734938656143
2024-12-03 09:30:00,-1.1719749236801247,1.1128169989353984,1.6073885367416139,-0.6057424435960223,-0.4672389213044985
2024-12-03 09:45:00,-1.0602320314320317,0.8527834933018124,1.0472400230929866,-0.7880210160717432,-0.592257657166184
2024-12-03 10:00:00,-0.1439403149976694,-0.6207397052885083,1.8474521854481685,-0.6057424435960223,0.050695841551055575
2024-12-03 10:15:00,-0.3897746779434739,-0.27402836444372697,1.3673248880350592,-0.42346387112030115,-0.14576217194587873
2024-12-03 10:30:00,0.25833409709546523,0.9394613285130077,0.08698542826676801,0.12337184630686211,0.4436118685449242
2024-12-03 10:45:00,-1.0825806098816502,0.07268297640105437,0.006964212031249799,0.7613468499718858,-0.6994165736190572
2024-12-03 11:00:00,-0.657957619338897,-0.6207397052885083,0.08698542826676801,0.5790682774961649,-0.5208183795309351
2024-12-03 11:15:00,-0.12159173654805082,-0.18735052923253165,-0.7932479503239322,0.8524861362097464,-0.14576217194587873
2024-12-03 11:30:00,-0.7026547762381342,-0.6207397052885083,-0.7132267340884141,0.9436254224476069,-0.6636969348014328
2024-12-03 11:45:00,-0.05454600119919504,-0.6207397052885083,-0.5531843016173776,0.12337184630686211,-0.2707809078075642
2024-12-03 12:00:00,-0.3897746779434739,-0.18735052923253165,0.006964212031249799,0.39678970502044375,-0.2707809078075642
2024-12-03 12:15:00,-0.47916899174194827,-0.6207397052885083,-0.6332055178528959,0.21451113254472265,-0.6101174765749962
2024-12-03 12:30:00,-0.07689457964881363,-0.6207397052885083,0.08698542826676801,0.39678970502044375,-0.0921827137194421
2024-12-03 12:45:00,-0.6132604624396598,-0.3607061996549223,0.16700664450228622,0.7613468499718858,-0.3779398242604375
2024-12-03 13:00:00,-0.8814434038350829,-0.534061870077313,-0.313120652910823,0.9436254224476069,-0.6994165736190572
2024-12-03 13:15:00,0.2806826755450838,0.9394613285130077,0.24702786073780442,-0.5146031573581616,0.37217259090967536
2024-12-03 13:30:00,1.1299286566305904,0.766105658090617,0.7271551581509137,-0.15004601240671953,1.193724283715037
2024-12-03 13:45:00,0.6382599307389812,0.07268297640105437,-0.1530782204397866,-0.24118529864458005,0.4436118685449242
2024-12-03 14:00:00,-0.3003803641449995,0.5927499876682264,1.0472400230929866,-0.7880210160717432,-0.03860325549300547
2024-12-03 14:15:00,0.1018940479481351,0.07268297640105437,-0.0730570042042684,-0.7880210160717432,-0.0743228943106299
2024-12-03 14:30:00,-0.7026547762381342,0.4193943172458357,0.6471339419153954,-0.42346387112030115,-0.4136594630780619
2024-12-03 14:45:00,-1.1049291883312689,0.5060721524570311,2.167537050390241,-1.1525781610231856,-0.5208183795309351
2024-12-03 15:00:00,-0.9261405607343202,0.6794278228794217,0.16700664450228622,-0.15004601240671953,-0.592257657166184
2024-12-03 15:15:00,-0.9931862960831759,0.24603864682344503,1.6073885367416139,-0.6057424435960223,-0.5029585601221229
2024-12-03 15:30:00,0.7723514014366928,-0.18735052923253165,0.40707029320884086,-1.061438874785325,0.4614716879537364
2024-12-03 15:45:00,1.1522772350802089,0.8527834933018124,-0.1530782204397866,-1.243717447261046,0.8186680761299806
2024-12-03 16:00:00,1.7780374316695295,1.546206174991375,2.167537050390241,-0.9702995885474643,2.0331357959292107
2024-12-03 16:15:00,1.0628829212817346,2.2396288566809375,2.5676431315678325,-1.061438874785325,1.6759394077529666
2024-12-03 16:30:00,0.9958371859328787,1.6328840102025703,1.9274734016836867,-1.061438874785325,1.3544626583943469
2024-12-03 16:45:00,1.3534144411267761,0.24603864682344503,1.0472400230929866,-1.1525781610231856,1.1401448254886004
2024-12-03 17:00:00,0.7723514014366928,0.24603864682344503,1.287303671799541,-1.061438874785325,0.7472287984947318
2024-12-03 17:15:00,1.8227345885687667,1.3728505045689845,1.287303671799541,-0.7880210160717432,1.872397421249901
2024-12-03 17:30:00,1.800386010119148,0.8527834933018124,2.9677492127454235,-0.7880210160717432,2.122434892973272
2024-12-03 17:45:00,1.8450831670183852,0.9394613285130077,1.1272612393285046,-1.243717447261046,1.6759394077529666
2024-12-03 18:00:00,1.8674317454680038,0.4193943172458357,2.2475582666257594,-0.8791603023096038,1.9081170600675255
2024-12-03 18:15:00,1.576900225622962,1.7195618454137656,2.2475582666257594,-1.061438874785325,1.9081170600675255
2024-12-03 18:30:00,0.7946999798863115,0.8527834933018124,1.6073885367416139,-0.8791603023096038,0.9972662702181027
2024-12-03 18:45:00,0.4818198815916512,0.5060721524570311,0.006964212031249799,1.3993218536369096,0.765088617903544
2024-12-03 19:00:00,-0.3450775210442367,0.766105658090617,0.08698542826676801,-0.8791603023096038,-0.2707809078075642
2024-12-03 19:15:00,-0.05454600119919504,0.9394613285130077,0.487091509444359,1.3993218536369096,0.5329109655889852
2024-12-03 19:30:00,0.16893978329699086,-0.27402836444372697,-0.1530782204397866,-1.243717447261046,-0.19934163017231535
2024-12-03 19:45:00,0.2806826755450838,0.07268297640105437,0.5671127256798772,0.5790682774961649,0.4793315073625486
2024-12-03 20:00:00,0.12424262639775369,0.8527834933018124,-0.0730570042042684,-0.42346387112030115,0.17571457741274105
2024-12-03 20:15:00,0.325379832444321,0.4193943172458357,-0.1530782204397866,-0.3323245848824406,0.2471538550479899
2024-12-03 20:30:00,-0.07689457964881363,0.766105658090617,-0.23309943667530483,1.4904611398747702,0.33645295209205095
2024-12-03 20:45:00,0.7723514014366928,0.4193943172458357,0.24702786073780442,1.308182567399049,1.015126089626915
2024-12-03 21:00:00,0.6606085091885999,0.24603864682344503,0.40707029320884086,-0.8791603023096038,0.4971913267713608
2024-12-03 21:15:00,0.81704855833593,0.15936081161224971,0.16700664450228622,1.3993218536369096,0.9972662702181027
2024-12-03 21:30:00,0.05719689104889791,-0.013994858810140965,0.16700664450228622,1.2170432811611887,0.31859313268323874
2024-12-03 21:45:00,0.19128836174660946,-0.6207397052885083,0.487091509444359,-1.243717447261046,-0.11004253312825431
2024-12-03 22:00:00,-1.1272777667808875,-0.7074175404997036,-0.9532903827949687,0.21451113254472265,-1.2173513364746114
2024-12-03 22:15:00,-1.1049291883312689,-1.054128881344485,-0.9532903827949687,0.48792899125830425,-1.2173513364746114
2024-12-03 22:30:00,-1.1943235021297431,-1.054128881344485,-1.0333115990304869,-0.6057424435960223,-1.5209682664244188
2024-12-03 22:45:00,-1.1943235021297431,-0.6207397052885083,-1.0333115990304869,0.39678970502044375,-1.2352111558834236
2024-12-03 23:00:00,-1.1272777667808875,-0.8807732109220944,-0.9532903827949687,-0.42346387112030115,-1.3780897111539212
2024-12-03 23:15:00,-1.2390206590289803,-0.7940953757108989,-1.0333115990304869,0.39678970502044375,-1.3066504335186724
2024-12-03 23:30:00,-1.1049291883312689,-0.8807732109220944,-1.0333115990304869,1.4904611398747702,-1.003033503568865
2024-12-03 23:45:00,-1.1719749236801247,-0.7940953757108989,-1.0333115990304869,0.3056504187825832,-1.270930794701048
2024-12-04 00:00:00,-1.1719749236801247,-1.054128881344485,-1.0333115990304869,1.2170432811611887,-1.1459120588393625
2024-12-04 00:15:00,-1.2166720805793618,-0.9674510461332897,-1.0333115990304869,0.7613468499718858,-1.2530709752922358
2024-12-04 00:30:00,-1.0825806098816502,-0.9674510461332897,-1.0333115990304869,1.2170432811611887,-1.0566129617953015
2024-12-04 00:45:00,-1.2166720805793618,-0.8807732109220944,-1.0333115990304869,-0.15004601240671953,-1.4138093499715456
2024-12-04 01:00:00,-1.149626345230506,-0.9674510461332897,-0.9532903827949687,-0.6968817298338827,-1.4673888081979822
2024-12-04 01:15:00,-1.0825806098816502,-0.8807732109220944,-1.0333115990304869,1.308182567399049,-1.020893322977677
2024-12-04 01:30:00,-1.1272777667808875,-0.8807732109220944,-0.9532903827949687,1.7638789985883518,-0.9494540453424282
2024-12-04 01:45:00,-1.1719749236801247,-0.7074175404997036,-0.9532903827949687,0.48792899125830425,-1.1994915170657992
2024-12-04 02:00:00,-1.2166720805793618,-0.6207397052885083,-0.9532903827949687,-0.6968817298338827,-1.44952898878917
2024-12-04 02:15:00,-1.1943235021297431,-0.7940953757108989,-1.0333115990304869,0.3056504187825832,-1.2887906141098602
2024-12-04 02:30:00,-1.1272777667808875,-0.9674510461332897,-1.0333115990304869,0.6702075637340253,-1.1994915170657992
2024-12-04 02:45:00,-1.1719749236801247,-1.054128881344485,-0.9532903827949687,1.3993218536369096,-1.092332600612926
2024-12-04 03:00:00,-1.0825806098816502,-0.6207397052885083,-1.0333115990304869,-0.3323245848824406,-1.2887906141098602
2024-12-04 03:15:00,-1.0155348745327946,-0.7940953757108989,-0.9532903827949687,0.6702075637340253,-1.0566129617953015
2024-12-04 03:30:00,-1.0602320314320317,-0.7074175404997036,-1.0333115990304869,1.0347647086854674,-1.020893322977677
2024-12-04 03:45:00,-1.1943235021297431,-0.9674510461332897,-0.9532903827949687,0.03223256006900157,-1.360229891745109
2024-12-04 04:00:00,-1.0155348745327946,-1.054128881344485,-1.0333115990304869,-0.6057424435960223,-1.3780897111539212
2024-12-04 04:15:00,-0.8143976684862272,-0.18735052923253165,-1.0333115990304869,-0.6057424435960223,-1.0387531423864893
2024-12-04 04:30:00,-0.5909118839900412,0.6794278228794217,-0.9532903827949687,-0.7880210160717432,-0.6994165736190572
2024-12-04 04:45:00,0.23598551864584666,-0.27402836444372697,-0.47316308538185947,-0.5146031573581616,-0.0743228943106299
2024-12-04 05:00:00,-0.7250033546877528,0.4193943172458357,-1.0333115990304869,-0.5146031573581616,-0.8244353094807427
2024-12-04 05:15:00,-0.03219742274957645,0.15936081161224971,-0.9532903827949687,-0.6057424435960223,-0.3243603660340008
2024-12-04 05:30:00,-0.47916899174194827,-0.44738403486611766,-0.9532903827949687,-0.6968817298338827,-0.8244353094807427
2024-12-04 05:45:00,-0.27803178569538095,-0.3607061996549223,-0.7132267340884141,-0.3323245848824406,-0.5208183795309351
2024-12-04 06:00:00,0.21363694019622806,-0.534061870077313,-0.47316308538185947,-0.5146031573581616,-0.14576217194587873
2024-12-04 06:15:00,-0.12159173654805082,-0.1006726940213363,-0.7132267340884141,-0.7880210160717432,-0.4315192824868741
2024-12-04 06:30:00,-0.6803061977885156,0.15936081161224971,-0.8732691665594505,-0.42346387112030115,-0.7887156706631183
2024-12-04 06:45:00,0.21363694019622806,0.6794278228794217,-0.5531843016173776,-0.3323245848824406,0.12213511918630442
2024-12-04 07:00:00,-0.8590948253854643,-0.18735052923253165,-0.8732691665594505,-0.6057424435960223,-1.0387531423864893
2024-12-04 07:15:00,-0.09924315809843222,0.6794278228794217,-0.47316308538185947,-0.42346387112030115,-0.12790235253706653
2024-12-04 07:30:00,0.1465912048473723,0.6794278228794217,-0.6332055178528959,-0.3323245848824406,0.050695841551055575
2024-12-04 07:45:00,-0.5015175701915668,0.5060721524570311,-0.5531843016173776,-0.42346387112030115,-0.5029585601221229
2024-12-04 08:00:00,-0.2556832072457624,-0.18735052923253165,-0.7132267340884141,-0.42346387112030115,-0.4850987407133107
2024-12-04 08:15:00,-0.7920490900366085,-0.013994858810140965,-0.9532903827949687,-0.42346387112030115,-0.931594225933616
2024-12-04 08:30:00,0.1465912048473723,-0.3607061996549223,-0.5531843016173776,-0.6057424435960223,-0.19934163017231535
2024-12-04 08:45:00,-0.23333462879614378,0.4193943172458357,-0.47316308538185947,-0.3323245848824406,-0.2707809078075642
2024-12-04 09:00:00,-0.657957619338897,0.6794278228794217,-1.0333115990304869,-0.5146031573581616,-0.7172763930278695
2024-12-04 09:15:00,2.292054736010757,3.7131520552712582,-0.23309943667530483,-1.6994138784503487,2.211733990017333
2024-12-04 09:30:00,1.5545516471733436,4.23321906653843,1.207282455564023,-1.5171353059746275,2.0867152541556475
2024-12-04 09:45:00,2.292054736010757,4.839963913016797,1.1272612393285046,-1.5171353059746275,2.7832482110993237
2024-12-04 10:00:00,1.6439459609718179,2.7596958679481096,0.24702786073780442,-1.6082745922124881,1.62235994952653
2024-12-04 10:15:00,2.023871794615334,4.406574736960821,-0.0730570042042684,-1.4259960197367672,2.229593809426145
2024-12-04 10:30:00,1.688643117871055,3.366440714426477,1.1272612393285046,-1.4259960197367672,2.0152759765203987
2024-12-04 10:45:00,1.7556888532199109,2.7596958679481096,0.24702786073780442,-1.4259960197367672,1.7473786853882156
2024-12-04 11:00:00,1.4875059118244878,4.579930407383212,0.8071763743864319,-1.6994138784503487,1.9795563377027743
2024-12-04 11:15:00,2.5602376774061804,3.106407208792891,0.32704907697332264,-1.5171353059746275,2.461771461740704
2024-12-04 11:30:00,1.6662945394214366,4.753286077805602,0.5671127256798772,-1.3348567334989065,2.1760143511997088
2024-12-04 11:45:00,2.1803118437626643,4.319896901749626,-0.0730570042042684,-1.6994138784503487,2.283173267652582
2024-12-04 12:00:00,1.8450831670183852,5.013319583439189,0.16700664450228622,-1.6994138784503487,2.211733990017333
2024-12-04 12:15:00,1.532203068723725,3.0197293735816957,0.7271551581509137,-1.4259960197367672,1.7295188659794032
2024-12-04 12:30:00,2.1579632653130454,3.366440714426477,0.006964212031249799,-1.6994138784503487,2.0867152541556475
2024-12-04 12:45:00,1.576900225622962,3.193085044004086,0.16700664450228622,-1.6082745922124881,1.6402197689353422
2024-12-04 13:00:00,1.8227345885687667,3.453118549637672,1.0472400230929866,-1.6994138784503487,2.068855434746835
2024-12-04 13:15:00,2.4261462067084687,3.626474220060063,0.9672188068574683,-1.6082745922124881,2.5867901976023897
2024-12-04 13:30:00,1.5545516471733436,4.926641748227993,0.5671127256798772,-1.6082745922124881,2.068855434746835
2024-12-04 13:45:00,1.7109916963206737,3.7131520552712582,0.6471339419153954,-1.6082745922124881,1.961696518293962
2024-12-04 14:00:00,1.7556888532199109,4.0598633961160395,0.08698542826676801,-1.5171353059746275,1.961696518293962
2024-12-04 14:15:00,2.5602376774061804,3.193085044004086,0.32704907697332264,-1.6994138784503487,2.443911642331892
2024-12-04 14:30:00,1.9568260592664781,4.0598633961160395,0.5671127256798772,-1.3348567334989065,2.2653134482437696
2024-12-04 14:45:00,1.6439459609718179,2.6730180327369144,1.1272612393285046,-1.4259960197367672,1.8366777824322766
2024-12-04 15:00:00,2.5378890989565615,4.146541231327235,-0.0730570042042684,-1.6994138784503487,2.533210739375953
2024-12-04 15:15:00,0.23598551864584666,0.766105658090617,-0.5531843016173776,-1.6082745922124881,-0.0921827137194421
2024-12-04 15:30:00,-0.1439403149976694,1.1128169989353984,0.487091509444359,-1.6082745922124881,-0.0921827137194421
2024-12-04 15:45:00,-0.32272894259461815,0.6794278228794217,-0.0730570042042684,-1.6082745922124881,-0.4493791018956863
2024-12-04 16:00:00,0.2806826755450838,1.026139163724203,0.487091509444359,-1.5171353059746275,0.2471538550479899
2024-12-04 16:15:00,-0.3450775210442367,1.026139163724203,-0.1530782204397866,-1.6994138784503487,-0.4315192824868741
2024-12-04 16:30:00,-0.1439403149976694,1.1128169989353984,-0.39314186914634125,-1.6994138784503487,-0.3065005466251886
2024-12-04 16:45:00,0.548865616940507,0.766105658090617,-1.0333115990304869,-1.6994138784503487,0.03283602214224337
2024-12-04 17:00:00,0.30303125399470243,1.1994948341465936,0.6471339419153954,-1.5171353059746275,0.33645295209205095
2024-12-04 17:15:00,-0.21098605034652518,0.766105658090617,-0.7132267340884141,-1.6082745922124881,-0.4850987407133107
2024-12-04 17:30:00,0.1018940479481351,1.1128169989353984,-0.1530782204397866,-1.5171353059746275,-0.020743436084193264
2024-12-04 17:45:00,-0.2556832072457624,1.286172669357789,0.6471339419153954,-1.5171353059746275,-0.0921827137194421
2024-12-04 18:00:00,-0.27803178569538095,0.8527834933018124,0.006964212031249799,-1.5171353059746275,-0.342220185442813
2024-12-04 18:15:00,-0.1439403149976694,1.286172669357789,-0.6332055178528959,-1.5171353059746275,-0.2886407272163764
2024-12-04 18:30:00,-0.05454600119919504,1.546206174991375,0.6471339419153954,-1.6994138784503487,0.08641548036867999
2024-12-04 18:45:00,0.4818198815916512,0.766105658090617,0.24702786073780442,-1.6994138784503487,0.2650136744568021
2024-12-04 19:00:00,0.12424262639775369,1.1994948341465936,0.487091509444359,-1.6082745922124881,0.13999493859511664
2024-12-04 19:15:00,-0.7473519331373714,-0.6207397052885083,-0.6332055178528959,-0.5146031573581616,-0.9673138647512404
2024-12-04 19:30:00,-0.657957619338897,-0.534061870077313,-0.47316308538185947,-1.5171353059746275,-1.0387531423864893
2024-12-04 19:45:00,-0.6803061977885156,-0.18735052923253165,-1.0333115990304869,-1.5171353059746275,-1.1101924200217381
2024-12-04 20:00:00,-0.5685633055404227,-0.18735052923253165,-0.6332055178528959,-0.7880210160717432,-0.7887156706631183
2024-12-04 20:15:00,-0.47916899174194827,-0.534061870077313,-0.9532903827949687,-1.4259960197367672,-0.9851736841600526
2024-12-04 20:30:00,-0.5685633055404227,-0.534061870077313,-0.9532903827949687,-1.4259960197367672,-1.0566129617953015
2024-12-04 20:45:00,-0.4568204132923297,-0.8807732109220944,-0.47316308538185947,-1.061438874785325,-0.8601549482983671
2024-12-04 21:00:00,-0.47916899174194827,-0.8807732109220944,-0.5531843016173776,-1.243717447261046,-0.931594225933616
2024-12-04 21:15:00,-0.7250033546877528,-0.7074175404997036,-0.7132267340884141,-1.243717447261046,-1.1280522394305503
2024-12-04 21:30:00,-0.9708377176335573,-0.6207397052885083,-0.7932479503239322,-0.5146031573581616,-1.181631697656987
2024-12-04 21:45:00,-0.7250033546877528,-0.6207397052885083,-0.6332055178528959,-1.6082745922124881,-1.1637718782481747
2024-12-04 22:00:00,-1.2390206590289803,-1.054128881344485,-1.0333115990304869,0.9436254224476069,-1.2530709752922358
2024-12-04 22:15:00,-1.037883452982413,-0.7940953757108989,-0.9532903827949687,1.4904611398747702,-0.9137344065248038
2024-12-04 22:30:00,-1.2390206590289803,-0.7074175404997036,-1.0333115990304869,1.0347647086854674,-1.1637718782481747
2024-12-04 22:45:00,-1.1943235021297431,-0.7940953757108989,-0.9532903827949687,0.5790682774961649,-1.2173513364746114
2024-12-04 23:00:00,-1.1943235021297431,-0.9674510461332897,-1.0333115990304869,1.9461575710640728,-1.003033503568865
2024-12-04 23:15:00,-1.0155348745327946,-0.8807732109220944,-1.0333115990304869,0.03223256006900157,-1.2173513364746114
2024-12-04 23:30:00,-1.0602320314320317,-0.7074175404997036,-0.9532903827949687,-0.6968817298338827,-1.3423700723362968
2024-12-04 23:45:00,-1.037883452982413,-0.9674510461332897,-0.9532903827949687,1.6727397123504912,-0.9137344065248038
2024-12-05 00:00:00,-1.1719749236801247,-0.8807732109220944,-1.0333115990304869,0.5790682774961649,-1.2352111558834236
2024-12-05 00:15:00,-1.1049291883312689,-0.7074175404997036,-0.9532903827949687,-0.3323245848824406,-1.3066504335186724
2024-12-05 00:30:00,-1.2390206590289803,-0.7074175404997036,-0.9532903827949687,-0.24118529864458005,-1.3959495305627334
2024-12-05 00:45:00,-1.0602320314320317,-0.7940953757108989,-1.0333115990304869,0.03223256006900157,-1.2352111558834236
2024-12-05 01:00:00,-1.1272777667808875,-0.6207397052885083,-1.0333115990304869,-0.7880210160717432,-1.4138093499715456
2024-12-05 01:15:00,-1.149626345230506,-0.8807732109220944,-0.9532903827949687,0.3056504187825832,-1.2530709752922358
2024-12-05 01:30:00,-1.1272777667808875,-1.054128881344485,-1.0333115990304869,-0.3323245848824406,-1.4138093499715456
2024-12-05 01:45:00,-1.0825806098816502,-0.6207397052885083,-1.0333115990304869,0.21451113254472265,-1.181631697656987
2024-12-05 02:00:00,-1.149626345230506,-1.054128881344485,-0.9532903827949687,-0.6057424435960223,-1.4673888081979822
2024-12-05 02:15:00,-1.2390206590289803,-0.9674510461332897,-1.0333115990304869,-0.6968817298338827,-1.5566879052420433
2024-12-05 02:30:00,-1.0602320314320317,-0.6207397052885083,-1.0333115990304869,-0.058906726168858975,-1.2173513364746114
2024-12-05 02:45:00,-1.1943235021297431,-0.7074175404997036,-1.0333115990304869,-0.6968817298338827,-1.4673888081979822
2024-12-05 03:00:00,-1.0825806098816502,-1.054128881344485,-0.9532903827949687,1.0347647086854674,-1.092332600612926
2024-12-05 03:15:00,-1.0155348745327946,-0.9674510461332897,-1.0333115990304869,0.8524861362097464,-1.0744727812041137
2024-12-05 03:30:00,-1.037883452982413,-0.6207397052885083,-0.9532903827949687,1.7638789985883518,-0.8244353094807427
2024-12-05 03:45:00,-1.1272777667808875,-1.054128881344485,-1.0333115990304869,1.5816004261126306,-1.0387531423864893
2024-12-05 04:00:00,-1.2390206590289803,-0.8807732109220944,-1.0333115990304869,1.0347647086854674,-1.1994915170657992
2024-12-05 04:15:00,0.19128836174660946,-0.7074175404997036,-0.7132267340884141,-0.5146031573581616,-0.252921088398752
2024-12-05 04:30:00,0.6829570876382185,1.4595283397801795,-0.5531843016173776,-0.15004601240671953,0.6936493402682952
2024-12-05 04:45:00,0.9734886074832602,0.3327164820346404,-0.5531843016173776,-0.6057424435960223,0.604350243224234
2024-12-05 05:00:00,1.0628829212817346,-0.534061870077313,-0.313120652910823,-0.7880210160717432,0.515051146180173
2024-12-05 05:15:00,0.548865616940507,1.026139163724203,-0.39314186914634125,0.12337184630686211,0.5864904238154218
2024-12-05 05:30:00,0.9064428721344044,0.5927499876682264,-0.23309943667530483,-0.15004601240671953,0.765088617903544
2024-12-05 05:45:00,0.6829570876382185,-0.44738403486611766,-0.5531843016173776,-1.3348567334989065,0.06855566095986779
2024-12-05 06:00:00,0.81704855833593,0.766105658090617,2.3275794828612777,-1.4259960197367672,1.0508457284445394
2024-12-05 06:15:00,1.6662945394214366,1.9795953510473516,2.9677492127454235,-1.6994138784503487,2.068855434746835
2024-12-05 06:30:00,0.8840942936847858,1.806239680624961,1.287303671799541,-1.3348567334989065,1.104425186670976
2024-12-05 06:45:00,1.532203068723725,1.1994948341465936,1.1272612393285046,-1.6082745922124881,1.4080421166207835
2024-12-05 07:00:00,1.2863687057779205,1.9795953510473516,2.5676431315678325,-1.6082745922124881,1.6937992271617788
2024-12-05 07:15:00,1.3981115980260135,1.6328840102025703,1.0472400230929866,-1.6994138784503487,1.3544626583943469
2024-12-05 07:30:00,0.8840942936847858,1.7195618454137656,2.407600699096796,-1.6994138784503487,1.2651635613502858
2024-12-05 07:45:00,1.5992488040725807,0.07268297640105437,1.4473461042705773,-1.243717447261046,1.372322477803159
2024-12-05 08:00:00,1.8450831670183852,2.1529510214697423,2.6476643478033504,-1.5171353059746275,2.211733990017333
2024-12-05 08:15:00,0.8840942936847858,0.15936081161224971,1.7674309692126502,-1.5171353059746275,0.8365278955387928
2024-12-05 08:30:00,1.8450831670183852,0.4193943172458357,2.3275794828612777,-1.243717447261046,1.8366777824322766
2024-12-05 08:45:00,1.1299286566305904,0.8527834933018124,1.3673248880350592,-1.4259960197367672,1.104425186670976
2024-12-05 09:00:00,1.7333402747702922,1.3728505045689845,2.6476643478033504,-1.6082745922124881,1.9438366988851499
2024-12-05 09:15:00,-0.7920490900366085,1.026139163724203,0.006964212031249799,-0.5146031573581616,-0.5208183795309351
2024-12-05 09:30:00,0.19128836174660946,0.9394613285130077,1.7674309692126502,-0.7880210160717432,0.5864904238154218
2024-12-05 09:45:00,0.03484831259927933,-0.6207397052885083,1.8474521854481685,-0.15004601240671953,0.2828734938656143
2024-12-05 10:00:00,-0.1439403149976694,-0.1006726940213363,1.6073885367416139,0.5790682774961649,0.33645295209205095
2024-12-05 10:15:00,-0.7026547762381342,0.766105658090617,2.087515834154723,-0.24118529864458005,0.014976202733431157
2024-12-05 10:30:00,0.1465912048473723,1.026139163724203,-0.23309943667530483,-0.8791603023096038,0.10427529977749221
2024-12-05 10:45:00,0.16893978329699086,-0.013994858810140965,1.5273673205060956,-1.243717447261046,0.22929403563917766
2024-12-05 11:00:00,-0.8814434038350829,-0.3607061996549223,-0.39314186914634125,0.48792899125830425,-0.7708558512543061
2024-12-05 11:15:00,-0.4121232563930925,-0.6207397052885083,-0.47316308538185947,0.8524861362097464,-0.3957996436692497
2024-12-05 11:30:00,-0.7250033546877528,-0.18735052923253165,-0.5531843016173776,0.9436254224476069,-0.5565380183485595
2024-12-05 11:45:00,-0.5909118839900412,-0.3607061996549223,0.006964212031249799,0.12337184630686211,-0.5208183795309351
2024-12-05 12:00:00,-0.657957619338897,-0.6207397052885083,0.08698542826676801,0.3056504187825832,-0.5743978377573717
2024-12-05 12:15:00,-0.27803178569538095,-0.27402836444372697,0.16700664450228622,0.5790682774961649,-0.12790235253706653
2024-12-05 12:30:00,-0.6356090408892784,-0.27402836444372697,-0.23309943667530483,1.0347647086854674,-0.4136594630780619
2024-12-05 12:45:00,-0.2556832072457624,-0.3607061996549223,-0.7132267340884141,0.7613468499718858,-0.2886407272163764
2024-12-05 13:00:00,-1.0155348745327946,-0.3607061996549223,0.16700664450228622,0.6702075637340253,-0.7172763930278695
2024-12-05 13:15:00,-0.4121232563930925,1.4595283397801795,1.207282455564023,-0.8791603023096038,0.06855566095986779
2024-12-05 13:30:00,-0.32272894259461815,1.286172669357789,-0.23309943667530483,0.12337184630686211,-0.020743436084193264
2024-12-05 13:45:00,1.085231499731353,-0.1006726940213363,2.167537050390241,0.12337184630686211,1.3544626583943469
2024-12-05 14:00:00,0.16893978329699086,0.07268297640105437,0.487091509444359,-0.8791603023096038,0.08641548036867999
2024-12-05 14:15:00,-0.8367462469358458,0.5927499876682264,1.1272612393285046,-1.243717447261046,-0.5386781989397473
2024-12-05 14:30:00,0.8840942936847858,0.6794278228794217,0.5671127256798772,-0.6968817298338827,0.8365278955387928
2024-12-05 14:45:00,0.05719689104889791,1.026139163724203,0.16700664450228622,-0.42346387112030115,0.21143421623036546
2024-12-05 15:00:00,1.0405343428321159,0.3327164820346404,1.3673248880350592,-0.6968817298338827,1.0687055478533516
2024-12-05 15:15:00,1.2193229704290647,1.546206174991375,1.207282455564023,-0.3323245848824406,1.4973412136648445
2024-12-05 15:30:00,-0.6132604624396598,1.286172669357789,-0.0730570042042684,-0.058906726168858975,-0.252921088398752
2024-12-05 15:45:00,0.6382599307389812,0.4193943172458357,0.08698542826676801,-0.3323245848824406,0.5507707849977974
2024-12-05 16:00:00,0.928791450584023,1.3728505045689845,2.5676431315678325,-0.9702995885474643,1.4080421166207835
2024-12-05 16:15:00,0.7723514014366928,0.3327164820346404,2.887727996509905,-1.061438874785325,1.1222850060797882
2024-12-05 16:30:00,1.7780374316695295,0.24603864682344503,0.5671127256798772,-0.8791603023096038,1.4259019360295957
2024-12-05 16:45:00,1.5098544902741065,0.4193943172458357,0.7271551581509137,-0.9702995885474643,1.2651635613502858
2024-12-05 17:00:00,1.1522772350802089,2.066273186258547,2.2475582666257594,-0.7880210160717432,1.6937992271617788
2024-12-05 17:15:00,1.0628829212817346,1.1994948341465936,1.0472400230929866,-0.9702995885474643,1.1401448254886004
2024-12-05 17:30:00,0.7946999798863115,0.6794278228794217,0.6471339419153954,-0.8791603023096038,0.7472287984947318
2024-12-05 17:45:00,1.8674317454680038,1.806239680624961,2.5676431315678325,-0.7880210160717432,2.283173267652582
2024-12-05 18:00:00,1.532203068723725,1.9795953510473516,1.0472400230929866,-1.061438874785325,1.6580795883441544
2024-12-05 18:15:00,0.9064428721344044,-0.1006726940213363,2.5676431315678325,-0.8791603023096038,1.104425186670976
2024-12-05 18:30:00,1.2416715488786834,2.1529510214697423,1.687409752977132,-1.1525781610231856,1.5866403107089055
2024-12-05 18:45:00,0.7053056660878371,0.07268297640105437,-0.1530782204397866,-0.3323245848824406,0.4793315073625486
2024-12-05 19:00:00,0.5712141953901255,0.4193943172458357,0.40707029320884086,0.9436254224476069,0.8186680761299806
2024-12-05 19:15:00,-0.18863747189690658,0.3327164820346404,0.006964212031249799,0.03223256006900157,-0.0743228943106299
2024-12-05 19:30:00,0.9958371859328787,-0.18735052923253165,-0.23309943667530483,0.12337184630686211,0.7293689790859196
2024-12-05 19:45:00,0.12424262639775369,0.15936081161224971,0.32704907697332264,1.0347647086854674,0.40789222972729977
2024-12-05 20:00:00,0.5265170384908884,1.1128169989353984,0.5671127256798772,0.48792899125830425,0.8722475343564172
2024-12-05 20:15:00,0.4818198815916512,0.3327164820346404,0.16700664450228622,-0.42346387112030115,0.40789222972729977
2024-12-05 20:30:00,0.9064428721344044,-0.013994858810140965,0.24702786073780442,-0.8791603023096038,0.604350243224234
2024-12-05 20:45:00,0.2806826755450838,-0.18735052923253165,0.487091509444359,0.12337184630686211,0.31859313268323874
2024-12-05 21:00:00,-0.09924315809843222,-0.18735052923253165,0.24702786073780442,0.7613468499718858,0.08641548036867999
2024-12-05 21:15:00,0.19128836174660946,0.5927499876682264,0.16700664450228622,0.48792899125830425,0.40789222972729977
2024-12-05 21:30:00,-0.21098605034652518,0.6794278228794217,-0.1530782204397866,0.5790682774961649,0.050695841551055575
2024-12-05 21:45:00,0.9064428721344044,0.8527834933018124,0.24702786073780442,-0.058906726168858975,0.943686811991666
2024-12-05 22:00:00,-1.2390206590289803,-0.9674510461332897,-0.9532903827949687,-0.6057424435960223,-1.5209682664244188
2024-12-05 22:15:00,-1.1943235021297431,-0.7074175404997036,-0.9532903827949687,1.308182567399049,-1.0566129617953015
2024-12-05 22:30:00,-1.1049291883312689,-0.7074175404997036,-1.0333115990304869,-0.24118529864458005,-1.3066504335186724
2024-12-05 22:45:00,-1.0602320314320317,-0.9674510461332897,-1.0333115990304869,-0.058906726168858975,-1.2887906141098602
2024-12-05 23:00:00,-1.037883452982413,-0.8807732109220944,-1.0333115990304869,1.5816004261126306,-0.931594225933616
2024-12-05 23:15:00,-1.0602320314320317,-0.7074175404997036,-0.9532903827949687,1.4904611398747702,-0.9137344065248038
2024-12-05 23:30:00,-1.0825806098816502,-1.054128881344485,-1.0333115990304869,1.125903994923328,-1.092332600612926
2024-12-05 23:45:00,-1.0602320314320317,-0.9674510461332897,-1.0333115990304869,-0.24118529864458005,-1.3245102529274846
2024-12-06 00:00:00,-1.1272777667808875,-0.7074175404997036,-1.0333115990304869,1.6727397123504912,-0.9494540453424282
2024-12-06 00:15:00,-1.2166720805793618,-0.6207397052885083,-1.0333115990304869,-0.42346387112030115,-1.4138093499715456
2024-12-06 00:30:00,-1.2166720805793618,-0.6207397052885083,-1.0333115990304869,0.3056504187825832,-1.270930794701048
2024-12-06 00:45:00,-1.1943235021297431,-0.8807732109220944,-0.9532903827949687,1.6727397123504912,-1.020893322977677
2024-12-06 01:00:00,-1.0602320314320317,-0.9674510461332897,-0.9532903827949687,1.3993218536369096,-0.9851736841600526
2024-12-06 01:15:00,-1.037883452982413,-0.9674510461332897,-1.0333115990304869,-0.6968817298338827,-1.3959495305627334
2024-12-06 01:30:00,-1.2166720805793618,-0.7074175404997036,-0.9532903827949687,0.6702075637340253,-1.1994915170657992
2024-12-06 01:45:00,-1.0602320314320317,-0.7940953757108989,-1.0333115990304869,0.8524861362097464,-1.0744727812041137
2024-12-06 02:00:00,-1.1943235021297431,-0.7074175404997036,-0.9532903827949687,1.6727397123504912,-0.9851736841600526
2024-12-06 02:15:00,-1.2166720805793618,-0.9674510461332897,-0.9532903827949687,0.9436254224476069,-1.1994915170657992
2024-12-06 02:30:00,-1.037883452982413,-0.6207397052885083,-0.9532903827949687,0.9436254224476069,-0.9851736841600526
2024-12-06 02:45:00,-1.0602320314320317,-0.7074175404997036,-1.0333115990304869,-0.6968817298338827,-1.360229891745109
2024-12-06 03:00:00,-1.1049291883312689,-0.7074175404997036,-1.0333115990304869,0.9436254224476069,-1.0744727812041137
2024-12-06 03:15:00,-1.037883452982413,-0.7074175404997036,-0.9532903827949687,1.308182567399049,-0.931594225933616
2024-12-06 03:30:00,-1.1272777667808875,-0.7940953757108989,-0.9532903827949687,-0.6057424435960223,-1.3959495305627334
2024-12-06 03:45:00,-1.1049291883312689,-0.7074175404997036,-0.9532903827949687,0.8524861362097464,-1.0744727812041137
2024-12-06 04:00:00,-1.2166720805793618,-0.7074175404997036,-1.0333115990304869,0.12337184630686211,-1.3245102529274846
2024-12-06 04:15:00,0.6159113522893627,-0.7074175404997036,-0.9532903827949687,-0.24118529864458005,0.08641548036867999
2024-12-06 04:30:00,1.085231499731353,-0.013994858810140965,-0.47316308538185947,-0.058906726168858975,0.7472287984947318
2024-12-06 04:45:00,-0.21098605034652518,-0.44738403486611766,-0.6332055178528959,0.12337184630686211,-0.3779398242604375
2024-12-06 05:00:00,0.5935627738397441,0.9394613285130077,-0.7932479503239322,0.03223256006900157,0.4971913267713608
2024-12-06 05:15:00,0.7500028229870742,-0.534061870077313,-0.5531843016173776,-1.061438874785325,0.15785475800392884
2024-12-06 05:30:00,0.9511400290336416,0.15936081161224971,-0.5531843016173776,-0.8791603023096038,0.4971913267713608
2024-12-06 05:45:00,0.012499734149660732,0.6794278228794217,-0.8732691665594505,-0.24118529864458005,-0.0921827137194421
2024-12-06 06:00:00,1.8227345885687667,1.1994948341465936,2.4876219153323142,-1.243717447261046,2.0152759765203987
2024-12-06 06:15:00,1.6439459609718179,1.286172669357789,1.287303671799541,-1.6082745922124881,1.5509206718912811
2024-12-06 06:30:00,1.196974391979446,1.6328840102025703,1.8474521854481685,-1.243717447261046,1.46162157484722
2024-12-06 06:45:00,1.085231499731353,1.546206174991375,0.6471339419153954,-1.5171353059746275,1.0329859090357272
2024-12-06 07:00:00,0.8393971367855486,1.286172669357789,0.6471339419153954,-1.3348567334989065,0.8186680761299806
2024-12-06 07:15:00,0.8840942936847858,0.4193943172458357,1.287303671799541,-1.3348567334989065,0.8186680761299806
2024-12-06 07:30:00,1.308717284227539,1.4595283397801795,2.2475582666257594,-1.6082745922124881,1.533060852482469
2024-12-06 07:45:00,1.1746258135298275,0.5927499876682264,1.687409752977132,-1.6082745922124881,1.1222850060797882
2024-12-06 08:00:00,0.7946999798863115,2.1529510214697423,1.5273673205060956,-1.6994138784503487,1.0865653672621638
2024-12-06 08:15:00,0.9734886074832602,-0.1006726940213363,2.807706780274387,-1.6082745922124881,1.0687055478533516
2024-12-06 08:30:00,1.7333402747702922,-0.013994858810140965,0.8071763743864319,-1.4259960197367672,1.283023380759098
2024-12-06 08:45:00,1.7333402747702922,2.4129845271033283,1.3673248880350592,-1.6994138784503487,1.8545376018410888
2024-12-06 09:00:00,1.3981115980260135,0.3327164820346404,1.687409752977132,-1.6994138784503487,1.2294439225326614
2024-12-06 09:15:00,-1.149626345230506,1.1128169989353984,0.08698542826676801,-0.24118529864458005,-0.7172763930278695
2024-12-06 09:30:00,0.7500028229870742,-0.18735052923253165,-0.1530782204397866,-0.3323245848824406,0.4614716879537364
2024-12-06 09:45:00,0.03484831259927933,-0.9674510461332897,0.7271551581509137,-0.42346387112030115,-0.0921827137194421
2024-12-06 10:00:00,-0.5238661486411854,-0.8807732109220944,1.287303671799541,-0.8791603023096038,-0.4850987407133107
2024-12-06 10:15:00,0.5935627738397441,-0.7940953757108989,1.6073885367416139,0.21451113254472265,0.7115091596771074
2024-12-06 10:30:00,0.5712141953901255,0.3327164820346404,1.207282455564023,-0.8791603023096038,0.6222100626330462
2024-12-06 10:45:00,-0.9037919822847015,-0.27402836444372697,-0.23309943667530483,0.8524861362097464,-0.6636969348014328
2024-12-06 11:00:00,-0.6356090408892784,-0.6207397052885083,-0.0730570042042684,0.9436254224476069,-0.4672389213044985
2024-12-06 11:15:00,-0.23333462879614378,-0.534061870077313,-0.0730570042042684,0.9436254224476069,-0.12790235253706653
2024-12-06 11:30:00,-0.3674260994938553,-0.3607061996549223,-0.39314186914634125,0.6702075637340253,-0.3243603660340008
2024-12-06 11:45:00,0.0795454694985165,-0.27402836444372697,-0.7932479503239322,0.12337184630686211,-0.14576217194587873
2024-12-06 12:00:00,-0.6132604624396598,-0.534061870077313,-0.5531843016173776,0.48792899125830425,-0.6279772959838084
2024-12-06 12:15:00,-0.5685633055404227,-0.3607061996549223,-0.0730570042042684,0.21451113254472265,-0.5029585601221229
2024-12-06 12:30:00,-0.27803178569538095,-0.6207397052885083,-0.7932479503239322,0.12337184630686211,-0.5029585601221229
2024-12-06 12:45:00,-0.9931862960831759,-0.3607061996549223,-0.7132267340884141,0.8524861362097464,-0.8601549482983671
2024-12-06 13:00:00,-0.9261405607343202,-0.44738403486611766,-0.7132267340884141,0.12337184630686211,-0.9673138647512404
2024-12-06 13:15:00,-0.4121232563930925,1.026139163724203,0.8871975906219501,-0.8791603023096038,-0.0921827137194421
2024-12-06 13:30:00,0.548865616940507,1.546206174991375,1.5273673205060956,-0.9702995885474643,0.9079671731740416
2024-12-06 13:45:00,1.2193229704290647,0.766105658090617,0.7271551581509137,-0.42346387112030115,1.2115841031238492
2024-12-06 14:00:00,1.2193229704290647,-0.013994858810140965,2.167537050390241,-0.5146031573581616,1.3544626583943469
2024-12-06 14:15:00,0.012499734149660732,0.15936081161224971,0.6471339419153954,-1.061438874785325,-0.020743436084193264
2024-12-06 14:30:00,0.5265170384908884,1.026139163724203,-0.0730570042042684,-1.1525781610231856,0.39003241031848757
2024-12-06 14:45:00,0.325379832444321,0.4193943172458357,0.24702786073780442,-1.243717447261046,0.15785475800392884
2024-12-06 15:00:00,1.085231499731353,0.766105658090617,-0.23309943667530483,-0.8791603023096038,0.8008082567211684
2024-12-06 15:15:00,0.6382599307389812,0.6794278228794217,-0.47316308538185947,-0.7880210160717432,0.39003241031848757
2024-12-06 15:30:00,0.1018940479481351,0.5060721524570311,1.207282455564023,-1.243717447261046,0.21143421623036546
2024-12-06 15:45:00,-0.21098605034652518,0.4193943172458357,0.16700664450228622,-0.9702995885474643,-0.2350612689899398
2024-12-06 16:00:00,1.688643117871055,0.24603864682344503,0.5671127256798772,-1.1525781610231856,1.3008832001679103
2024-12-06 16:15:00,1.8897803239176225,0.5927499876682264,2.6476643478033504,-1.061438874785325,2.0152759765203987
2024-12-06 16:30:00,1.196974391979446,2.1529510214697423,0.7271551581509137,-0.9702995885474643,1.372322477803159
2024-12-06 16:45:00,1.7556888532199109,0.15936081161224971,2.4876219153323142,-1.243717447261046,1.7473786853882156
2024-12-06 17:00:00,0.9958371859328787,1.1128169989353984,2.6476643478033504,-1.1525781610231856,1.3901822972119713
2024-12-06 17:15:00,1.6215973825221994,0.24603864682344503,1.4473461042705773,-0.7880210160717432,1.5152010330736567
2024-12-06 17:30:00,1.6662945394214366,1.9795953510473516,2.2475582666257594,-1.243717447261046,1.9974161571115865
2024-12-06 17:45:00,0.8393971367855486,1.026139163724203,1.207282455564023,-0.9702995885474643,0.9615466314004782
2024-12-06 18:00:00,1.7109916963206737,1.286172669357789,1.3673248880350592,-1.243717447261046,1.6937992271617788
2024-12-06 18:15:00,1.8674317454680038,0.07268297640105437,0.7271551581509137,-0.8791603023096038,1.4973412136648445
2024-12-06 18:30:00,1.3534144411267761,2.4129845271033283,2.087515834154723,-0.9702995885474643,1.8545376018410888
2024-12-06 18:45:00,0.2806826755450838,0.24603864682344503,0.08698542826676801,0.8524861362097464,0.4614716879537364
2024-12-06 19:00:00,0.81704855833593,0.24603864682344503,-0.1530782204397866,0.9436254224476069,0.854387714947605
2024-12-06 19:15:00,0.6829570876382185,0.8527834933018124,0.5671127256798772,-0.6057424435960223,0.7293689790859196
2024-12-06 19:30:00,0.9958371859328787,1.026139163724203,0.16700664450228622,-0.42346387112030115,0.9615466314004782
2024-12-06 19:45:00,0.7053056660878371,0.8527834933018124,0.32704907697332264,-0.5146031573581616,0.7115091596771074
2024-12-06 20:00:00,-0.27803178569538095,0.5927499876682264,-0.1530782204397866,-0.058906726168858975,-0.14576217194587873
2024-12-06 20:15:00,0.3700769893435582,-0.3607061996549223,0.32704907697332264,0.9436254224476069,0.4793315073625486
2024-12-06 20:30:00,0.5712141953901255,1.026139163724203,0.40707029320884086,0.9436254224476069,0.943686811991666
2024-12-06 20:45:00,0.81704855833593,-0.534061870077313,0.08698542826676801,1.4904611398747702,0.854387714947605
2024-12-06 21:00:00,0.9734886074832602,-0.534061870077313,0.16700664450228622,-0.058906726168858975,0.6936493402682952
2024-12-06 21:15:00,0.2806826755450838,0.3327164820346404,0.006964212031249799,0.7613468499718858,0.4436118685449242
2024-12-06 21:30:00,0.012499734149660732,-0.013994858810140965,0.24702786073780442,1.308182567399049,0.31859313268323874
2024-12-06 21:45:00,0.7723514014366928,0.4193943172458357,0.16700664450228622,0.3056504187825832,0.8008082567211684
2024-12-06 22:00:00,-1.1272777667808875,-0.9674510461332897,-0.9532903827949687,0.5790682774961649,-1.1994915170657992
2024-12-06 22:15:00,-1.1049291883312689,-0.9674510461332897,-1.0333115990304869,1.308182567399049,-1.0566129617953015
2024-12-06 22:30:00,-1.037883452982413,-0.7074175404997036,-1.0333115990304869,0.6702075637340253,-1.0744727812041137
2024-12-06 22:45:00,-1.2390206590289803,-1.054128881344485,-0.9532903827949687,1.3993218536369096,-1.1459120588393625
2024-12-06 23:00:00,-1.149626345230506,-1.054128881344485,-1.0333115990304869,0.8524861362097464,-1.1994915170657992
2024-12-06 23:15:00,-1.1719749236801247,-0.8807732109220944,-1.0333115990304869,0.3056504187825832,-1.2887906141098602
2024-12-06 23:30:00,-1.0602320314320317,-0.6207397052885083,-0.9532903827949687,0.12337184630686211,-1.1637718782481747
2024-12-06 23:45:00,-1.0602320314320317,-0.7074175404997036,-1.0333115990304869,-0.058906726168858975,-1.2352111558834236
2024-12-07 00:00:00,-1.2166720805793618,-0.7940953757108989,-1.0333115990304869,0.6702075637340253,-1.2352111558834236
2024-12-07 00:15:00,-1.1719749236801247,-0.9674510461332897,-1.0333115990304869,0.48792899125830425,-1.270930794701048
2024-12-07 00:30:00,-1.037883452982413,-0.6207397052885083,-0.9532903827949687,-0.3323245848824406,-1.2352111558834236
2024-12-07 00:45:00,-1.2166720805793618,-0.7940953757108989,-0.9532903827949687,0.8524861362097464,-1.181631697656987
2024-12-07 01:00:00,-1.2166720805793618,-0.9674510461332897,-0.9532903827949687,1.9461575710640728,-1.003033503568865
2024-12-07 01:15:00,-1.0602320314320317,-0.7074175404997036,-0.9532903827949687,0.8524861362097464,-1.0387531423864893
2024-12-07 01:30:00,-1.1272777667808875,-0.8807732109220944,-0.9532903827949687,-0.24118529864458005,-1.3423700723362968
2024-12-07 01:45:00,-1.0155348745327946,-1.054128881344485,-1.0333115990304869,0.7613468499718858,-1.1101924200217381
2024-12-07 02:00:00,-1.149626345230506,-0.6207397052885083,-1.0333115990304869,-0.15004601240671953,-1.3066504335186724
2024-12-07 02:15:00,-1.2166720805793618,-0.7940953757108989,-0.9532903827949687,-0.7880210160717432,-1.5031084470156066
2024-12-07 02:30:00,-1.0602320314320317,-0.6207397052885083,-1.0333115990304869,0.3056504187825832,-1.1459120588393625
2024-12-07 02:45:00,-1.1943235021297431,-0.7074175404997036,-1.0333115990304869,-0.24118529864458005,-1.3780897111539212
2024-12-07 03:00:00,-1.2390206590289803,-0.8807732109220944,-1.0333115990304869,0.48792899125830425,-1.3066504335186724
2024-12-07 03:15:00,-1.0155348745327946,-1.054128881344485,-0.9532903827949687,1.5816004261126306,-0.931594225933616
2024-12-07 03:30:00,-1.0155348745327946,-0.9674510461332897,-1.0333115990304869,0.9436254224476069,-1.0566129617953015
2024-12-07 03:45:00,-1.1049291883312689,-0.7074175404997036,-1.0333115990304869,0.48792899125830425,-1.1637718782481747
2024-12-07 04:00:00,-1.0602320314320317,-0.7940953757108989,-1.0333115990304869,0.3056504187825832,-1.181631697656987
2024-12-07 04:15:00,0.5041684600412697,-0.1006726940213363,-0.23309943667530483,-1.4259960197367672,0.050695841551055575
2024-12-07 04:30:00,1.085231499731353,-0.6207397052885083,-0.313120652910823,-1.061438874785325,0.4614716879537364
2024-12-07 04:45:00,0.8393971367855486,-0.7940953757108989,-0.313120652910823,-0.15004601240671953,0.40789222972729977
2024-12-07 05:00:00,0.3477284108939396,0.3327164820346404,-0.47316308538185947,-0.42346387112030115,0.15785475800392884
2024-12-07 05:15:00,0.6382599307389812,-0.9674510461332897,-0.313120652910823,-1.4259960197367672,-0.03860325549300547
2024-12-07 05:30:00,-0.21098605034652518,-0.1006726940213363,-0.313120652910823,-0.3323245848824406,-0.3243603660340008
2024-12-07 05:45:00,0.325379832444321,0.3327164820346404,-0.6332055178528959,-0.7880210160717432,0.03283602214224337
2024-12-07 06:00:00,1.6215973825221994,1.9795953510473516,2.7276855640388686,-1.3348567334989065,2.050995615338023
2024-12-07 06:15:00,1.2863687057779205,1.286172669357789,0.7271551581509137,-1.3348567334989065,1.193724283715037
2024-12-07 06:30:00,1.085231499731353,1.546206174991375,1.8474521854481685,-1.5171353059746275,1.3008832001679103
2024-12-07 06:45:00,1.2640201273283018,1.546206174991375,1.9274734016836867,-1.5171353059746275,1.46162157484722
2024-12-07 07:00:00,1.8450831670183852,-0.18735052923253165,1.207282455564023,-1.5171353059746275,1.4080421166207835
2024-12-07 07:15:00,1.3757630195763948,2.2396288566809375,2.807706780274387,-1.6994138784503487,1.8545376018410888
2024-12-07 07:30:00,1.0628829212817346,1.7195618454137656,2.4876219153323142,-1.6082745922124881,1.443761755438408
2024-12-07 07:45:00,1.465157333374869,1.1994948341465936,2.167537050390241,-1.6082745922124881,1.5866403107089055
2024-12-07 08:00:00,0.9511400290336416,1.286172669357789,2.4876219153323142,-1.243717447261046,1.3366028389855347
2024-12-07 08:15:00,0.9734886074832602,0.5927499876682264,2.887727996509905,-1.4259960197367672,1.2651635613502858
2024-12-07 08:30:00,1.3310658626771577,0.24603864682344503,1.207282455564023,-1.4259960197367672,1.104425186670976
2024-12-07 08:45:00,1.6439459609718179,1.546206174991375,1.7674309692126502,-1.3348567334989065,1.7652385047970278
2024-12-07 09:00:00,0.8393971367855486,1.9795953510473516,2.9677492127454235,-1.5171353059746275,1.443761755438408
2024-12-07 09:15:00,-0.03219742274957645,0.07268297640105437,2.167537050390241,-0.6057424435960223,0.35431277150086316
2024-12-07 09:30:00,0.30303125399470243,-0.9674510461332897,-0.23309943667530483,1.0347647086854674,0.19357439682155325
2024-12-07 09:45:00,-0.3450775210442367,-0.8807732109220944,-0.47316308538185947,-0.42346387112030115,-0.6458371153926206
2024-12-07 10:00:00,0.4147741462427954,0.5060721524570311,0.40707029320884086,0.8524861362097464,0.6936493402682952
2024-12-07 10:15:00,0.7500028229870742,0.3327164820346404,2.087515834154723,0.6702075637340253,1.2651635613502858
2024-12-07 10:30:00,-0.5238661486411854,-0.7940953757108989,1.1272612393285046,-0.058906726168858975,-0.342220185442813
2024-12-07 10:45:00,-0.27803178569538095,-0.8807732109220944,1.287303671799541,0.48792899125830425,-0.020743436084193264
2024-12-07 11:00:00,-0.05454600119919504,-0.18735052923253165,-0.39314186914634125,0.8524861362097464,-0.0028836166753810535
2024-12-07 11:15:00,-0.9261405607343202,-0.3607061996549223,-0.7932479503239322,0.12337184630686211,-0.9673138647512404
2024-12-07 11:30:00,-0.4344718348427111,-0.3607061996549223,-0.5531843016173776,0.6702075637340253,-0.4136594630780619
2024-12-07 11:45:00,-1.0155348745327946,-0.44738403486611766,-0.39314186914634125,0.6702075637340253,-0.8601549482983671
2024-12-07 12:00:00,-0.5462147270908041,-0.3607061996549223,-0.47316308538185947,0.7613468499718858,-0.4672389213044985
2024-12-07 12:15:00,-0.47916899174194827,-0.6207397052885083,-0.7932479503239322,0.8524861362097464,-0.5208183795309351
2024-12-07 12:30:00,-0.7250033546877528,-0.534061870077313,0.08698542826676801,0.8524861362097464,-0.5029585601221229
2024-12-07 12:45:00,-0.7920490900366085,-0.27402836444372697,-0.47316308538185947,0.5790682774961649,-0.681556754210245
2024-12-07 13:00:00,0.05719689104889791,-0.44738403486611766,-0.6332055178528959,0.5790682774961649,-0.0743228943106299
2024-12-07 13:15:00,-0.8367462469358458,1.4595283397801795,1.0472400230929866,-1.243717447261046,-0.3779398242604375
2024-12-07 13:30:00,0.6829570876382185,0.6794278228794217,0.08698542826676801,-0.058906726168858975,0.6936493402682952
2024-12-07 13:45:00,-0.9261405607343202,0.24603864682344503,1.0472400230929866,-0.5146031573581616,-0.5565380183485595
2024-12-07 14:00:00,0.1018940479481351,0.766105658090617,1.5273673205060956,-0.058906726168858975,0.5686306044066096
2024-12-07 14:15:00,-0.3674260994938553,0.766105658090617,-0.1530782204397866,0.12337184630686211,-0.14576217194587873
2024-12-07 14:30:00,-0.32272894259461815,0.8527834933018124,-0.0730570042042684,-0.24118529864458005,-0.14576217194587873
2024-12-07 14:45:00,0.4147741462427954,-0.013994858810140965,0.16700664450228622,-0.3323245848824406,0.30073331327442654
2024-12-07 15:00:00,0.7500028229870742,0.5060721524570311,-0.47316308538185947,0.12337184630686211,0.6222100626330462
2024-12-07 15:15:00,0.9064428721344044,-0.18735052923253165,-0.313120652910823,-0.9702995885474643,0.425752049136112
2024-12-07 15:30:00,-1.3284149728274548,-0.1006726940213363,1.687409752977132,0.12337184630686211,-0.681556754210245
2024-12-07 15:45:00,-0.1439403149976694,1.4595283397801795,0.16700664450228622,-0.24118529864458005,0.17571457741274105
2024-12-07 16:00:00,1.6439459609718179,1.1128169989353984,2.2475582666257594,-1.243717447261046,1.8009581436146522
2024-12-07 16:15:00,0.9734886074832602,-0.013994858810140965,2.887727996509905,-1.1525781610231856,1.193724283715037
2024-12-07 16:30:00,1.308717284227539,1.026139163724203,2.7276855640388686,-0.8791603023096038,1.6937992271617788
2024-12-07 16:45:00,1.5545516471733436,1.4595283397801795,2.087515834154723,-1.061438874785325,1.8009581436146522
2024-12-07 17:00:00,1.5992488040725807,0.24603864682344503,1.9274734016836867,-1.061438874785325,1.5509206718912811
2024-12-07 17:15:00,1.196974391979446,1.3728505045689845,2.6476643478033504,-0.8791603023096038,1.6580795883441544
2024-12-07 17:30:00,1.3757630195763948,0.766105658090617,1.207282455564023,-1.243717447261046,1.283023380759098
2024-12-07 17:45:00,0.9734886074832602,2.1529510214697423,2.4876219153323142,-0.8791603023096038,1.6045001301177177
2024-12-07 18:00:00,1.7780374316695295,1.286172669357789,1.7674309692126502,-1.061438874785325,1.872397421249901
2024-12-07 18:15:00,1.5098544902741065,2.066273186258547,1.207282455564023,-1.1525781610231856,1.6759394077529666
2024-12-07 18:30:00,1.6215973825221994,0.5927499876682264,1.8474521854481685,-1.243717447261046,1.5866403107089055
2024-12-07 18:45:00,0.16893978329699086,-0.6207397052885083,0.5671127256798772,-0.7880210160717432,-0.020743436084193264
2024-12-07 19:00:00,0.3924255677931768,-0.1006726940213363,0.08698542826676801,1.308182567399049,0.5686306044066096
2024-12-07 19:15:00,0.5265170384908884,-0.3607061996549223,-0.23309943667530483,0.03223256006900157,0.30073331327442654
2024-12-07 19:30:00,0.7500028229870742,0.5927499876682264,0.40707029320884086,0.48792899125830425,0.9079671731740416
2024-12-07 19:45:00,-0.2556832072457624,0.4193943172458357,0.08698542826676801,-0.9702995885474643,-0.2886407272163764
2024-12-07 20:00:00,-0.166288893447288,0.5060721524570311,0.08698542826676801,-1.1525781610231856,-0.2350612689899398
2024-12-07 20:15:00,-0.21098605034652518,0.3327164820346404,-0.0730570042042684,-0.8791603023096038,-0.2886407272163764
2024-12-07 20:30:00,0.25833409709546523,-0.534061870077313,0.5671127256798772,-1.243717447261046,-0.020743436084193264
2024-12-07 20:45:00,0.437122724692414,-0.534061870077313,0.40707029320884086,-0.15004601240671953,0.30073331327442654
2024-12-07 21:00:00,0.8840942936847858,0.15936081161224971,0.006964212031249799,1.2170432811611887,0.9794064508092905
2024-12-07 21:15:00,0.6829570876382185,0.766105658090617,-0.1530782204397866,0.48792899125830425,0.765088617903544
2024-12-07 21:30:00,0.012499734149660732,0.8527834933018124,0.32704907697332264,-0.24118529864458005,0.21143421623036546
2024-12-07 21:45:00,0.5041684600412697,0.24603864682344503,0.487091509444359,-0.42346387112030115,0.4793315073625486
2024-12-07 22:00:00,-1.1049291883312689,-0.9674510461332897,-0.9532903827949687,0.48792899125830425,-1.1994915170657992
2024-12-07 22:15:00,-1.1719749236801247,-0.9674510461332897,-1.0333115990304869,-0.6968817298338827,-1.5031084470156066
2024-12-07 22:30:00,-1.1719749236801247,-0.6207397052885083,-0.9532903827949687,0.39678970502044375,-1.1994915170657992
2024-12-07 22:45:00,-1.037883452982413,-0.6207397052885083,-1.0333115990304869,1.6727397123504912,-0.8601549482983671
2024-12-07 23:00:00,-1.037883452982413,-0.9674510461332897,-1.0333115990304869,1.125903994923328,-1.0387531423864893
2024-12-07 23:15:00,-1.2166720805793618,-0.6207397052885083,-1.0333115990304869,0.03223256006900157,-1.3245102529274846
2024-12-07 23:30:00,-1.0602320314320317,-0.7940953757108989,-1.0333115990304869,1.2170432811611887,-1.003033503568865
2024-12-07 23:45:00,-1.0825806098816502,-0.9674510461332897,-0.9532903827949687,1.7638789985883518,-0.931594225933616
2024-12-08 00:00:00,-1.0825806098816502,-0.7940953757108989,-1.0333115990304869,0.12337184630686211,-1.2352111558834236
2024-12-08 00:15:00,-1.0602320314320317,-0.7074175404997036,-0.9532903827949687,0.03223256006900157,-1.1994915170657992
2024-12-08 00:30:00,-1.037883452982413,-0.7940953757108989,-1.0333115990304869,0.48792899125830425,-1.1280522394305503
2024-12-08 00:45:00,-1.1049291883312689,-0.7940953757108989,-1.0333115990304869,-0.3323245848824406,-1.3423700723362968
2024-12-08 01:00:00,-1.1943235021297431,-0.6207397052885083,-0.9532903827949687,0.21451113254472265,-1.2530709752922358
2024-12-08 01:15:00,-1.0825806098816502,-0.7940953757108989,-1.0333115990304869,1.5816004261126306,-0.9494540453424282
2024-12-08 01:30:00,-1.037883452982413,-0.7074175404997036,-0.9532903827949687,0.21451113254472265,-1.1459120588393625
2024-12-08 01:45:00,-1.1719749236801247,-0.6207397052885083,-1.0333115990304869,0.12337184630686211,-1.270930794701048
2024-12-08 02:00:00,-1.149626345230506,-1.054128881344485,-0.9532903827949687,1.6727397123504912,-1.020893322977677
2024-12-08 02:15:00,-1.149626345230506,-0.6207397052885083,-1.0333115990304869,1.8550182848262124,-0.9137344065248038
2024-12-08 02:30:00,-1.1719749236801247,-0.9674510461332897,-1.0333115990304869,0.03223256006900157,-1.360229891745109
2024-12-08 02:45:00,-1.0602320314320317,-0.6207397052885083,-0.9532903827949687,0.5790682774961649,-1.0744727812041137
2024-12-08 03:00:00,-1.1272777667808875,-0.9674510461332897,-0.9532903827949687,-0.3323245848824406,-1.3780897111539212
2024-12-08 03:15:00,-1.037883452982413,-0.8807732109220944,-1.0333115990304869,1.0347647086854674,-1.0387531423864893
2024-12-08 03:30:00,-1.0602320314320317,-0.8807732109220944,-0.9532903827949687,0.7613468499718858,-1.092332600612926
2024-12-08 03:45:00,-1.1719749236801247,-0.9674510461332897,-1.0333115990304869,1.7638789985883518,-1.020893322977677
2024-12-08 04:00:00,-1.037883452982413,-0.8807732109220944,-1.0333115990304869,1.2170432811611887,-1.003033503568865
2024-12-08 04:15:00,1.1299286566305904,-1.054128881344485,-0.9532903827949687,-0.8791603023096038,0.30073331327442654
2024-12-08 04:30:00,-0.12159173654805082,-0.013994858810140965,-0.39314186914634125,-0.3323245848824406,-0.252921088398752
2024-12-08 04:45:00,0.3700769893435582,0.24603864682344503,-1.0333115990304869,0.03223256006900157,0.12213511918630442
2024-12-08 05:00:00,0.03484831259927933,0.9394613285130077,-0.47316308538185947,-1.4259960197367672,-0.16362199135469094
2024-12-08 05:15:00,-0.1439403149976694,1.286172669357789,-0.23309943667530483,-0.058906726168858975,0.08641548036867999
2024-12-08 05:30:00,0.012499734149660732,-0.534061870077313,-0.313120652910823,-1.243717447261046,-0.4136594630780619
2024-12-08 05:45:00,1.2193229704290647,-0.18735052923253165,-0.7932479503239322,-0.24118529864458005,0.7115091596771074
2024-12-08 06:00:00,1.2416715488786834,0.8527834933018124,1.3673248880350592,-1.6994138784503487,1.1401448254886004
2024-12-08 06:15:00,1.4428087549252506,1.286172669357789,2.087515834154723,-1.243717447261046,1.6402197689353422
2024-12-08 06:30:00,1.6439459609718179,1.6328840102025703,2.4876219153323142,-1.4259960197367672,1.9259768794763377
2024-12-08 06:45:00,1.420460176475632,0.15936081161224971,2.407600699096796,-1.243717447261046,1.46162157484722
2024-12-08 07:00:00,1.465157333374869,1.3728505045689845,2.407600699096796,-1.243717447261046,1.7473786853882156
2024-12-08 07:15:00,1.196974391979446,2.326306691892133,0.8871975906219501,-1.6082745922124881,1.3187430195767225
2024-12-08 07:30:00,1.7109916963206737,1.1128169989353984,1.687409752977132,-1.243717447261046,1.7295188659794032
2024-12-08 07:45:00,1.2863687057779205,0.8527834933018124,0.7271551581509137,-1.4259960197367672,1.0865653672621638
2024-12-08 08:00:00,0.9064428721344044,0.5927499876682264,2.007494617919205,-1.3348567334989065,1.0329859090357272
2024-12-08 08:15:00,1.1075800781809717,2.326306691892133,0.5671127256798772,-1.5171353059746275,1.193724283715037
2024-12-08 08:30:00,1.0181857643824974,0.4193943172458357,1.5273673205060956,-1.6082745922124881,0.9258269925828538
2024-12-08 08:45:00,1.7556888532199109,1.1994948341465936,2.9677492127454235,-1.4259960197367672,2.0331357959292107
2024-12-08 09:00:00,1.3534144411267761,1.6328840102025703,2.807706780274387,-1.5171353059746275,1.7473786853882156
2024-12-08 09:15:00,0.16893978329699086,0.8527834933018124,0.6471339419153954,0.9436254224476069,0.6400698820418586
2024-12-08 09:30:00,-0.8367462469358458,-0.44738403486611766,0.9672188068574683,-0.058906726168858975,-0.5565380183485595
2024-12-08 09:45:00,-0.7697005115869899,-0.18735052923253165,2.167537050390241,-0.8791603023096038,-0.342220185442813
2024-12-08 10:00:00,-0.32272894259461815,0.15936081161224971,1.6073885367416139,-0.42346387112030115,0.050695841551055575
2024-12-08 10:15:00,-0.9708377176335573,-0.44738403486611766,2.087515834154723,0.39678970502044375,-0.3243603660340008
2024-12-08 10:30:00,-0.4344718348427111,-0.6207397052885083,-0.1530782204397866,0.21451113254472265,-0.4672389213044985
2024-12-08 10:45:00,0.1465912048473723,0.8527834933018124,0.6471339419153954,0.7613468499718858,0.5864904238154218
2024-12-08 11:00:00,0.1018940479481351,-0.6207397052885083,-0.6332055178528959,0.9436254224476069,-0.0028836166753810535
2024-12-08 11:15:00,-0.8367462469358458,-0.27402836444372697,-0.313120652910823,0.48792899125830425,-0.6994165736190572
2024-12-08 11:30:00,-0.47916899174194827,-0.6207397052885083,-0.1530782204397866,0.39678970502044375,-0.4672389213044985
2024-12-08 11:45:00,-0.8590948253854643,-0.534061870077313,0.006964212031249799,1.0347647086854674,-0.592257657166184
2024-12-08 12:00:00,-1.0155348745327946,-0.534061870077313,-0.5531843016173776,0.39678970502044375,-0.9673138647512404
2024-12-08 12:15:00,-0.8143976684862272,-0.44738403486611766,-0.7932479503239322,0.8524861362097464,-0.7529960318454939
2024-12-08 12:30:00,-1.0155348745327946,-0.534061870077313,-0.6332055178528959,0.7613468499718858,-0.9137344065248038
2024-12-08 12:45:00,-0.00984884429995786,-0.27402836444372697,0.16700664450228622,0.3056504187825832,0.03283602214224337
2024-12-08 13:00:00,-0.657957619338897,-0.6207397052885083,-0.5531843016173776,0.12337184630686211,-0.7529960318454939
2024-12-08 13:15:00,0.7500028229870742,0.766105658090617,0.6471339419153954,-1.1525781610231856,0.675789520859483
2024-12-08 13:30:00,0.7946999798863115,0.766105658090617,1.687409752977132,-0.058906726168858975,1.1580046448974126
2024-12-08 13:45:00,0.7276542445374556,1.4595283397801795,1.687409752977132,-0.6057424435960223,1.1401448254886004
2024-12-08 14:00:00,1.0628829212817346,0.6794278228794217,-0.47316308538185947,-0.5146031573581616,0.7829484373123562
2024-12-08 14:15:00,0.21363694019622806,1.026139163724203,1.1272612393285046,-1.061438874785325,0.425752049136112
2024-12-08 14:30:00,0.12424262639775369,0.766105658090617,2.007494617919205,-0.6968817298338827,0.5686306044066096
2024-12-08 14:45:00,1.196974391979446,0.07268297640105437,1.5273673205060956,-1.061438874785325,1.104425186670976
2024-12-08 15:00:00,1.085231499731353,-0.1006726940213363,2.087515834154723,-0.5146031573581616,1.2115841031238492
2024-12-08 15:15:00,0.7500028229870742,1.1994948341465936,-0.39314186914634125,-0.6968817298338827,0.6222100626330462
2024-12-08 15:30:00,-0.5909118839900412,-0.013994858810140965,0.6471339419153954,-0.8791603023096038,-0.5029585601221229
2024-12-08 15:45:00,1.085231499731353,1.1994948341465936,0.24702786073780442,0.12337184630686211,1.193724283715037
2024-12-08 16:00:00,1.2193229704290647,1.7195618454137656,2.087515834154723,-0.8791603023096038,1.62235994952653
2024-12-08 16:15:00,1.7333402747702922,1.026139163724203,1.7674309692126502,-1.1525781610231856,1.7652385047970278
2024-12-08 16:30:00,1.2416715488786834,1.3728505045689845,0.6471339419153954,-1.243717447261046,1.1758644643062248
2024-12-08 16:45:00,1.532203068723725,0.9394613285130077,1.207282455564023,-0.7880210160717432,1.533060852482469
2024-12-08 17:00:00,0.8393971367855486,0.07268297640105437,1.9274734016836867,-0.7880210160717432,0.9615466314004782
2024-12-08 17:15:00,1.2640201273283018,-0.013994858810140965,2.807706780274387,-0.7880210160717432,1.4794813942560323
2024-12-08 17:30:00,1.7780374316695295,2.326306691892133,0.8071763743864319,-1.1525781610231856,1.8545376018410888
2024-12-08 17:45:00,0.8840942936847858,0.07268297640105437,2.807706780274387,-0.7880210160717432,1.193724283715037
2024-12-08 18:00:00,1.7556888532199109,0.07268297640105437,2.167537050390241,-0.7880210160717432,1.7473786853882156
2024-12-08 18:15:00,0.8393971367855486,0.5060721524570311,2.167537050390241,-1.243717447261046,1.015126089626915
2024-12-08 18:30:00,1.2193229704290647,0.24603864682344503,1.687409752977132,-0.9702995885474643,1.2115841031238492
2024-12-08 18:45:00,-0.21098605034652518,0.5927499876682264,0.24702786073780442,-0.5146031573581616,-0.0921827137194421
2024-12-08 19:00:00,-0.21098605034652518,-0.6207397052885083,0.32704907697332264,-0.42346387112030115,-0.3065005466251886
2024-12-08 19:15:00,0.9511400290336416,0.24603864682344503,0.006964212031249799,-1.243717447261046,0.5686306044066096
2024-12-08 19:30:00,-0.166288893447288,0.9394613285130077,0.08698542826676801,1.3993218536369096,0.35431277150086316
2024-12-08 19:45:00,-0.166288893447288,0.07268297640105437,-0.1530782204397866,1.308182567399049,0.10427529977749221
2024-12-08 20:00:00,0.23598551864584666,1.026139163724203,0.08698542826676801,-0.3323245848824406,0.35431277150086316
2024-12-08 20:15:00,0.0795454694985165,-0.3607061996549223,0.006964212031249799,0.8524861362097464,0.15785475800392884
2024-12-08 20:30:00,-0.2556832072457624,-0.27402836444372697,-0.0730570042042684,-0.7880210160717432,-0.4315192824868741
2024-12-08 20:45:00,0.5265170384908884,-0.44738403486611766,-0.23309943667530483,-0.7880210160717432,0.12213511918630442
2024-12-08 21:00:00,0.9958371859328787,0.5060721524570311,0.40707029320884086,-0.7880210160717432,0.8365278955387928
2024-12-08 21:15:00,0.45947130314203255,-0.013994858810140965,0.32704907697332264,-0.058906726168858975,0.425752049136112
2024-12-08 21:30:00,0.3700769893435582,-0.44738403486611766,0.24702786073780442,-0.8791603023096038,0.08641548036867999
2024-12-08 21:45:00,0.81704855833593,-0.6207397052885083,0.487091509444359,-0.6968817298338827,0.4971913267713608
2024-12-08 22:00:00,-1.1049291883312689,-0.6207397052885083,-1.0333115990304869,0.21451113254472265,-1.1994915170657992
2024-12-08 22:15:00,-1.2166720805793618,-0.7940953757108989,-0.9532903827949687,1.8550182848262124,-0.9851736841600526
2024-12-08 22:30:00,-1.0602320314320317,-0.6207397052885083,-1.0333115990304869,-0.6968817298338827,-1.3423700723362968
2024-12-08 22:45:00,-1.1943235021297431,-1.054128881344485,-0.9532903827949687,1.2170432811611887,-1.1459120588393625
2024-12-08 23:00:00,-1.1272777667808875,-0.7074175404997036,-0.9532903827949687,1.8550182848262124,-0.8958745871159915
2024-12-08 23:15:00,-1.1272777667808875,-0.7074175404997036,-1.0333115990304869,0.6702075637340253,-1.1459120588393625
2024-12-08 23:30:00,-1.1719749236801247,-0.9674510461332897,-1.0333115990304869,1.0347647086854674,-1.1637718782481747
2024-12-08 23:45:00,-1.1943235021297431,-0.7940953757108989,-1.0333115990304869,0.8524861362097464,-1.181631697656987
2024-12-09 00:00:00,-1.0825806098816502,-0.8807732109220944,-0.9532903827949687,0.12337184630686211,-1.2352111558834236
2024-12-09 00:15:00,-1.149626345230506,-0.6207397052885083,-0.9532903827949687,1.308182567399049,-1.003033503568865
2024-12-09 00:30:00,-1.1049291883312689,-0.7940953757108989,-0.9532903827949687,-0.6968817298338827,-1.3959495305627334
2024-12-09 00:45:00,-1.0602320314320317,-0.8807732109220944,-0.9532903827949687,-0.5146031573581616,-1.3423700723362968
2024-12-09 01:00:00,-1.1943235021297431,-0.8807732109220944,-0.9532903827949687,-0.15004601240671953,-1.3780897111539212
2024-12-09 01:15:00,-1.0825806098816502,-0.7074175404997036,-0.9532903827949687,-0.3323245848824406,-1.2887906141098602
2024-12-09 01:30:00,-1.0602320314320317,-0.9674510461332897,-0.9532903827949687,0.5790682774961649,-1.1459120588393625
2024-12-09 01:45:00,-1.0155348745327946,-0.9674510461332897,-0.9532903827949687,-0.7880210160717432,-1.3780897111539212
2024-12-09 02:00:00,-1.1272777667808875,-0.9674510461332897,-1.0333115990304869,0.21451113254472265,-1.2887906141098602
2024-12-09 02:15:00,-1.2166720805793618,-0.7940953757108989,-0.9532903827949687,1.3993218536369096,-1.0744727812041137
2024-12-09 02:30:00,-1.037883452982413,-1.054128881344485,-0.9532903827949687,-0.5146031573581616,-1.360229891745109
2024-12-09 02:45:00,-1.2390206590289803,-0.7940953757108989,-1.0333115990304869,-0.42346387112030115,-1.4673888081979822
2024-12-09 03:00:00,-1.0825806098816502,-0.6207397052885083,-0.9532903827949687,-0.15004601240671953,-1.2352111558834236
2024-12-09 03:15:00,-1.1049291883312689,-0.9674510461332897,-1.0333115990304869,-0.6968817298338827,-1.44952898878917
2024-12-09 03:30:00,-1.2166720805793618,-1.054128881344485,-0.9532903827949687,1.308182567399049,-1.1459120588393625
2024-12-09 03:45:00,-1.2390206590289803,-0.6207397052885083,-1.0333115990304869,1.8550182848262124,-0.9851736841600526
2024-12-09 04:00:00,-1.1943235021297431,-0.7940953757108989,-1.0333115990304869,1.2170432811611887,-1.1101924200217381
2024-12-09 04:15:00,0.9064428721344044,0.3327164820346404,-0.23309943667530483,-0.7880210160717432,0.5864904238154218
2024-12-09 04:30:00,0.0795454694985165,0.5060721524570311,-1.0333115990304869,-0.6057424435960223,-0.18148181076350314
2024-12-09 04:45:00,0.8393971367855486,1.1994948341465936,-0.5531843016173776,-0.6057424435960223,0.675789520859483
2024-12-09 05:00:00,0.7500028229870742,1.1128169989353984,-0.5531843016173776,-1.1525781610231856,0.4793315073625486
2024-12-09 05:15:00,0.437122724692414,-0.27402836444372697,-0.7132267340884141,-0.6968817298338827,-0.0028836166753810535
2024-12-09 05:30:00,0.9734886074832602,-1.054128881344485,-0.7932479503239322,-0.9702995885474643,0.19357439682155325
2024-12-09 05:45:00,0.9064428721344044,1.286172669357789,-0.9532903827949687,-1.1525781610231856,0.5507707849977974
2024-12-09 06:00:00,1.5098544902741065,1.3728505045689845,1.4473461042705773,-1.4259960197367672,1.533060852482469
2024-12-09 06:15:00,0.9511400290336416,2.326306691892133,1.687409752977132,-1.243717447261046,1.372322477803159
2024-12-09 06:30:00,0.7946999798863115,-0.013994858810140965,2.807706780274387,-1.6082745922124881,0.943686811991666
2024-12-09 06:45:00,1.7780374316695295,-0.1006726940213363,1.287303671799541,-1.6082745922124881,1.372322477803159
2024-12-09 07:00:00,1.0405343428321159,1.806239680624961,1.287303671799541,-1.4259960197367672,1.2115841031238492
2024-12-09 07:15:00,1.0181857643824974,0.5060721524570311,1.5273673205060956,-1.3348567334989065,0.9972662702181027
2024-12-09 07:30:00,1.5098544902741065,2.326306691892133,2.4876219153323142,-1.5171353059746275,1.9438366988851499
2024-12-09 07:45:00,1.1075800781809717,1.8929175158361562,1.9274734016836867,-1.243717447261046,1.46162157484722
2024-12-09 08:00:00,1.5545516471733436,1.9795953510473516,2.007494617919205,-1.4259960197367672,1.8188179630234644
2024-12-09 08:15:00,1.7109916963206737,2.4129845271033283,1.207282455564023,-1.4259960197367672,1.8545376018410888
2024-12-09 08:30:00,1.308717284227539,-0.1006726940213363,1.1272612393285046,-1.5171353059746275,0.9794064508092905
2024-12-09 08:45:00,1.2640201273283018,1.4595283397801795,1.4473461042705773,-1.243717447261046,1.3901822972119713
2024-12-09 09:00:00,0.7946999798863115,0.5927499876682264,0.8071763743864319,-1.243717447261046,0.6936493402682952
2024-12-09 09:15:00,0.1465912048473723,-0.6207397052885083,0.16700664450228622,0.12337184630686211,0.050695841551055575
2024-12-09 09:30:00,0.7723514014366928,0.07268297640105437,0.8071763743864319,-0.8791603023096038,0.6400698820418586
2024-12-09 09:45:00,-0.7473519331373714,-0.18735052923253165,1.6073885367416139,-0.9702995885474643,-0.4672389213044985
2024-12-09 10:00:00,-0.5238661486411854,1.1128169989353984,1.9274734016836867,-0.6057424435960223,0.12213511918630442
2024-12-09 10:15:00,0.3477284108939396,1.1128169989353984,2.167537050390241,0.12337184630686211,1.015126089626915
2024-12-09 10:30:00,-0.21098605034652518,0.5060721524570311,-0.313120652910823,0.39678970502044375,-0.056463074901817685
2024-12-09 10:45:00,0.4147741462427954,-0.27402836444372697,1.4473461042705773,-0.15004601240671953,0.5686306044066096
2024-12-09 11:00:00,-0.657957619338897,-0.27402836444372697,-0.39314186914634125,0.8524861362097464,-0.5029585601221229
2024-12-09 11:15:00,-0.7473519331373714,-0.6207397052885083,-0.1530782204397866,0.7613468499718858,-0.6101174765749962
2024-12-09 11:30:00,-0.8814434038350829,-0.44738403486611766,0.16700664450228622,0.7613468499718858,-0.6101174765749962
2024-12-09 11:45:00,-0.7026547762381342,-0.6207397052885083,-0.6332055178528959,0.3056504187825832,-0.7708558512543061
2024-12-09 12:00:00,0.012499734149660732,-0.27402836444372697,-0.5531843016173776,1.0347647086854674,0.03283602214224337
2024-12-09 12:15:00,0.0795454694985165,-0.18735052923253165,-0.7132267340884141,0.48792899125830425,-0.03860325549300547
2024-12-09 12:30:00,-0.47916899174194827,-0.44738403486611766,-0.313120652910823,0.12337184630686211,-0.5208183795309351
2024-12-09 12:45:00,-0.166288893447288,-0.18735052923253165,-0.6332055178528959,0.7613468499718858,-0.16362199135469094
2024-12-09 13:00:00,-0.8590948253854643,-0.534061870077313,0.08698542826676801,1.0347647086854674,-0.5743978377573717
2024-12-09 13:15:00,-1.037883452982413,0.766105658090617,0.9672188068574683,-0.3323245848824406,-0.5208183795309351
2024-12-09 13:30:00,-0.5909118839900412,0.24603864682344503,1.3673248880350592,-0.9702995885474643,-0.3065005466251886
2024-12-09 13:45:00,0.9734886074832602,0.766105658090617,-0.23309943667530483,-0.6057424435960223,0.765088617903544
2024-12-09 14:00:00,0.6159113522893627,-0.18735052923253165,-0.313120652910823,-0.3323245848824406,0.31859313268323874
2024-12-09 14:15:00,0.16893978329699086,0.3327164820346404,-0.0730570042042684,-0.6968817298338827,0.050695841551055575
2024-12-09 14:30:00,1.0181857643824974,0.5060721524570311,1.287303671799541,-0.24118529864458005,1.1580046448974126
2024-12-09 14:45:00,-0.6356090408892784,0.6794278228794217,-0.23309943667530483,0.03223256006900157,-0.4136594630780619
2024-12-09 15:00:00,0.19128836174660946,0.9394613285130077,0.006964212031249799,0.12337184630686211,0.37217259090967536
2024-12-09 15:15:00,-0.7473519331373714,1.3728505045689845,1.7674309692126502,-1.1525781610231856,-0.14576217194587873
2024-12-09 15:30:00,-0.7026547762381342,0.9394613285130077,0.487091509444359,-0.15004601240671953,-0.2886407272163764
2024-12-09 15:45:00,-0.1439403149976694,1.1128169989353984,-0.313120652910823,0.12337184630686211,0.06855566095986779
2024-12-09 16:00:00,1.7780374316695295,-0.013994858810140965,0.8871975906219501,-0.9702995885474643,1.4259019360295957
2024-12-09 16:15:00,1.1746258135298275,0.4193943172458357,1.207282455564023,-0.9702995885474643,1.104425186670976
2024-12-09 16:30:00,1.7780374316695295,0.6794278228794217,2.7276855640388686,-0.9702995885474643,1.9795563377027743
2024-12-09 16:45:00,1.6662945394214366,1.1128169989353984,2.6476643478033504,-0.7880210160717432,1.9974161571115865
2024-12-09 17:00:00,1.2193229704290647,1.9795953510473516,2.407600699096796,-1.061438874785325,1.711659046570591
2024-12-09 17:15:00,1.3534144411267761,1.026139163724203,1.4473461042705773,-1.061438874785325,1.4080421166207835
2024-12-09 17:30:00,0.9064428721344044,0.8527834933018124,2.407600699096796,-1.243717447261046,1.193724283715037
2024-12-09 17:45:00,1.5992488040725807,2.4129845271033283,1.207282455564023,-0.8791603023096038,1.872397421249901
2024-12-09 18:00:00,0.9511400290336416,2.4129845271033283,0.9672188068574683,-1.1525781610231856,1.2473037419414736
2024-12-09 18:15:00,1.5545516471733436,0.24603864682344503,2.9677492127454235,-1.1525781610231856,1.7295188659794032
2024-12-09 18:30:00,1.2416715488786834,0.766105658090617,2.887727996509905,-0.9702995885474643,1.6045001301177177
2024-12-09 18:45:00,-0.1439403149976694,-0.534061870077313,0.5671127256798772,-1.1525781610231856,-0.3243603660340008
2024-12-09 19:00:00,-0.1439403149976694,0.07268297640105437,0.40707029320884086,0.7613468499718858,0.13999493859511664
2024-12-09 19:15:00,0.8393971367855486,-0.44738403486611766,0.16700664450228622,-0.3323245848824406,0.5507707849977974
2024-12-09 19:30:00,-0.21098605034652518,0.15936081161224971,0.08698542826676801,1.125903994923328,0.10427529977749221
2024-12-09 19:45:00,0.9064428721344044,0.9394613285130077,-0.0730570042042684,-0.8791603023096038,0.7293689790859196
2024-12-09 20:00:00,0.9734886074832602,-0.6207397052885083,0.24702786073780442,-0.15004601240671953,0.675789520859483
2024-12-09 20:15:00,0.9958371859328787,-0.6207397052885083,0.5671127256798772,-0.6968817298338827,0.6579297014506708
2024-12-09 20:30:00,0.45947130314203255,0.24603864682344503,0.16700664450228622,0.39678970502044375,0.5329109655889852
2024-12-09 20:45:00,0.5712141953901255,0.5060721524570311,0.487091509444359,0.6702075637340253,0.8008082567211684
2024-12-09 21:00:00,0.7500028229870742,0.5927499876682264,0.16700664450228622,0.8524861362097464,0.9258269925828538
2024-12-09 21:15:00,0.6159113522893627,0.15936081161224971,0.5671127256798772,-0.15004601240671953,0.6222100626330462
2024-12-09 21:30:00,0.5265170384908884,1.1128169989353984,0.006964212031249799,0.39678970502044375,0.7293689790859196
2024-12-09 21:45:00,0.928791450584023,0.24603864682344503,-0.0730570042042684,0.48792899125830425,0.8722475343564172
2024-12-09 22:00:00,-1.1049291883312689,-0.6207397052885083,-1.0333115990304869,-0.42346387112030115,-1.3245102529274846
2024-12-09 22:15:00,-1.149626345230506,-0.6207397052885083,-0.9532903827949687,0.12337184630686211,-1.2352111558834236
2024-12-09 22:30:00,-1.0602320314320317,-0.7940953757108989,-1.0333115990304869,0.48792899125830425,-1.1459120588393625
2024-12-09 22:45:00,-1.1943235021297431,-0.7940953757108989,-1.0333115990304869,1.9461575710640728,-0.9673138647512404
2024-12-09 23:00:00,-1.149626345230506,-0.7074175404997036,-0.9532903827949687,0.7613468499718858,-1.1280522394305503
2024-12-09 23:15:00,-1.0602320314320317,-0.6207397052885083,-0.9532903827949687,-0.3323245848824406,-1.2530709752922358
2024-12-09 23:30:00,-1.2390206590289803,-0.7074175404997036,-0.9532903827949687,0.39678970502044375,-1.270930794701048
2024-12-09 23:45:00,-1.2390206590289803,-0.6207397052885083,-1.0333115990304869,-0.42346387112030115,-1.4316691693803578
2024-12-10 00:00:00,-1.149626345230506,-0.7940953757108989,-1.0333115990304869,0.8524861362097464,-1.1459120588393625
2024-12-10 00:15:00,-1.2390206590289803,-0.8807732109220944,-1.0333115990304869,1.7638789985883518,-1.0566129617953015
2024-12-10 00:30:00,-1.037883452982413,-1.054128881344485,-1.0333115990304869,1.2170432811611887,-1.0387531423864893
2024-12-10 00:45:00,-1.0155348745327946,-0.7940953757108989,-1.0333115990304869,0.03223256006900157,-1.1994915170657992
2024-12-10 01:00:00,-1.0602320314320317,-0.7940953757108989,-1.0333115990304869,-0.42346387112030115,-1.3245102529274846
2024-12-10 01:15:00,-1.2166720805793618,-0.8807732109220944,-1.0333115990304869,-0.6057424435960223,-1.5031084470156066
2024-12-10 01:30:00,-1.0825806098816502,-0.9674510461332897,-0.9532903827949687,-0.5146031573581616,-1.3780897111539212
2024-12-10 01:45:00,-1.2390206590289803,-1.054128881344485,-0.9532903827949687,1.5816004261126306,-1.1101924200217381
2024-12-10 02:00:00,-1.0825806098816502,-1.054128881344485,-1.0333115990304869,1.2170432811611887,-1.0744727812041137
2024-12-10 02:15:00,-1.0155348745327946,-0.6207397052885083,-0.9532903827949687,0.3056504187825832,-1.092332600612926
2024-12-10 02:30:00,-1.1943235021297431,-0.7940953757108989,-1.0333115990304869,-0.15004601240671953,-1.3780897111539212
2024-12-10 02:45:00,-1.1719749236801247,-1.054128881344485,-1.0333115990304869,1.125903994923328,-1.1637718782481747
2024-12-10 03:00:00,-1.2166720805793618,-0.9674510461332897,-0.9532903827949687,1.4904611398747702,-1.092332600612926
2024-12-10 03:15:00,-1.0602320314320317,-0.8807732109220944,-1.0333115990304869,0.03223256006900157,-1.2530709752922358
2024-12-10 03:30:00,-1.1272777667808875,-1.054128881344485,-0.9532903827949687,0.48792899125830425,-1.2352111558834236
2024-12-10 03:45:00,-1.149626345230506,-0.7940953757108989,-1.0333115990304869,0.5790682774961649,-1.1994915170657992
2024-12-10 04:00:00,-1.1943235021297431,-1.054128881344485,-0.9532903827949687,-0.24118529864458005,-1.4316691693803578
2024-12-10 04:15:00,0.437122724692414,1.026139163724203,-0.6332055178528959,-1.243717447261046,0.17571457741274105
2024-12-10 04:30:00,0.12424262639775369,0.8527834933018124,-0.6332055178528959,-1.5171353059746275,-0.16362199135469094
2024-12-10 04:45:00,0.9511400290336416,-0.7074175404997036,-0.6332055178528959,-1.4259960197367672,0.19357439682155325
2024-12-10 05:00:00,-0.05454600119919504,1.4595283397801795,-0.6332055178528959,-0.3323245848824406,0.050695841551055575
2024-12-10 05:15:00,-0.07689457964881363,-0.013994858810140965,-0.7932479503239322,-0.058906726168858975,-0.252921088398752
2024-12-10 05:30:00,1.1746258135298275,0.24603864682344503,-0.7932479503239322,-0.6968817298338827,0.675789520859483
2024-12-10 05:45:00,0.548865616940507,0.766105658090617,-0.8732691665594505,-0.42346387112030115,0.31859313268323874
2024-12-10 06:00:00,1.688643117871055,1.546206174991375,1.4473461042705773,-1.6082745922124881,1.6759394077529666
2024-12-10 06:15:00,1.3534144411267761,1.6328840102025703,1.6073885367416139,-1.5171353059746275,1.4794813942560323
2024-12-10 06:30:00,1.0405343428321159,1.1994948341465936,1.3673248880350592,-1.3348567334989065,1.1222850060797882
2024-12-10 06:45:00,1.0405343428321159,-0.013994858810140965,2.007494617919205,-1.3348567334989065,1.015126089626915
2024-12-10 07:00:00,1.7556888532199109,0.15936081161224971,1.6073885367416139,-1.3348567334989065,1.533060852482469
2024-12-10 07:15:00,1.3757630195763948,0.07268297640105437,1.8474521854481685,-1.6082745922124881,1.2115841031238492
2024-12-10 07:30:00,1.800386010119148,-0.18735052923253165,2.4876219153323142,-1.243717447261046,1.711659046570591
2024-12-10 07:45:00,1.800386010119148,0.8527834933018124,1.0472400230929866,-1.3348567334989065,1.5866403107089055
2024-12-10 08:00:00,0.7946999798863115,-0.18735052923253165,2.807706780274387,-1.243717447261046,0.9794064508092905
2024-12-10 08:15:00,0.8617457152351672,0.5927499876682264,0.8871975906219501,-1.3348567334989065,0.7472287984947318
2024-12-10 08:30:00,1.8897803239176225,0.6794278228794217,2.407600699096796,-1.6994138784503487,1.8545376018410888
2024-12-10 08:45:00,0.9958371859328787,1.9795953510473516,2.5676431315678325,-1.5171353059746275,1.4794813942560323
2024-12-10 09:00:00,1.6439459609718179,0.24603864682344503,1.207282455564023,-1.5171353059746275,1.3366028389855347
2024-12-10 09:15:00,0.7500028229870742,0.4193943172458357,1.5273673205060956,-1.061438874785325,0.8186680761299806
2024-12-10 09:30:00,-0.9708377176335573,0.24603864682344503,-0.47316308538185947,0.03223256006900157,-0.8244353094807427
2024-12-10 09:45:00,-1.2166720805793618,-0.013994858810140965,0.6471339419153954,0.48792899125830425,-0.7351362124366817
2024-12-10 10:00:00,-0.4121232563930925,0.6794278228794217,0.40707029320884086,-0.24118529864458005,-0.14576217194587873
2024-12-10 10:15:00,-0.2556832072457624,-0.9674510461332897,1.7674309692126502,0.6702075637340253,0.12213511918630442
2024-12-10 10:30:00,-0.8814434038350829,0.3327164820346404,0.006964212031249799,-0.24118529864458005,-0.681556754210245
2024-12-10 10:45:00,0.7500028229870742,0.5060721524570311,2.087515834154723,0.03223256006900157,1.1758644643062248
2024-12-10 11:00:00,-0.7697005115869899,-0.27402836444372697,-0.1530782204397866,0.8524861362097464,-0.5386781989397473
2024-12-10 11:15:00,-0.9261405607343202,-0.3607061996549223,0.006964212031249799,0.39678970502044375,-0.7351362124366817
2024-12-10 11:30:00,-0.9931862960831759,-0.44738403486611766,-0.313120652910823,0.12337184630686211,-0.931594225933616
2024-12-10 11:45:00,-0.12159173654805082,-0.18735052923253165,-0.6332055178528959,0.5790682774961649,-0.16362199135469094
2024-12-10 12:00:00,-0.8143976684862272,-0.27402836444372697,-0.0730570042042684,0.21451113254472265,-0.681556754210245
2024-12-10 12:15:00,-0.6356090408892784,-0.44738403486611766,0.08698542826676801,0.8524861362097464,-0.4136594630780619
2024-12-10 12:30:00,-0.27803178569538095,-0.44738403486611766,-0.1530782204397866,0.3056504187825832,-0.2886407272163764
2024-12-10 12:45:00,-0.6803061977885156,-0.6207397052885083,0.16700664450228622,0.5790682774961649,-0.5208183795309351
2024-12-10 13:00:00,-0.27803178569538095,-0.534061870077313,-0.23309943667530483,0.8524861362097464,-0.21720144958112758
2024-12-10 13:15:00,1.085231499731353,0.5060721524570311,0.32704907697332264,-0.9702995885474643,0.854387714947605
2024-12-10 13:30:00,0.6606085091885999,1.3728505045689845,0.7271551581509137,-0.8791603023096038,0.8008082567211684
2024-12-10 13:45:00,-0.07689457964881363,0.9394613285130077,2.007494617919205,0.03223256006900157,0.5864904238154218
2024-12-10 14:00:00,0.1018940479481351,1.3728505045689845,-0.0730570042042684,-0.6057424435960223,0.22929403563917766
2024-12-10 14:15:00,-0.6803061977885156,0.6794278228794217,-0.23309943667530483,-0.9702995885474643,-0.6458371153926206
2024-12-10 14:30:00,-0.12159173654805082,0.9394613285130077,-0.23309943667530483,0.12337184630686211,0.06855566095986779
2024-12-10 14:45:00,-0.5685633055404227,0.8527834933018124,0.9672188068574683,-0.8791603023096038,-0.2350612689899398
2024-12-10 15:00:00,-0.27803178569538095,0.766105658090617,-0.5531843016173776,-0.6968817298338827,-0.3243603660340008
2024-12-10 15:15:00,0.7500028229870742,0.3327164820346404,2.007494617919205,-1.061438874785325,0.9079671731740416
2024-12-10 15:30:00,0.45947130314203255,0.766105658090617,1.4473461042705773,-0.058906726168858975,0.8365278955387928
2024-12-10 15:45:00,0.30303125399470243,1.3728505045689845,1.7674309692126502,-0.5146031573581616,0.8186680761299806
2024-12-10 16:00:00,1.800386010119148,1.1128169989353984,1.6073885367416139,-0.9702995885474643,1.8366777824322766
2024-12-10 16:15:00,1.1299286566305904,1.026139163724203,1.8474521854481685,-1.1525781610231856,1.3008832001679103
2024-12-10 16:30:00,0.928791450584023,0.15936081161224971,2.4876219153323142,-1.243717447261046,1.0865653672621638
2024-12-10 16:45:00,1.1075800781809717,0.6794278228794217,1.1272612393285046,-0.8791603023096038,1.104425186670976
2024-12-10 17:00:00,1.0628829212817346,0.9394613285130077,2.407600699096796,-1.1525781610231856,1.3544626583943469
2024-12-10 17:15:00,0.81704855833593,0.6794278228794217,1.4473461042705773,-1.243717447261046,0.8722475343564172
2024-12-10 17:30:00,1.6215973825221994,1.286172669357789,0.6471339419153954,-1.061438874785325,1.4973412136648445
2024-12-10 17:45:00,1.800386010119148,0.07268297640105437,2.007494617919205,-0.8791603023096038,1.7295188659794032
2024-12-10 18:00:00,1.6439459609718179,1.806239680624961,2.2475582666257594,-1.061438874785325,1.9795563377027743
2024-12-10 18:15:00,1.4428087549252506,1.026139163724203,2.807706780274387,-0.8791603023096038,1.8188179630234644
2024-12-10 18:30:00,1.5545516471733436,1.6328840102025703,1.687409752977132,-0.9702995885474643,1.7652385047970278
2024-12-10 18:45:00,0.9064428721344044,0.8527834933018124,0.24702786073780442,0.12337184630686211,0.9794064508092905
2024-12-10 19:00:00,0.9734886074832602,0.9394613285130077,0.08698542826676801,0.6702075637340253,1.1222850060797882
2024-12-10 19:15:00,0.9511400290336416,1.026139163724203,0.487091509444359,-0.7880210160717432,0.9258269925828538
2024-12-10 19:30:00,-0.3450775210442367,0.3327164820346404,0.24702786073780442,-0.6968817298338827,-0.2886407272163764
2024-12-10 19:45:00,0.81704855833593,0.8527834933018124,0.32704907697332264,-0.7880210160717432,0.7472287984947318
2024-12-10 20:00:00,0.1465912048473723,1.1128169989353984,-0.23309943667530483,0.7613468499718858,0.4436118685449242
2024-12-10 20:15:00,0.5712141953901255,0.07268297640105437,0.40707029320884086,-0.5146031573581616,0.4614716879537364
2024-12-10 20:30:00,0.03484831259927933,0.5927499876682264,-0.1530782204397866,-0.9702995885474643,-0.0743228943106299
2024-12-10 20:45:00,-0.09924315809843222,0.15936081161224971,-0.23309943667530483,-1.243717447261046,-0.342220185442813
2024-12-10 21:00:00,0.928791450584023,0.07268297640105437,0.08698542826676801,0.8524861362097464,0.943686811991666
2024-12-10 21:15:00,0.5712141953901255,-0.6207397052885083,-0.0730570042042684,1.3993218536369096,0.5864904238154218
2024-12-10 21:30:00,0.9064428721344044,0.5060721524570311,0.006964212031249799,0.7613468499718858,0.9794064508092905
2024-12-10 21:45:00,0.928791450584023,0.15936081161224971,-0.23309943667530483,-0.058906726168858975,0.7115091596771074
2024-12-10 22:00:00,-1.0825806098816502,-0.7074175404997036,-0.9532903827949687,0.12337184630686211,-1.1994915170657992
2024-12-10 22:15:00,-1.2166720805793618,-0.7074175404997036,-0.9532903827949687,1.0347647086854674,-1.1280522394305503
2024-12-10 22:30:00,-1.2166720805793618,-0.7074175404997036,-1.0333115990304869,0.39678970502044375,-1.270930794701048
2024-12-10 22:45:00,-1.1049291883312689,-0.7940953757108989,-0.9532903827949687,1.5816004261126306,-0.9494540453424282
2024-12-10 23:00:00,-1.2166720805793618,-1.054128881344485,-0.9532903827949687,1.0347647086854674,-1.1994915170657992
2024-12-10 23:15:00,-1.1272777667808875,-0.7074175404997036,-0.9532903827949687,0.5790682774961649,-1.1459120588393625
2024-12-10 23:30:00,-1.1049291883312689,-0.6207397052885083,-1.0333115990304869,0.7613468499718858,-1.092332600612926
2024-12-10 23:45:00,-1.149626345230506,-0.7940953757108989,-0.9532903827949687,-0.3323245848824406,-1.360229891745109
