datetime,CarCount,BikeCount,BusCount,TruckCount,Total
2024-10-10 00:00:00,0.04571428571428572,0.02857142857142857,0.04,0.4,0.07751937984496124
2024-10-10 00:15:00,0.051428571428571435,0.014285714285714285,0.02,0.6,0.12015503875968991
2024-10-10 00:30:00,0.02857142857142857,0.02857142857142857,0.04,0.5333333333333333,0.09689922480620153
2024-10-10 00:45:00,0.02857142857142857,0.02857142857142857,0.04,0.6,0.1124031007751938
2024-10-10 01:00:00,0.034285714285714294,0.02857142857142857,0.02,0.5666666666666667,0.10465116279069767
2024-10-10 01:15:00,0.05714285714285715,0.014285714285714285,0.02,0.65,0.13565891472868216
2024-10-10 01:30:00,0.051428571428571435,0.02857142857142857,0.04,0.45,0.09302325581395349
2024-10-10 01:45:00,0.04571428571428572,0.02857142857142857,0.02,0.3333333333333333,0.05813953488372092
2024-10-10 02:00:00,0.01142857142857143,0.0,0.0,0.43333333333333335,0.046511627906976744
2024-10-10 02:15:00,0.04571428571428572,0.0,0.0,0.5666666666666667,0.1007751937984496
2024-10-10 02:30:00,0.05714285714285715,0.02857142857142857,0.0,0.6333333333333333,0.1317829457364341
2024-10-10 02:45:00,0.0,0.02857142857142857,0.0,0.6166666666666667,0.08914728682170542
2024-10-10 03:00:00,0.022857142857142857,0.014285714285714285,0.0,0.5666666666666667,0.08914728682170542
2024-10-10 03:15:00,0.017142857142857144,0.0,0.04,0.5833333333333334,0.09302325581395349
2024-10-10 03:30:00,0.01142857142857143,0.0,0.0,0.5666666666666667,0.07751937984496124
2024-10-10 03:45:00,0.02857142857142857,0.014285714285714285,0.04,0.6333333333333333,0.11627906976744184
2024-10-10 04:00:00,0.44,0.09999999999999999,0.06,0.16666666666666666,0.313953488372093
2024-10-10 04:15:00,0.3771428571428571,0.04285714285714286,0.0,0.5,0.32170542635658916
2024-10-10 04:30:00,0.48,0.14285714285714285,0.04,0.16666666666666666,0.34883720930232553
2024-10-10 04:45:00,0.4114285714285714,0.04285714285714286,0.0,0.3,0.29844961240310075
2024-10-10 05:00:00,0.48571428571428565,0.02857142857142857,0.0,0.36666666666666664,0.36046511627906974
2024-10-10 05:15:00,0.4514285714285714,0.014285714285714285,0.14,0.3833333333333333,0.3643410852713178
2024-10-10 05:30:00,0.4742857142857143,0.11428571428571428,0.12,0.16666666666666666,0.3527131782945736
2024-10-10 05:45:00,0.5257142857142857,0.3857142857142857,0.3,0.13333333333333333,0.4883720930232558
2024-10-10 06:00:00,0.5828571428571429,0.14285714285714285,0.48,0.18333333333333332,0.507751937984496
2024-10-10 06:15:00,0.44,0.37142857142857144,0.22,0.08333333333333333,0.3992248062015503
2024-10-10 06:30:00,0.5028571428571429,0.22857142857142856,0.48,0.16666666666666666,0.4728682170542635
2024-10-10 06:45:00,0.7028571428571428,0.2571428571428571,0.28,0.1,0.562015503875969
2024-10-10 07:00:00,0.6,0.2714285714285714,0.24,0.23333333333333334,0.5193798449612402
2024-10-10 07:15:00,0.6685714285714286,0.18571428571428572,0.2,0.08333333333333333,0.5
2024-10-10 07:30:00,0.4971428571428571,0.19999999999999998,0.32,0.2,0.437984496124031
2024-10-10 07:45:00,0.7885714285714286,0.42857142857142855,0.34,0.2,0.7015503875968991
2024-10-10 08:00:00,0.7371428571428571,0.2571428571428571,0.42,0.18333333333333332,0.631782945736434
2024-10-10 08:15:00,0.7371428571428571,0.42857142857142855,0.3,0.23333333333333334,0.6666666666666666
2024-10-10 08:30:00,0.6514285714285715,0.18571428571428572,0.28,0.21666666666666667,0.5348837209302325
2024-10-10 08:45:00,0.7657142857142857,0.17142857142857143,0.44,0.21666666666666667,0.6395348837209301
2024-10-10 09:00:00,0.38857142857142857,0.12857142857142856,0.28,0.2833333333333333,0.3565891472868217
2024-10-10 09:15:00,0.16,0.17142857142857143,0.18,0.1,0.1511627906976744
2024-10-10 09:30:00,0.3657142857142857,0.12857142857142856,0.52,0.15,0.3565891472868217
2024-10-10 09:45:00,0.3657142857142857,0.17142857142857143,0.2,0.08333333333333333,0.2906976744186046
2024-10-10 10:00:00,0.2857142857142857,0.15714285714285714,0.18,0.2833333333333333,0.27519379844961234
2024-10-10 10:15:00,0.15428571428571428,0.09999999999999999,0.54,0.2,0.2209302325581395
2024-10-10 10:30:00,0.2742857142857143,0.18571428571428572,0.14,0.08333333333333333,0.2209302325581395
2024-10-10 10:45:00,0.1657142857142857,0.14285714285714285,0.18,0.5833333333333334,0.2596899224806202
2024-10-10 11:00:00,0.15428571428571428,0.14285714285714285,0.2,0.43333333333333335,0.2209302325581395
2024-10-10 11:15:00,0.24,0.14285714285714285,0.1,0.4166666666666667,0.2558139534883721
2024-10-10 11:30:00,0.13142857142857142,0.0,0.1,0.48333333333333334,0.15891472868217052
2024-10-10 11:45:00,0.17142857142857143,0.09999999999999999,0.26,0.5666666666666667,0.26356589147286824
2024-10-10 12:00:00,0.18857142857142856,0.14285714285714285,0.16,0.5166666666666666,0.2558139534883721
2024-10-10 12:15:00,0.15428571428571428,0.04285714285714286,0.24,0.5833333333333334,0.2364341085271318
2024-10-10 12:30:00,0.27999999999999997,0.07142857142857142,0.24,0.48333333333333334,0.3062015503875969
2024-10-10 12:45:00,0.26857142857142857,0.02857142857142857,0.24,0.48333333333333334,0.28682170542635654
2024-10-10 13:00:00,0.36,0.2714285714285714,0.36,0.5,0.4418604651162791
2024-10-10 13:15:00,0.38857142857142857,0.21428571428571427,0.06,0.2833333333333333,0.33720930232558133
2024-10-10 13:30:00,0.09142857142857143,0.2571428571428571,0.36,0.3833333333333333,0.22868217054263565
2024-10-10 13:45:00,0.3314285714285714,0.15714285714285714,0.32,0.18333333333333332,0.31007751937984496
2024-10-10 14:00:00,0.01142857142857143,0.24285714285714285,0.4,0.3,0.15891472868217052
2024-10-10 14:15:00,0.4057142857142857,0.21428571428571427,0.64,0.2833333333333333,0.4612403100775193
2024-10-10 14:30:00,0.30857142857142855,0.19999999999999998,0.36,0.4666666666666667,0.3798449612403101
2024-10-10 14:45:00,0.48571428571428565,0.12857142857142856,0.06,0.23333333333333334,0.3682170542635659
2024-10-10 15:00:00,0.0,0.18571428571428572,0.08,0.3333333333333333,0.08139534883720931
2024-10-10 15:15:00,0.16,0.2571428571428571,0.44,0.3833333333333333,0.2906976744186046
2024-10-10 15:30:00,0.19428571428571428,0.2714285714285714,0.26,0.3833333333333333,0.2829457364341085
2024-10-10 15:45:00,0.8285714285714285,0.3,0.2,0.23333333333333334,0.6744186046511628
2024-10-10 16:00:00,0.6914285714285714,0.3857142857142857,0.8,0.31666666666666665,0.7403100775193798
2024-10-10 16:15:00,0.7942857142857143,0.09999999999999999,0.7000000000000001,0.2833333333333333,0.7054263565891472
2024-10-10 16:30:00,0.8,0.18571428571428572,0.24,0.3,0.6472868217054263
2024-10-10 16:45:00,0.6628571428571428,0.41428571428571426,0.54,0.25,0.6627906976744186
2024-10-10 17:00:00,0.8285714285714285,0.3,0.74,0.31666666666666665,0.7984496124031008
2024-10-10 17:15:00,0.6685714285714286,0.11428571428571428,0.2,0.18333333333333332,0.5038759689922481
2024-10-10 17:30:00,0.7085714285714285,0.2857142857142857,0.7000000000000001,0.3,0.7015503875968991
2024-10-10 17:45:00,0.6228571428571429,0.09999999999999999,0.78,0.31666666666666665,0.6124031007751938
2024-10-10 18:00:00,0.5942857142857143,0.14285714285714285,0.52,0.2833333333333333,0.5465116279069767
2024-10-10 18:15:00,0.5485714285714286,0.3142857142857143,0.48,0.3,0.5581395348837209
2024-10-10 18:30:00,0.49142857142857144,0.18571428571428572,0.16,0.2,0.3992248062015503
2024-10-10 18:45:00,0.48571428571428565,0.24285714285714285,0.2,0.18333333333333332,0.4147286821705426
2024-10-10 19:00:00,0.5828571428571429,0.02857142857142857,0.3,0.5833333333333334,0.5348837209302325
2024-10-10 19:15:00,0.3485714285714286,0.09999999999999999,0.1,0.36666666666666664,0.3062015503875969
2024-10-10 19:30:00,0.5314285714285715,0.07142857142857142,0.14,0.5,0.4612403100775193
2024-10-10 19:45:00,0.49142857142857144,0.14285714285714285,0.34,0.4666666666666667,0.4844961240310077
2024-10-10 20:00:00,0.44,0.05714285714285714,0.18,0.3333333333333333,0.3643410852713178
2024-10-10 20:15:00,0.34285714285714286,0.14285714285714285,0.38,0.3,0.3527131782945736
2024-10-10 20:30:00,0.27999999999999997,0.04285714285714286,0.4,0.25,0.27519379844961234
2024-10-10 20:45:00,0.41714285714285715,0.08571428571428572,0.32,0.5833333333333334,0.4418604651162791
2024-10-10 21:00:00,0.37142857142857144,0.2857142857142857,0.2,0.55,0.43410852713178294
2024-10-10 21:15:00,0.48571428571428565,0.12857142857142856,0.22,0.18333333333333332,0.3875968992248062
2024-10-10 21:30:00,0.52,0.0,0.38,0.3833333333333333,0.4534883720930232
2024-10-10 21:45:00,0.051428571428571435,0.014285714285714285,0.0,0.45,0.08139534883720931
2024-10-10 22:00:00,0.01142857142857143,0.014285714285714285,0.0,0.6,0.08914728682170542
2024-10-10 22:15:00,0.022857142857142857,0.0,0.04,0.5833333333333334,0.09689922480620153
2024-10-10 22:30:00,0.01142857142857143,0.0,0.0,0.5666666666666667,0.07751937984496124
2024-10-10 22:45:00,0.034285714285714294,0.0,0.02,0.55,0.09302325581395349
2024-10-10 23:00:00,0.034285714285714294,0.02857142857142857,0.04,0.6666666666666666,0.1317829457364341
2024-10-10 23:15:00,0.034285714285714294,0.014285714285714285,0.0,0.5166666666666666,0.08527131782945735
2024-10-10 23:30:00,0.022857142857142857,0.02857142857142857,0.02,0.3333333333333333,0.042635658914728675
2024-10-10 23:45:00,0.017142857142857144,0.014285714285714285,0.04,0.5166666666666666,0.08139534883720931
2024-10-11 00:00:00,0.022857142857142857,0.014285714285714285,0.04,0.48333333333333334,0.07751937984496124
2024-10-11 00:15:00,0.04000000000000001,0.02857142857142857,0.02,0.5333333333333333,0.1007751937984496
2024-10-11 00:30:00,0.034285714285714294,0.02857142857142857,0.02,0.55,0.1007751937984496
2024-10-11 00:45:00,0.01142857142857143,0.0,0.0,0.48333333333333334,0.05813953488372092
2024-10-11 01:00:00,0.0,0.014285714285714285,0.04,0.35,0.031007751937984496
2024-10-11 01:15:00,0.04571428571428572,0.014285714285714285,0.04,0.3333333333333333,0.05813953488372092
2024-10-11 01:30:00,0.01142857142857143,0.014285714285714285,0.0,0.6666666666666666,0.10465116279069767
2024-10-11 01:45:00,0.04571428571428572,0.02857142857142857,0.04,0.5,0.1007751937984496
2024-10-11 02:00:00,0.02857142857142857,0.0,0.04,0.5833333333333334,0.1007751937984496
2024-10-11 02:15:00,0.05714285714285715,0.02857142857142857,0.04,0.5333333333333333,0.11627906976744184
2024-10-11 02:30:00,0.017142857142857144,0.02857142857142857,0.04,0.43333333333333335,0.06589147286821703
2024-10-11 02:45:00,0.034285714285714294,0.0,0.0,0.4666666666666667,0.0697674418604651
2024-10-11 03:00:00,0.01142857142857143,0.0,0.02,0.6,0.08914728682170542
2024-10-11 03:15:00,0.017142857142857144,0.0,0.02,0.5333333333333333,0.07751937984496124
2024-10-11 03:30:00,0.05714285714285715,0.014285714285714285,0.0,0.5833333333333334,0.11627906976744184
2024-10-11 03:45:00,0.022857142857142857,0.014285714285714285,0.0,0.55,0.08527131782945735
2024-10-11 04:00:00,0.38285714285714284,0.09999999999999999,0.04,0.23333333333333334,0.28682170542635654
2024-10-11 04:15:00,0.33714285714285713,0.09999999999999999,0.14,0.3333333333333333,0.29844961240310075
2024-10-11 04:30:00,0.45714285714285713,0.11428571428571428,0.1,0.23333333333333334,0.3527131782945736
2024-10-11 04:45:00,0.38857142857142857,0.08571428571428572,0.12,0.25,0.3062015503875969
2024-10-11 05:00:00,0.29714285714285715,0.0,0.0,0.25,0.19767441860465115
2024-10-11 05:15:00,0.4342857142857143,0.05714285714285714,0.08,0.4,0.3565891472868217
2024-10-11 05:30:00,0.27999999999999997,0.08571428571428572,0.06,0.3,0.23255813953488372
2024-10-11 05:45:00,0.5257142857142857,0.3142857142857143,0.46,0.2,0.5155038759689922
2024-10-11 06:00:00,0.5942857142857143,0.14285714285714285,0.28,0.21666666666666667,0.4844961240310077
2024-10-11 06:15:00,0.5542857142857143,0.32857142857142857,0.46,0.18333333333333332,0.5348837209302325
2024-10-11 06:30:00,0.7428571428571429,0.18571428571428572,0.36,0.1,0.5852713178294573
2024-10-11 06:45:00,0.5714285714285714,0.17142857142857143,0.26,0.15,0.45736434108527124
2024-10-11 07:00:00,0.48571428571428565,0.24285714285714285,0.38,0.13333333333333333,0.437984496124031
2024-10-11 07:15:00,0.5657142857142857,0.19999999999999998,0.38,0.11666666666666667,0.4767441860465116
2024-10-11 07:30:00,0.7371428571428571,0.2857142857142857,0.48,0.13333333333333333,0.6395348837209301
2024-10-11 07:45:00,0.6571428571428571,0.37142857142857144,0.34,0.13333333333333333,0.5813953488372092
2024-10-11 08:00:00,0.7828571428571428,0.2714285714285714,0.32,0.08333333333333333,0.624031007751938
2024-10-11 08:15:00,0.6628571428571428,0.39999999999999997,0.4,0.25,0.631782945736434
2024-10-11 08:30:00,0.45714285714285713,0.37142857142857144,0.34,0.15,0.4496124031007751
2024-10-11 08:45:00,0.7714285714285715,0.21428571428571427,0.28,0.2,0.6201550387596899
2024-10-11 09:00:00,0.36,0.17142857142857143,0.58,0.2,0.3875968992248062
2024-10-11 09:15:00,0.2914285714285714,0.09999999999999999,0.28,0.25,0.27519379844961234
2024-10-11 09:30:00,0.16,0.19999999999999998,0.24,0.31666666666666665,0.2209302325581395
2024-10-11 09:45:00,0.32,0.12857142857142856,0.36,0.1,0.2829457364341085
2024-10-11 10:00:00,0.17714285714285713,0.14285714285714285,0.48,0.23333333333333334,0.24418604651162792
2024-10-11 10:15:00,0.29714285714285715,0.18571428571428572,0.44,0.31666666666666665,0.34883720930232553
2024-10-11 10:30:00,0.33714285714285713,0.12857142857142856,0.4,0.31666666666666665,0.3527131782945736
2024-10-11 10:45:00,0.14285714285714285,0.09999999999999999,0.02,0.5166666666666666,0.18604651162790695
2024-10-11 11:00:00,0.27999999999999997,0.14285714285714285,0.2,0.4666666666666667,0.313953488372093
2024-10-11 11:15:00,0.13142857142857142,0.07142857142857142,0.24,0.48333333333333334,0.2054263565891473
2024-10-11 11:30:00,0.2571428571428571,0.02857142857142857,0.08,0.5,0.25193798449612403
2024-10-11 11:45:00,0.3142857142857143,0.05714285714285714,0.06,0.43333333333333335,0.2790697674418604
2024-10-11 12:00:00,0.19428571428571428,0.05714285714285714,0.08,0.5,0.21705426356589144
2024-10-11 12:15:00,0.15428571428571428,0.014285714285714285,0.24,0.45,0.19767441860465115
2024-10-11 12:30:00,0.30857142857142855,0.04285714285714286,0.24,0.4666666666666667,0.313953488372093
2024-10-11 12:45:00,0.33714285714285713,0.12857142857142856,0.18,0.4166666666666667,0.33333333333333337
2024-10-11 13:00:00,0.26857142857142857,0.24285714285714285,0.34,0.35,0.33333333333333337
2024-10-11 13:15:00,0.52,0.19999999999999998,0.06,0.36666666666666664,0.4418604651162791
2024-10-11 13:30:00,0.32,0.11428571428571428,0.42,0.4,0.36046511627906974
2024-10-11 13:45:00,0.5428571428571428,0.09999999999999999,0.22,0.36666666666666664,0.4612403100775193
2024-10-11 14:00:00,0.005714285714285717,0.11428571428571428,0.64,0.4,0.18992248062015502
2024-10-11 14:15:00,0.4742857142857143,0.19999999999999998,0.64,0.43333333333333335,0.5387596899224806
2024-10-11 14:30:00,0.1257142857142857,0.19999999999999998,0.3,0.3833333333333333,0.22480620155038758
2024-10-11 14:45:00,0.09714285714285716,0.21428571428571427,0.42,0.16666666666666666,0.18217054263565893
2024-10-11 15:00:00,0.2742857142857143,0.07142857142857142,0.34,0.35,0.2906976744186046
2024-10-11 15:15:00,0.32,0.15714285714285714,0.54,0.36666666666666664,0.3875968992248062
2024-10-11 15:30:00,0.3942857142857143,0.18571428571428572,0.1,0.43333333333333335,0.375968992248062
2024-10-11 15:45:00,0.6628571428571428,0.09999999999999999,0.32,0.3333333333333333,0.5542635658914729
2024-10-11 16:00:00,0.6,0.12857142857142856,0.74,0.21666666666666667,0.5736434108527131
2024-10-11 16:15:00,0.6342857142857142,0.17142857142857143,0.78,0.2,0.6124031007751938
2024-10-11 16:30:00,0.5428571428571428,0.3857142857142857,0.78,0.21666666666666667,0.6124031007751938
2024-10-11 16:45:00,0.6457142857142857,0.15714285714285714,0.56,0.18333333333333332,0.5697674418604651
2024-10-11 17:00:00,0.7542857142857142,0.19999999999999998,0.26,0.21666666666666667,0.6046511627906976
2024-10-11 17:15:00,0.7142857142857143,0.32857142857142857,0.28,0.3,0.6356589147286821
2024-10-11 17:30:00,0.8057142857142857,0.18571428571428572,0.2,0.3,0.6434108527131782
2024-10-11 17:45:00,0.6228571428571429,0.32857142857142857,0.38,0.18333333333333332,0.5658914728682171
2024-10-11 18:00:00,0.5657142857142857,0.2571428571428571,0.3,0.25,0.507751937984496
2024-10-11 18:15:00,0.6228571428571429,0.34285714285714286,0.62,0.16666666666666666,0.6124031007751938
2024-10-11 18:30:00,0.48571428571428565,0.0,0.36,0.18333333333333332,0.3798449612403101
2024-10-11 18:45:00,0.5142857142857142,0.02857142857142857,0.18,0.25,0.3875968992248062
2024-10-11 19:00:00,0.3142857142857143,0.05714285714285714,0.14,0.4666666666666667,0.3023255813953488
2024-10-11 19:15:00,0.38285714285714284,0.014285714285714285,0.18,0.5333333333333333,0.36046511627906974
2024-10-11 19:30:00,0.4971428571428571,0.2857142857142857,0.22,0.5166666666666666,0.5155038759689922
2024-10-11 19:45:00,0.37142857142857144,0.2571428571428571,0.18,0.3833333333333333,0.38372093023255816
2024-10-11 20:00:00,0.5257142857142857,0.11428571428571428,0.34,0.16666666666666666,0.43023255813953487
2024-10-11 20:15:00,0.38285714285714284,0.15714285714285714,0.1,0.4,0.3527131782945736
2024-10-11 20:30:00,0.3142857142857143,0.17142857142857143,0.4,0.4666666666666667,0.38372093023255816
2024-10-11 20:45:00,0.3257142857142857,0.09999999999999999,0.14,0.21666666666666667,0.26356589147286824
2024-10-11 21:00:00,0.4228571428571428,0.2714285714285714,0.26,0.2833333333333333,0.4147286821705426
2024-10-11 21:15:00,0.4971428571428571,0.12857142857142856,0.3,0.31666666666666665,0.4418604651162791
2024-10-11 21:30:00,0.3257142857142857,0.014285714285714285,0.1,0.16666666666666666,0.2209302325581395
2024-10-11 21:45:00,0.04571428571428572,0.0,0.02,0.65,0.12403100775193798
2024-10-11 22:00:00,0.05714285714285715,0.02857142857142857,0.02,0.4,0.08139534883720931
2024-10-11 22:15:00,0.04000000000000001,0.02857142857142857,0.04,0.36666666666666664,0.06589147286821703
2024-10-11 22:30:00,0.0,0.0,0.0,0.6,0.07751937984496124
2024-10-11 22:45:00,0.034285714285714294,0.014285714285714285,0.04,0.43333333333333335,0.07364341085271317
2024-10-11 23:00:00,0.005714285714285717,0.014285714285714285,0.04,0.4666666666666667,0.06201550387596899
2024-10-11 23:15:00,0.005714285714285717,0.0,0.02,0.45,0.05038759689922481
2024-10-11 23:30:00,0.02857142857142857,0.0,0.04,0.55,0.09302325581395349
2024-10-11 23:45:00,0.0,0.0,0.02,0.45,0.046511627906976744
2024-10-12 00:00:00,0.005714285714285717,0.014285714285714285,0.04,0.6166666666666667,0.09689922480620153
2024-10-12 00:15:00,0.0,0.02857142857142857,0.02,0.6,0.08914728682170542
2024-10-12 00:30:00,0.005714285714285717,0.014285714285714285,0.0,0.43333333333333335,0.046511627906976744
2024-10-12 00:45:00,0.022857142857142857,0.02857142857142857,0.0,0.35,0.042635658914728675
2024-10-12 01:00:00,0.034285714285714294,0.02857142857142857,0.04,0.5833333333333334,0.1124031007751938
2024-10-12 01:15:00,0.017142857142857144,0.02857142857142857,0.0,0.5666666666666667,0.08914728682170542
2024-10-12 01:30:00,0.051428571428571435,0.02857142857142857,0.0,0.5833333333333334,0.11627906976744184
2024-10-12 01:45:00,0.017142857142857144,0.0,0.0,0.6,0.08914728682170542
2024-10-12 02:00:00,0.02857142857142857,0.014285714285714285,0.0,0.35,0.042635658914728675
2024-10-12 02:15:00,0.051428571428571435,0.0,0.02,0.5833333333333334,0.1124031007751938
2024-10-12 02:30:00,0.017142857142857144,0.014285714285714285,0.0,0.35,0.03488372093023255
2024-10-12 02:45:00,0.04000000000000001,0.02857142857142857,0.02,0.6166666666666667,0.12015503875968991
2024-10-12 03:00:00,0.05714285714285715,0.02857142857142857,0.02,0.5,0.10465116279069767
2024-10-12 03:15:00,0.04000000000000001,0.02857142857142857,0.02,0.55,0.10465116279069767
2024-10-12 03:30:00,0.017142857142857144,0.0,0.04,0.6333333333333333,0.10465116279069767
2024-10-12 03:45:00,0.02857142857142857,0.014285714285714285,0.04,0.65,0.12015503875968991
2024-10-12 04:00:00,0.48571428571428565,0.07142857142857142,0.0,0.4666666666666667,0.39534883720930236
2024-10-12 04:15:00,0.29714285714285715,0.12857142857142856,0.0,0.25,0.23255813953488372
2024-10-12 04:30:00,0.32,0.07142857142857142,0.0,0.18333333333333332,0.21705426356589144
2024-10-12 04:45:00,0.4514285714285714,0.14285714285714285,0.12,0.26666666666666666,0.3682170542635659
2024-10-12 05:00:00,0.30857142857142855,0.11428571428571428,0.1,0.3,0.2674418604651163
2024-10-12 05:15:00,0.33714285714285713,0.07142857142857142,0.06,0.45,0.3023255813953488
2024-10-12 05:30:00,0.38285714285714284,0.04285714285714286,0.1,0.16666666666666666,0.2674418604651163
2024-10-12 05:45:00,0.5542857142857143,0.17142857142857143,0.28,0.11666666666666667,0.4418604651162791
2024-10-12 06:00:00,0.7257142857142858,0.22857142857142856,0.46,0.15,0.6162790697674418
2024-10-12 06:15:00,0.6228571428571429,0.15714285714285714,0.5,0.11666666666666667,0.5271317829457364
2024-10-12 06:30:00,0.64,0.2571428571428571,0.44,0.2,0.5736434108527131
2024-10-12 06:45:00,0.8228571428571428,0.21428571428571427,0.2,0.25,0.6511627906976744
2024-10-12 07:00:00,0.5599999999999999,0.41428571428571426,0.24,0.1,0.5
2024-10-12 07:15:00,0.4342857142857143,0.42857142857142855,0.32,0.08333333333333333,0.43023255813953487
2024-10-12 07:30:00,0.7714285714285715,0.19999999999999998,0.24,0.2,0.6085271317829457
2024-10-12 07:45:00,0.4742857142857143,0.35714285714285715,0.46,0.08333333333333333,0.4651162790697674
2024-10-12 08:00:00,0.8057142857142857,0.24285714285714285,0.4,0.1,0.6511627906976744
2024-10-12 08:15:00,0.8171428571428572,0.22857142857142856,0.5,0.1,0.6744186046511628
2024-10-12 08:30:00,0.6857142857142857,0.3,0.44,0.18333333333333332,0.6124031007751938
2024-10-12 08:45:00,0.4742857142857143,0.42857142857142855,0.46,0.08333333333333333,0.4844961240310077
2024-10-12 09:00:00,0.35428571428571426,0.19999999999999998,0.48,0.31666666666666665,0.3992248062015503
2024-10-12 09:15:00,0.2914285714285714,0.17142857142857143,0.6,0.26666666666666666,0.36046511627906974
2024-10-12 09:30:00,0.39999999999999997,0.12857142857142856,0.3,0.31666666666666665,0.375968992248062
2024-10-12 09:45:00,0.26857142857142857,0.11428571428571428,0.1,0.2,0.21705426356589144
2024-10-12 10:00:00,0.19999999999999998,0.12857142857142856,0.5,0.2,0.25193798449612403
2024-10-12 10:15:00,0.23428571428571426,0.09999999999999999,0.6,0.21666666666666667,0.2906976744186046
2024-10-12 10:30:00,0.4057142857142857,0.08571428571428572,0.16,0.23333333333333334,0.32170542635658916
2024-10-12 10:45:00,0.3257142857142857,0.08571428571428572,0.12,0.4166666666666667,0.3023255813953488
2024-10-12 11:00:00,0.3314285714285714,0.11428571428571428,0.18,0.45,0.33333333333333337
2024-10-12 11:15:00,0.19428571428571428,0.02857142857142857,0.24,0.4166666666666667,0.2209302325581395
2024-10-12 11:30:00,0.2857142857142857,0.09999999999999999,0.08,0.5833333333333334,0.31007751937984496
2024-10-12 11:45:00,0.33714285714285713,0.12857142857142856,0.16,0.5666666666666667,0.3643410852713178
2024-10-12 12:00:00,0.2914285714285714,0.014285714285714285,0.1,0.45,0.26356589147286824
2024-10-12 12:15:00,0.21714285714285714,0.04285714285714286,0.08,0.5833333333333334,0.24806201550387594
2024-10-12 12:30:00,0.26857142857142857,0.0,0.06,0.5,0.24806201550387594
2024-10-12 12:45:00,0.11428571428571428,0.09999999999999999,0.08,0.55,0.18604651162790695
2024-10-12 13:00:00,0.24,0.18571428571428572,0.0,0.3,0.2209302325581395
2024-10-12 13:15:00,0.12000000000000001,0.22857142857142856,0.62,0.43333333333333335,0.3023255813953488
2024-10-12 13:30:00,0.46285714285714286,0.04285714285714286,0.18,0.5,0.4147286821705426
2024-10-12 13:45:00,0.23428571428571426,0.08571428571428572,0.42,0.18333333333333332,0.24418604651162792
2024-10-12 14:00:00,0.3485714285714286,0.18571428571428572,0.06,0.43333333333333335,0.33720930232558133
2024-10-12 14:15:00,0.48,0.2714285714285714,0.42,0.3,0.4883720930232558
2024-10-12 14:30:00,0.4742857142857143,0.014285714285714285,0.2,0.35,0.38372093023255816
2024-10-12 14:45:00,0.4742857142857143,0.11428571428571428,0.16,0.4,0.4147286821705426
2024-10-12 15:00:00,0.52,0.2857142857142857,0.56,0.23333333333333334,0.5310077519379844
2024-10-12 15:15:00,0.37142857142857144,0.014285714285714285,0.4,0.26666666666666666,0.33333333333333337
2024-10-12 15:30:00,0.4228571428571428,0.04285714285714286,0.28,0.36666666666666664,0.375968992248062
2024-10-12 15:45:00,0.7314285714285714,0.08571428571428572,0.42,0.25,0.5968992248062015
2024-10-12 16:00:00,0.7028571428571428,0.15714285714285714,0.76,0.23333333333333334,0.6589147286821705
2024-10-12 16:15:00,0.6742857142857143,0.3857142857142857,0.68,0.21666666666666667,0.6821705426356589
2024-10-12 16:30:00,0.7085714285714285,0.32857142857142857,0.34,0.26666666666666666,0.6356589147286821
2024-10-12 16:45:00,0.5657142857142857,0.3142857142857143,0.8,0.18333333333333332,0.6046511627906976
2024-10-12 17:00:00,0.7028571428571428,0.12857142857142856,0.38,0.23333333333333334,0.5775193798449612
2024-10-12 17:15:00,0.7142857142857143,0.14285714285714285,0.76,0.18333333333333332,0.6511627906976744
2024-10-12 17:30:00,0.8057142857142857,0.19999999999999998,0.7000000000000001,0.25,0.7325581395348837
2024-10-12 17:45:00,0.6571428571428571,0.3142857142857143,0.64,0.2833333333333333,0.6589147286821705
2024-10-12 18:00:00,0.5542857142857143,0.35714285714285715,0.62,0.23333333333333334,0.5852713178294573
2024-10-12 18:15:00,0.6342857142857142,0.15714285714285714,0.36,0.3,0.5503875968992248
2024-10-12 18:30:00,0.44571428571428573,0.2714285714285714,0.3,0.36666666666666664,0.45736434108527124
2024-10-12 18:45:00,0.35428571428571426,0.14285714285714285,0.22,0.4,0.3527131782945736
2024-10-12 19:00:00,0.5314285714285715,0.07142857142857142,0.18,0.4166666666666667,0.4496124031007751
2024-10-12 19:15:00,0.32,0.02857142857142857,0.22,0.5166666666666666,0.32558139534883723
2024-10-12 19:30:00,0.42857142857142855,0.19999999999999998,0.1,0.25,0.36046511627906974
2024-10-12 19:45:00,0.30857142857142855,0.07142857142857142,0.12,0.18333333333333332,0.23255813953488372
2024-10-12 20:00:00,0.36,0.19999999999999998,0.4,0.16666666666666666,0.3527131782945736
2024-10-12 20:15:00,0.4514285714285714,0.21428571428571427,0.24,0.26666666666666666,0.4108527131782945
2024-10-12 20:30:00,0.35428571428571426,0.2714285714285714,0.32,0.2833333333333333,0.3798449612403101
2024-10-12 20:45:00,0.2742857142857143,0.19999999999999998,0.38,0.55,0.3798449612403101
2024-10-12 21:00:00,0.2571428571428571,0.014285714285714285,0.12,0.3333333333333333,0.21705426356589144
2024-10-12 21:15:00,0.33714285714285713,0.0,0.18,0.5333333333333333,0.32558139534883723
2024-10-12 21:30:00,0.37142857142857144,0.05714285714285714,0.1,0.4,0.3178294573643411
2024-10-12 21:45:00,0.0,0.0,0.0,0.6333333333333333,0.08527131782945735
2024-10-12 22:00:00,0.034285714285714294,0.02857142857142857,0.0,0.6333333333333333,0.11627906976744184
2024-10-12 22:15:00,0.034285714285714294,0.014285714285714285,0.02,0.6666666666666666,0.12403100775193798
2024-10-12 22:30:00,0.04000000000000001,0.014285714285714285,0.04,0.5166666666666666,0.09689922480620153
2024-10-12 22:45:00,0.0,0.014285714285714285,0.0,0.6,0.08139534883720931
2024-10-12 23:00:00,0.0,0.0,0.0,0.3833333333333333,0.027131782945736427
2024-10-12 23:15:00,0.005714285714285717,0.0,0.04,0.43333333333333335,0.05038759689922481
2024-10-12 23:30:00,0.05714285714285715,0.014285714285714285,0.04,0.3333333333333333,0.06589147286821703
2024-10-12 23:45:00,0.005714285714285717,0.02857142857142857,0.0,0.4,0.042635658914728675
2024-10-13 00:00:00,0.005714285714285717,0.014285714285714285,0.04,0.6666666666666666,0.10852713178294573
2024-10-13 00:15:00,0.005714285714285717,0.014285714285714285,0.0,0.65,0.09689922480620153
2024-10-13 00:30:00,0.05714285714285715,0.014285714285714285,0.04,0.3833333333333333,0.07751937984496124
2024-10-13 00:45:00,0.01142857142857143,0.014285714285714285,0.04,0.5833333333333334,0.09302325581395349
2024-10-13 01:00:00,0.05714285714285715,0.0,0.0,0.36666666666666664,0.06201550387596899
2024-10-13 01:15:00,0.034285714285714294,0.02857142857142857,0.04,0.55,0.10465116279069767
2024-10-13 01:30:00,0.051428571428571435,0.02857142857142857,0.02,0.4,0.07751937984496124
2024-10-13 01:45:00,0.0,0.02857142857142857,0.04,0.6,0.09302325581395349
2024-10-13 02:00:00,0.022857142857142857,0.0,0.04,0.5833333333333334,0.09689922480620153
2024-10-13 02:15:00,0.051428571428571435,0.0,0.0,0.5,0.08914728682170542
2024-10-13 02:30:00,0.0,0.0,0.0,0.48333333333333334,0.05038759689922481
2024-10-13 02:45:00,0.022857142857142857,0.0,0.02,0.6,0.09689922480620153
2024-10-13 03:00:00,0.05714285714285715,0.014285714285714285,0.04,0.6,0.12790697674418602
2024-10-13 03:15:00,0.034285714285714294,0.014285714285714285,0.0,0.3333333333333333,0.042635658914728675
2024-10-13 03:30:00,0.051428571428571435,0.014285714285714285,0.04,0.48333333333333334,0.09689922480620153
2024-10-13 03:45:00,0.0,0.0,0.02,0.6333333333333333,0.08914728682170542
2024-10-13 04:00:00,0.27999999999999997,0.09999999999999999,0.04,0.45,0.2674418604651163
2024-10-13 04:15:00,0.26857142857142857,0.07142857142857142,0.04,0.9,0.3565891472868217
2024-10-13 04:30:00,0.33714285714285713,0.09999999999999999,0.06,0.9833333333333333,0.43410852713178294
2024-10-13 04:45:00,0.13142857142857142,0.09999999999999999,0.08,0.5833333333333334,0.2054263565891473
2024-10-13 05:00:00,0.4228571428571428,0.02857142857142857,0.04,0.8,0.4263565891472868
2024-10-13 05:15:00,0.3028571428571428,0.0,0.06,0.5833333333333334,0.2906976744186046
2024-10-13 05:30:00,0.21714285714285714,0.05714285714285714,0.0,0.8,0.28682170542635654
2024-10-13 05:45:00,0.38285714285714284,0.07142857142857142,0.06,0.95,0.4496124031007751
2024-10-13 06:00:00,0.3314285714285714,0.0,0.0,0.7166666666666667,0.3294573643410853
2024-10-13 06:15:00,0.3028571428571428,0.14285714285714285,0.02,0.9666666666666667,0.4108527131782945
2024-10-13 06:30:00,0.11428571428571428,0.02857142857142857,0.06,0.43333333333333335,0.13565891472868216
2024-10-13 06:45:00,0.12000000000000001,0.08571428571428572,0.04,0.9333333333333333,0.2674418604651163
2024-10-13 07:00:00,0.2742857142857143,0.07142857142857142,0.1,0.4166666666666667,0.2596899224806202
2024-10-13 07:15:00,0.1657142857142857,0.08571428571428572,0.02,0.5666666666666667,0.20930232558139536
2024-10-13 07:30:00,0.1257142857142857,0.04285714285714286,0.1,0.8833333333333333,0.2596899224806202
2024-10-13 07:45:00,0.4114285714285714,0.0,0.06,0.7333333333333333,0.3992248062015503
2024-10-13 08:00:00,0.34285714285714286,0.14285714285714285,0.02,0.8666666666666667,0.4147286821705426
2024-10-13 08:15:00,0.34285714285714286,0.08571428571428572,0.06,0.9166666666666666,0.41860465116279066
2024-10-13 08:30:00,0.41714285714285715,0.08571428571428572,0.04,0.5833333333333334,0.3875968992248062
2024-10-13 08:45:00,0.17714285714285713,0.08571428571428572,0.1,0.95,0.32170542635658916
2024-10-13 09:00:00,0.7942857142857143,0.6,0.22,0.11666666666666667,0.7093023255813953
2024-10-13 09:15:00,0.6857142857142857,0.41428571428571426,0.38,0.1,0.6124031007751938
2024-10-13 09:30:00,0.6228571428571429,0.7142857142857143,0.12,0.13333333333333333,0.6085271317829457
2024-10-13 09:45:00,0.7485714285714286,0.34285714285714286,0.4,0.1,0.6395348837209301
2024-10-13 10:00:00,0.6228571428571429,0.5285714285714286,0.38,0.11666666666666667,0.6046511627906976
2024-10-13 10:15:00,0.7771428571428571,0.7142857142857143,0.32,0.08333333333333333,0.7403100775193798
2024-10-13 10:30:00,0.64,0.7142857142857143,0.4,0.16666666666666666,0.6821705426356589
2024-10-13 10:45:00,0.5599999999999999,0.5714285714285714,0.22,0.15,0.5503875968992248
2024-10-13 11:00:00,0.72,0.5571428571428572,0.1,0.08333333333333333,0.6162790697674418
2024-10-13 11:15:00,0.6514285714285715,0.3142857142857143,0.12,0.13333333333333333,0.5193798449612402
2024-10-13 11:30:00,0.5657142857142857,0.5,0.38,0.15,0.5658914728682171
2024-10-13 11:45:00,0.8057142857142857,0.34285714285714286,0.26,0.1,0.6511627906976744
2024-10-13 12:00:00,0.7371428571428571,0.37142857142857144,0.28,0.1,0.6162790697674418
2024-10-13 12:15:00,0.6057142857142856,0.6571428571428571,0.38,0.13333333333333333,0.631782945736434
2024-10-13 12:30:00,0.5771428571428572,0.5285714285714286,0.38,0.13333333333333333,0.5775193798449612
2024-10-13 12:45:00,0.7028571428571428,0.5142857142857142,0.24,0.15,0.6356589147286821
2024-10-13 13:00:00,0.5485714285714286,0.5142857142857142,0.22,0.15,0.5271317829457364
2024-10-13 13:15:00,0.7828571428571428,0.3,0.14,0.15,0.6124031007751938
2024-10-13 13:30:00,0.6799999999999999,0.3,0.2,0.08333333333333333,0.5387596899224806
2024-10-13 13:45:00,0.5599999999999999,0.3142857142857143,0.4,0.11666666666666667,0.507751937984496
2024-10-13 14:00:00,0.7657142857142857,0.6714285714285714,0.14,0.13333333333333333,0.6976744186046511
2024-10-13 14:15:00,0.6971428571428572,0.39999999999999997,0.4,0.16666666666666666,0.6356589147286821
2024-10-13 14:30:00,0.6914285714285714,0.5571428571428572,0.26,0.11666666666666667,0.6356589147286821
2024-10-13 14:45:00,0.5428571428571428,0.5857142857142857,0.3,0.13333333333333333,0.5542635658914729
2024-10-13 15:00:00,0.3485714285714286,0.07142857142857142,0.1,0.2833333333333333,0.2790697674418604
2024-10-13 15:15:00,0.44571428571428573,0.18571428571428572,0.18,0.16666666666666666,0.3643410852713178
2024-10-13 15:30:00,0.2571428571428571,0.08571428571428572,0.3,0.15,0.22868217054263565
2024-10-13 15:45:00,0.2571428571428571,0.18571428571428572,0.02,0.18333333333333332,0.20930232558139536
2024-10-13 16:00:00,0.34285714285714286,0.07142857142857142,0.02,0.3333333333333333,0.2713178294573644
2024-10-13 16:15:00,0.38285714285714284,0.11428571428571428,0.24,0.31666666666666665,0.34883720930232553
2024-10-13 16:30:00,0.42857142857142855,0.09999999999999999,0.0,0.15,0.2906976744186046
2024-10-13 16:45:00,0.3771428571428571,0.07142857142857142,0.2,0.08333333333333333,0.2713178294573644
2024-10-13 17:00:00,0.44571428571428573,0.15714285714285714,0.04,0.2,0.33720930232558133
2024-10-13 17:15:00,0.27999999999999997,0.07142857142857142,0.12,0.16666666666666666,0.20930232558139536
2024-10-13 17:30:00,0.2857142857142857,0.08571428571428572,0.08,0.16666666666666666,0.20930232558139536
2024-10-13 17:45:00,0.2914285714285714,0.21428571428571427,0.28,0.08333333333333333,0.2674418604651163
2024-10-13 18:00:00,0.3771428571428571,0.11428571428571428,0.26,0.2,0.32170542635658916
2024-10-13 18:15:00,0.30857142857142855,0.07142857142857142,0.26,0.3,0.28682170542635654
2024-10-13 18:30:00,0.3257142857142857,0.19999999999999998,0.08,0.16666666666666666,0.2674418604651163
2024-10-13 18:45:00,0.36,0.14285714285714285,0.18,0.3333333333333333,0.33333333333333337
2024-10-13 19:00:00,0.1257142857142857,0.0,0.06,0.6666666666666666,0.18992248062015502
2024-10-13 19:15:00,0.22857142857142854,0.04285714285714286,0.02,0.7333333333333333,0.2790697674418604
2024-10-13 19:30:00,0.10285714285714286,0.04285714285714286,0.02,0.65,0.1744186046511628
2024-10-13 19:45:00,0.2571428571428571,0.05714285714285714,0.08,0.6666666666666666,0.29844961240310075
2024-10-13 20:00:00,0.13714285714285712,0.02857142857142857,0.08,0.65,0.2054263565891473
2024-10-13 20:15:00,0.12000000000000001,0.014285714285714285,0.1,0.5,0.15891472868217052
2024-10-13 20:30:00,0.21714285714285714,0.05714285714285714,0.1,0.65,0.2713178294573644
2024-10-13 20:45:00,0.16,0.07142857142857142,0.0,0.4166666666666667,0.1627906976744186
2024-10-13 21:00:00,0.09142857142857143,0.02857142857142857,0.08,0.5,0.13953488372093023
2024-10-13 21:15:00,0.24,0.02857142857142857,0.08,0.6666666666666666,0.2790697674418604
2024-10-13 21:30:00,0.10857142857142858,0.05714285714285714,0.08,0.6833333333333333,0.20155038759689922
2024-10-13 21:45:00,0.034285714285714294,0.0,0.04,0.45,0.07364341085271317
2024-10-13 22:00:00,0.0,0.014285714285714285,0.02,0.6166666666666667,0.08914728682170542
2024-10-13 22:15:00,0.051428571428571435,0.02857142857142857,0.02,0.36666666666666664,0.0697674418604651
2024-10-13 22:30:00,0.005714285714285717,0.02857142857142857,0.0,0.65,0.1007751937984496
2024-10-13 22:45:00,0.05714285714285715,0.02857142857142857,0.04,0.6166666666666667,0.13565891472868216
2024-10-13 23:00:00,0.022857142857142857,0.02857142857142857,0.04,0.6,0.10852713178294573
2024-10-13 23:15:00,0.034285714285714294,0.0,0.0,0.5666666666666667,0.09302325581395349
2024-10-13 23:30:00,0.04571428571428572,0.014285714285714285,0.04,0.4166666666666667,0.07751937984496124
2024-10-13 23:45:00,0.04571428571428572,0.014285714285714285,0.04,0.5166666666666666,0.1007751937984496
2024-10-14 00:00:00,0.02857142857142857,0.0,0.0,0.6166666666666667,0.1007751937984496
2024-10-14 00:15:00,0.005714285714285717,0.02857142857142857,0.0,0.3333333333333333,0.027131782945736427
2024-10-14 00:30:00,0.04000000000000001,0.014285714285714285,0.02,0.6,0.1124031007751938
2024-10-14 00:45:00,0.022857142857142857,0.02857142857142857,0.0,0.45,0.06589147286821703
2024-10-14 01:00:00,0.04571428571428572,0.014285714285714285,0.0,0.5833333333333334,0.10852713178294573
2024-10-14 01:15:00,0.01142857142857143,0.0,0.02,0.6666666666666666,0.10465116279069767
2024-10-14 01:30:00,0.005714285714285717,0.014285714285714285,0.02,0.6166666666666667,0.09302325581395349
2024-10-14 01:45:00,0.017142857142857144,0.014285714285714285,0.02,0.45,0.06201550387596899
2024-10-14 02:00:00,0.022857142857142857,0.02857142857142857,0.04,0.5,0.08527131782945735
2024-10-14 02:15:00,0.01142857142857143,0.014285714285714285,0.0,0.6333333333333333,0.09689922480620153
2024-10-14 02:30:00,0.005714285714285717,0.0,0.02,0.5833333333333334,0.08139534883720931
2024-10-14 02:45:00,0.01142857142857143,0.0,0.04,0.45,0.05813953488372092
2024-10-14 03:00:00,0.0,0.0,0.0,0.6,0.07751937984496124
2024-10-14 03:15:00,0.034285714285714294,0.02857142857142857,0.04,0.4166666666666667,0.07364341085271317
2024-10-14 03:30:00,0.0,0.014285714285714285,0.04,0.36666666666666664,0.03488372093023255
2024-10-14 03:45:00,0.051428571428571435,0.0,0.02,0.5,0.09302325581395349
2024-10-14 04:00:00,0.2857142857142857,0.014285714285714285,0.02,0.5,0.2558139534883721
2024-10-14 04:15:00,0.3942857142857143,0.14285714285714285,0.02,0.16666666666666666,0.28682170542635654
2024-10-14 04:30:00,0.48,0.09999999999999999,0.02,0.35,0.375968992248062
2024-10-14 04:45:00,0.4685714285714286,0.12857142857142856,0.12,0.2833333333333333,0.3798449612403101
2024-10-14 05:00:00,0.42857142857142855,0.14285714285714285,0.06,0.31666666666666665,0.3527131782945736
2024-10-14 05:15:00,0.48,0.09999999999999999,0.0,0.4166666666666667,0.3875968992248062
2024-10-14 05:30:00,0.48,0.08571428571428572,0.12,0.2833333333333333,0.375968992248062
2024-10-14 05:45:00,0.7371428571428571,0.17142857142857143,0.4,0.08333333333333333,0.5813953488372092
2024-10-14 06:00:00,0.5657142857142857,0.22857142857142856,0.22,0.25,0.4844961240310077
2024-10-14 06:15:00,0.7257142857142858,0.14285714285714285,0.4,0.21666666666666667,0.5968992248062015
2024-10-14 06:30:00,0.6114285714285714,0.22857142857142856,0.36,0.2,0.5310077519379844
2024-10-14 06:45:00,0.4514285714285714,0.35714285714285715,0.22,0.25,0.4418604651162791
2024-10-14 07:00:00,0.5485714285714286,0.35714285714285715,0.42,0.25,0.5465116279069767
2024-10-14 07:15:00,0.7771428571428571,0.22857142857142856,0.5,0.16666666666666666,0.6627906976744186
2024-10-14 07:30:00,0.5885714285714285,0.41428571428571426,0.46,0.18333333333333332,0.5813953488372092
2024-10-14 07:45:00,0.8114285714285714,0.3857142857142857,0.5,0.11666666666666667,0.7170542635658914
2024-10-14 08:00:00,0.5542857142857143,0.14285714285714285,0.36,0.2,0.46899224806201545
2024-10-14 08:15:00,0.7771428571428571,0.42857142857142855,0.38,0.11666666666666667,0.6821705426356589
2024-10-14 08:30:00,0.6457142857142857,0.32857142857142857,0.38,0.25,0.5968992248062015
2024-10-14 08:45:00,0.48571428571428565,0.3857142857142857,0.24,0.16666666666666666,0.45736434108527124
2024-10-14 09:00:00,0.17142857142857143,0.07142857142857142,0.5,0.18333333333333332,0.21317829457364337
2024-10-14 09:15:00,0.42857142857142855,0.15714285714285714,0.16,0.31666666666666665,0.375968992248062
2024-10-14 09:30:00,0.3771428571428571,0.21428571428571427,0.14,0.16666666666666666,0.3178294573643411
2024-10-14 09:45:00,0.3028571428571428,0.07142857142857142,0.1,0.11666666666666667,0.20930232558139536
2024-10-14 10:00:00,0.17714285714285713,0.07142857142857142,0.3,0.31666666666666665,0.20930232558139536
2024-10-14 10:15:00,0.17714285714285713,0.21428571428571427,0.44,0.18333333333333332,0.24418604651162792
2024-10-14 10:30:00,0.14285714285714285,0.17142857142857143,0.4,0.2833333333333333,0.22480620155038758
2024-10-14 10:45:00,0.13714285714285712,0.07142857142857142,0.22,0.48333333333333334,0.2054263565891473
2024-10-14 11:00:00,0.1657142857142857,0.11428571428571428,0.2,0.4166666666666667,0.21705426356589144
2024-10-14 11:15:00,0.32,0.04285714285714286,0.12,0.5166666666666666,0.31007751937984496
2024-10-14 11:30:00,0.26857142857142857,0.09999999999999999,0.1,0.45,0.2713178294573644
2024-10-14 11:45:00,0.10857142857142858,0.0,0.24,0.5666666666666667,0.18992248062015502
2024-10-14 12:00:00,0.13142857142857142,0.12857142857142856,0.1,0.4166666666666667,0.17829457364341086
2024-10-14 12:15:00,0.2114285714285714,0.0,0.08,0.55,0.22480620155038758
2024-10-14 12:30:00,0.14857142857142855,0.05714285714285714,0.18,0.43333333333333335,0.18992248062015502
2024-10-14 12:45:00,0.13714285714285712,0.02857142857142857,0.08,0.5666666666666667,0.18604651162790695
2024-10-14 13:00:00,0.33714285714285713,0.2714285714285714,0.44,0.21666666666666667,0.375968992248062
2024-10-14 13:15:00,0.4514285714285714,0.014285714285714285,0.22,0.26666666666666666,0.3527131782945736
2024-10-14 13:30:00,0.08571428571428572,0.0,0.34,0.4,0.15503875968992248
2024-10-14 13:45:00,0.44,0.22857142857142856,0.64,0.36666666666666664,0.507751937984496
2024-10-14 14:00:00,0.42857142857142855,0.19999999999999998,0.44,0.4166666666666667,0.4651162790697674
2024-10-14 14:15:00,0.07428571428571429,0.22857142857142856,0.2,0.23333333333333334,0.1434108527131783
2024-10-14 14:30:00,0.29714285714285715,0.17142857142857143,0.6,0.25,0.36046511627906974
2024-10-14 14:45:00,0.2571428571428571,0.014285714285714285,0.42,0.4166666666666667,0.2945736434108527
2024-10-14 15:00:00,0.005714285714285717,0.05714285714285714,0.1,0.16666666666666666,0.015503875968992248
2024-10-14 15:15:00,0.41714285714285715,0.2714285714285714,0.6,0.3833333333333333,0.5
2024-10-14 15:30:00,0.18857142857142856,0.11428571428571428,0.36,0.5,0.2829457364341085
2024-10-14 15:45:00,0.7085714285714285,0.2571428571428571,0.24,0.2833333333333333,0.6007751937984496
2024-10-14 16:00:00,0.6228571428571429,0.12857142857142856,0.78,0.18333333333333332,0.5891472868217054
2024-10-14 16:15:00,0.7657142857142857,0.11428571428571428,0.8,0.2833333333333333,0.7093023255813953
2024-10-14 16:30:00,0.5885714285714285,0.2857142857142857,0.2,0.25,0.5116279069767441
2024-10-14 16:45:00,0.7085714285714285,0.15714285714285714,0.24,0.3333333333333333,0.5852713178294573
2024-10-14 17:00:00,0.8228571428571428,0.3142857142857143,0.62,0.21666666666666667,0.751937984496124
2024-10-14 17:15:00,0.6571428571428571,0.3857142857142857,0.74,0.2,0.6782945736434108
2024-10-14 17:30:00,0.6571428571428571,0.08571428571428572,0.74,0.3,0.6201550387596899
2024-10-14 17:45:00,0.6799999999999999,0.39999999999999997,0.64,0.3,0.7015503875968991
2024-10-14 18:00:00,0.6342857142857142,0.14285714285714285,0.56,0.31666666666666665,0.5891472868217054
2024-10-14 18:15:00,0.5428571428571428,0.12857142857142856,0.2,0.18333333333333332,0.42248062015503873
2024-10-14 18:30:00,0.4742857142857143,0.11428571428571428,0.4,0.55,0.49612403100775193
2024-10-14 18:45:00,0.5085714285714286,0.22857142857142856,0.3,0.3333333333333333,0.48062015503875966
2024-10-14 19:00:00,0.5085714285714286,0.24285714285714285,0.38,0.5833333333333334,0.5581395348837209
2024-10-14 19:15:00,0.26285714285714284,0.2857142857142857,0.14,0.4166666666666667,0.3178294573643411
2024-10-14 19:30:00,0.3028571428571428,0.17142857142857143,0.4,0.31666666666666665,0.3410852713178294
2024-10-14 19:45:00,0.3942857142857143,0.11428571428571428,0.2,0.21666666666666667,0.32558139534883723
2024-10-14 20:00:00,0.4971428571428571,0.12857142857142856,0.22,0.5333333333333333,0.4767441860465116
2024-10-14 20:15:00,0.4971428571428571,0.07142857142857142,0.34,0.2,0.40697674418604646
2024-10-14 20:30:00,0.2571428571428571,0.12857142857142856,0.36,0.3,0.28682170542635654
2024-10-14 20:45:00,0.42857142857142855,0.15714285714285714,0.28,0.23333333333333334,0.3798449612403101
2024-10-14 21:00:00,0.5542857142857143,0.14285714285714285,0.26,0.21666666666666667,0.4534883720930232
2024-10-14 21:15:00,0.36,0.18571428571428572,0.36,0.21666666666666667,0.3527131782945736
2024-10-14 21:30:00,0.5885714285714285,0.05714285714285714,0.34,0.21666666666666667,0.46899224806201545
2024-10-14 21:45:00,0.04571428571428572,0.014285714285714285,0.04,0.3333333333333333,0.05813953488372092
2024-10-14 22:00:00,0.017142857142857144,0.0,0.04,0.5666666666666667,0.08914728682170542
2024-10-14 22:15:00,0.034285714285714294,0.02857142857142857,0.04,0.6666666666666666,0.1317829457364341
2024-10-14 22:30:00,0.04571428571428572,0.014285714285714285,0.02,0.4666666666666667,0.08527131782945735
2024-10-14 22:45:00,0.04000000000000001,0.0,0.04,0.3833333333333333,0.06201550387596899
2024-10-14 23:00:00,0.022857142857142857,0.0,0.02,0.3333333333333333,0.03488372093023255
2024-10-14 23:15:00,0.017142857142857144,0.014285714285714285,0.04,0.35,0.042635658914728675
2024-10-14 23:30:00,0.01142857142857143,0.014285714285714285,0.02,0.43333333333333335,0.054263565891472854
2024-10-14 23:45:00,0.005714285714285717,0.0,0.02,0.36666666666666664,0.031007751937984496
2024-10-15 00:00:00,0.034285714285714294,0.02857142857142857,0.0,0.5833333333333334,0.10465116279069767
2024-10-15 00:15:00,0.01142857142857143,0.02857142857142857,0.0,0.4,0.046511627906976744
2024-10-15 00:30:00,0.01142857142857143,0.02857142857142857,0.04,0.4666666666666667,0.0697674418604651
2024-10-15 00:45:00,0.04571428571428572,0.0,0.04,0.4,0.0697674418604651
2024-10-15 01:00:00,0.04571428571428572,0.014285714285714285,0.04,0.45,0.08527131782945735
2024-10-15 01:15:00,0.01142857142857143,0.014285714285714285,0.02,0.5333333333333333,0.07751937984496124
2024-10-15 01:30:00,0.01142857142857143,0.0,0.04,0.4,0.046511627906976744
2024-10-15 01:45:00,0.005714285714285717,0.02857142857142857,0.0,0.4166666666666667,0.046511627906976744
2024-10-15 02:00:00,0.0,0.0,0.0,0.43333333333333335,0.038759689922480606
2024-10-15 02:15:00,0.005714285714285717,0.0,0.04,0.3333333333333333,0.027131782945736427
2024-10-15 02:30:00,0.02857142857142857,0.02857142857142857,0.02,0.5833333333333334,0.10465116279069767
2024-10-15 02:45:00,0.051428571428571435,0.014285714285714285,0.0,0.36666666666666664,0.06201550387596899
2024-10-15 03:00:00,0.04571428571428572,0.014285714285714285,0.02,0.4,0.0697674418604651
2024-10-15 03:15:00,0.04571428571428572,0.014285714285714285,0.02,0.3833333333333333,0.06589147286821703
2024-10-15 03:30:00,0.05714285714285715,0.0,0.0,0.65,0.12790697674418602
2024-10-15 03:45:00,0.022857142857142857,0.02857142857142857,0.04,0.4166666666666667,0.06589147286821703
2024-10-15 04:00:00,0.4057142857142857,0.09999999999999999,0.04,0.23333333333333334,0.3023255813953488
2024-10-15 04:15:00,0.39999999999999997,0.05714285714285714,0.08,0.3833333333333333,0.3294573643410853
2024-10-15 04:30:00,0.27999999999999997,0.11428571428571428,0.0,0.26666666666666666,0.2209302325581395
2024-10-15 04:45:00,0.3142857142857143,0.07142857142857142,0.12,0.4166666666666667,0.2906976744186046
2024-10-15 05:00:00,0.37142857142857144,0.05714285714285714,0.12,0.35,0.31007751937984496
2024-10-15 05:15:00,0.37142857142857144,0.14285714285714285,0.14,0.4,0.34883720930232553
2024-10-15 05:30:00,0.2571428571428571,0.02857142857142857,0.06,0.43333333333333335,0.23255813953488372
2024-10-15 05:45:00,0.7028571428571428,0.15714285714285714,0.5,0.21666666666666667,0.6046511627906976
2024-10-15 06:00:00,0.72,0.32857142857142857,0.3,0.18333333333333332,0.6162790697674418
2024-10-15 06:15:00,0.7714285714285715,0.34285714285714286,0.34,0.13333333333333333,0.6511627906976744
2024-10-15 06:30:00,0.6171428571428571,0.32857142857142857,0.46,0.16666666666666666,0.5736434108527131
2024-10-15 06:45:00,0.5942857142857143,0.3142857142857143,0.26,0.13333333333333333,0.507751937984496
2024-10-15 07:00:00,0.7885714285714286,0.15714285714285714,0.22,0.2,0.6046511627906976
2024-10-15 07:15:00,0.7542857142857142,0.34285714285714286,0.5,0.13333333333333333,0.6705426356589147
2024-10-15 07:30:00,0.5942857142857143,0.3857142857142857,0.28,0.13333333333333333,0.5310077519379844
2024-10-15 07:45:00,0.4685714285714286,0.42857142857142855,0.34,0.13333333333333333,0.46899224806201545
2024-10-15 08:00:00,0.49142857142857144,0.19999999999999998,0.26,0.08333333333333333,0.39534883720930236
2024-10-15 08:15:00,0.46285714285714286,0.21428571428571427,0.32,0.23333333333333334,0.4263565891472868
2024-10-15 08:30:00,0.7371428571428571,0.18571428571428572,0.48,0.18333333333333332,0.624031007751938
2024-10-15 08:45:00,0.7542857142857142,0.18571428571428572,0.4,0.15,0.6124031007751938
2024-10-15 09:00:00,0.24,0.21428571428571427,0.52,0.25,0.3178294573643411
2024-10-15 09:15:00,0.26857142857142857,0.11428571428571428,0.46,0.2833333333333333,0.3062015503875969
2024-10-15 09:30:00,0.4114285714285714,0.07142857142857142,0.1,0.23333333333333334,0.31007751937984496
2024-10-15 09:45:00,0.21714285714285714,0.18571428571428572,0.48,0.23333333333333334,0.2829457364341085
2024-10-15 10:00:00,0.36,0.19999999999999998,0.6,0.31666666666666665,0.4263565891472868
2024-10-15 10:15:00,0.23428571428571426,0.07142857142857142,0.22,0.21666666666666667,0.20930232558139536
2024-10-15 10:30:00,0.42857142857142855,0.15714285714285714,0.1,0.26666666666666666,0.3527131782945736
2024-10-15 10:45:00,0.21714285714285714,0.11428571428571428,0.02,0.45,0.22480620155038758
2024-10-15 11:00:00,0.3485714285714286,0.09999999999999999,0.24,0.45,0.3527131782945736
2024-10-15 11:15:00,0.1657142857142857,0.0,0.04,0.55,0.18604651162790695
2024-10-15 11:30:00,0.34285714285714286,0.02857142857142857,0.16,0.5,0.32558139534883723
2024-10-15 11:45:00,0.30857142857142855,0.09999999999999999,0.18,0.48333333333333334,0.32170542635658916
2024-10-15 12:00:00,0.2857142857142857,0.09999999999999999,0.08,0.4666666666666667,0.2829457364341085
2024-10-15 12:15:00,0.2057142857142857,0.05714285714285714,0.18,0.5833333333333334,0.26356589147286824
2024-10-15 12:30:00,0.15428571428571428,0.0,0.16,0.4166666666666667,0.17054263565891473
2024-10-15 12:45:00,0.24571428571428572,0.02857142857142857,0.24,0.5,0.27519379844961234
2024-10-15 13:00:00,0.17714285714285713,0.22857142857142856,0.24,0.21666666666666667,0.21705426356589144
2024-10-15 13:15:00,0.21714285714285714,0.02857142857142857,0.46,0.36666666666666664,0.2674418604651163
2024-10-15 13:30:00,0.04571428571428572,0.04285714285714286,0.48,0.5,0.18992248062015502
2024-10-15 13:45:00,0.48571428571428565,0.2857142857142857,0.44,0.3,0.5
2024-10-15 14:00:00,0.5314285714285715,0.05714285714285714,0.4,0.4666666666666667,0.5
2024-10-15 14:15:00,0.5142857142857142,0.08571428571428572,0.54,0.23333333333333334,0.46899224806201545
2024-10-15 14:30:00,0.19428571428571428,0.18571428571428572,0.16,0.18333333333333332,0.19379844961240308
2024-10-15 14:45:00,0.27999999999999997,0.21428571428571427,0.16,0.18333333333333332,0.2596899224806202
2024-10-15 15:00:00,0.13142857142857142,0.2714285714285714,0.26,0.18333333333333332,0.19379844961240308
2024-10-15 15:15:00,0.01142857142857143,0.05714285714285714,0.1,0.3833333333333333,0.0697674418604651
2024-10-15 15:30:00,0.13714285714285712,0.2571428571428571,0.18,0.25,0.19379844961240308
2024-10-15 15:45:00,0.6685714285714286,0.2571428571428571,0.36,0.31666666666666665,0.6046511627906976
2024-10-15 16:00:00,0.8285714285714285,0.42857142857142855,0.28,0.2833333333333333,0.7364341085271318
2024-10-15 16:15:00,0.6171428571428571,0.35714285714285715,0.56,0.2,0.6085271317829457
2024-10-15 16:30:00,0.6342857142857142,0.32857142857142857,0.78,0.2833333333333333,0.6744186046511628
2024-10-15 16:45:00,0.6971428571428572,0.19999999999999998,0.8,0.18333333333333332,0.6627906976744186
2024-10-15 17:00:00,0.6342857142857142,0.21428571428571427,0.66,0.3333333333333333,0.631782945736434
2024-10-15 17:15:00,0.7485714285714286,0.21428571428571427,0.3,0.3,0.631782945736434
2024-10-15 17:30:00,0.6571428571428571,0.24285714285714285,0.28,0.18333333333333332,0.5465116279069767
2024-10-15 17:45:00,0.5942857142857143,0.35714285714285715,0.7000000000000001,0.2,0.6201550387596899
2024-10-15 18:00:00,0.7371428571428571,0.3,0.52,0.25,0.6782945736434108
2024-10-15 18:15:00,0.7428571428571429,0.14285714285714285,0.72,0.25,0.6782945736434108
2024-10-15 18:30:00,0.4114285714285714,0.014285714285714285,0.2,0.4166666666666667,0.3565891472868217
2024-10-15 18:45:00,0.5828571428571429,0.21428571428571427,0.26,0.18333333333333332,0.4844961240310077
2024-10-15 19:00:00,0.5771428571428572,0.22857142857142856,0.1,0.31666666666666665,0.4844961240310077
2024-10-15 19:15:00,0.26857142857142857,0.24285714285714285,0.1,0.26666666666666666,0.2674418604651163
2024-10-15 19:30:00,0.5428571428571428,0.2714285714285714,0.1,0.36666666666666664,0.4844961240310077
2024-10-15 19:45:00,0.5828571428571429,0.18571428571428572,0.26,0.36666666666666664,0.5193798449612402
2024-10-15 20:00:00,0.35428571428571426,0.09999999999999999,0.4,0.55,0.4108527131782945
2024-10-15 20:15:00,0.5428571428571428,0.21428571428571427,0.2,0.18333333333333332,0.44573643410852715
2024-10-15 20:30:00,0.6,0.014285714285714285,0.36,0.3333333333333333,0.49612403100775193
2024-10-15 20:45:00,0.4971428571428571,0.19999999999999998,0.2,0.18333333333333332,0.4108527131782945
2024-10-15 21:00:00,0.5942857142857143,0.19999999999999998,0.32,0.23333333333333334,0.5116279069767441
2024-10-15 21:15:00,0.45714285714285713,0.24285714285714285,0.22,0.4666666666666667,0.4651162790697674
2024-10-15 21:30:00,0.5485714285714286,0.17142857142857143,0.32,0.2,0.4651162790697674
2024-10-15 21:45:00,0.02857142857142857,0.0,0.0,0.4166666666666667,0.054263565891472854
2024-10-15 22:00:00,0.04000000000000001,0.02857142857142857,0.02,0.5333333333333333,0.1007751937984496
2024-10-15 22:15:00,0.04571428571428572,0.02857142857142857,0.0,0.6666666666666666,0.1317829457364341
2024-10-15 22:30:00,0.05714285714285715,0.014285714285714285,0.0,0.5,0.09689922480620153
2024-10-15 22:45:00,0.005714285714285717,0.014285714285714285,0.0,0.5666666666666667,0.07751937984496124
2024-10-15 23:00:00,0.034285714285714294,0.014285714285714285,0.02,0.65,0.12015503875968991
2024-10-15 23:15:00,0.022857142857142857,0.02857142857142857,0.02,0.3833333333333333,0.054263565891472854
2024-10-15 23:30:00,0.02857142857142857,0.02857142857142857,0.04,0.4666666666666667,0.08139534883720931
2024-10-15 23:45:00,0.04000000000000001,0.0,0.02,0.6333333333333333,0.11627906976744184
2024-10-16 00:00:00,0.034285714285714294,0.02857142857142857,0.04,0.65,0.12790697674418602
2024-10-16 00:15:00,0.01142857142857143,0.014285714285714285,0.0,0.48333333333333334,0.06201550387596899
2024-10-16 00:30:00,0.05714285714285715,0.0,0.04,0.55,0.1124031007751938
2024-10-16 00:45:00,0.02857142857142857,0.0,0.0,0.3333333333333333,0.03488372093023255
2024-10-16 01:00:00,0.005714285714285717,0.0,0.02,0.6666666666666666,0.1007751937984496
2024-10-16 01:15:00,0.04000000000000001,0.014285714285714285,0.04,0.5166666666666666,0.09689922480620153
2024-10-16 01:30:00,0.05714285714285715,0.0,0.0,0.43333333333333335,0.07751937984496124
2024-10-16 01:45:00,0.02857142857142857,0.0,0.02,0.5166666666666666,0.08139534883720931
2024-10-16 02:00:00,0.022857142857142857,0.0,0.04,0.6333333333333333,0.10852713178294573
2024-10-16 02:15:00,0.022857142857142857,0.02857142857142857,0.04,0.6166666666666667,0.1124031007751938
2024-10-16 02:30:00,0.01142857142857143,0.0,0.0,0.5666666666666667,0.07751937984496124
2024-10-16 02:45:00,0.04000000000000001,0.02857142857142857,0.02,0.43333333333333335,0.07751937984496124
2024-10-16 03:00:00,0.05714285714285715,0.0,0.0,0.5666666666666667,0.10852713178294573
2024-10-16 03:15:00,0.034285714285714294,0.0,0.02,0.48333333333333334,0.07751937984496124
2024-10-16 03:30:00,0.022857142857142857,0.014285714285714285,0.02,0.5,0.07751937984496124
2024-10-16 03:45:00,0.0,0.02857142857142857,0.0,0.4666666666666667,0.054263565891472854
2024-10-16 04:00:00,0.37142857142857144,0.014285714285714285,0.0,0.4166666666666667,0.2906976744186046
2024-10-16 04:15:00,0.3942857142857143,0.0,0.12,0.4166666666666667,0.32558139534883723
2024-10-16 04:30:00,0.4342857142857143,0.04285714285714286,0.02,0.3333333333333333,0.32558139534883723
2024-10-16 04:45:00,0.3771428571428571,0.02857142857142857,0.08,0.35,0.29844961240310075
2024-10-16 05:00:00,0.39999999999999997,0.09999999999999999,0.02,0.4666666666666667,0.34883720930232553
2024-10-16 05:15:00,0.4742857142857143,0.07142857142857142,0.1,0.4166666666666667,0.39534883720930236
2024-10-16 05:30:00,0.3771428571428571,0.02857142857142857,0.08,0.31666666666666665,0.2906976744186046
2024-10-16 05:45:00,0.6285714285714286,0.14285714285714285,0.22,0.25,0.5038759689922481
2024-10-16 06:00:00,0.8114285714285714,0.37142857142857144,0.22,0.08333333333333333,0.6511627906976744
2024-10-16 06:15:00,0.5542857142857143,0.21428571428571427,0.4,0.16666666666666666,0.4883720930232558
2024-10-16 06:30:00,0.42857142857142855,0.17142857142857143,0.5,0.15,0.40697674418604646
2024-10-16 06:45:00,0.5257142857142857,0.32857142857142857,0.5,0.11666666666666667,0.507751937984496
2024-10-16 07:00:00,0.4342857142857143,0.32857142857142857,0.48,0.13333333333333333,0.44573643410852715
2024-10-16 07:15:00,0.7142857142857143,0.22857142857142856,0.2,0.25,0.5813953488372092
2024-10-16 07:30:00,0.5599999999999999,0.18571428571428572,0.48,0.21666666666666667,0.5116279069767441
2024-10-16 07:45:00,0.76,0.3142857142857143,0.4,0.13333333333333333,0.6472868217054263
2024-10-16 08:00:00,0.7028571428571428,0.22857142857142856,0.44,0.2,0.6085271317829457
2024-10-16 08:15:00,0.49142857142857144,0.19999999999999998,0.22,0.13333333333333333,0.3992248062015503
2024-10-16 08:30:00,0.7771428571428571,0.3857142857142857,0.24,0.15,0.6511627906976744
2024-10-16 08:45:00,0.6228571428571429,0.2714285714285714,0.5,0.08333333333333333,0.5503875968992248
2024-10-16 09:00:00,0.2742857142857143,0.19999999999999998,0.6,0.16666666666666666,0.33333333333333337
2024-10-16 09:15:00,0.3657142857142857,0.12857142857142856,0.34,0.08333333333333333,0.3062015503875969
2024-10-16 09:30:00,0.19428571428571428,0.11428571428571428,0.32,0.16666666666666666,0.20155038759689922
2024-10-16 09:45:00,0.3771428571428571,0.18571428571428572,0.5,0.13333333333333333,0.37209302325581395
2024-10-16 10:00:00,0.24571428571428572,0.11428571428571428,0.58,0.2,0.2945736434108527
2024-10-16 10:15:00,0.38857142857142857,0.19999999999999998,0.36,0.2833333333333333,0.3914728682170543
2024-10-16 10:30:00,0.32,0.11428571428571428,0.14,0.3,0.2829457364341085
2024-10-16 10:45:00,0.22285714285714286,0.09999999999999999,0.22,0.5,0.27519379844961234
2024-10-16 11:00:00,0.30857142857142855,0.0,0.14,0.5833333333333334,0.31007751937984496
2024-10-16 11:15:00,0.2571428571428571,0.04285714285714286,0.1,0.48333333333333334,0.2558139534883721
2024-10-16 11:30:00,0.12000000000000001,0.04285714285714286,0.1,0.4666666666666667,0.15891472868217052
2024-10-16 11:45:00,0.10857142857142858,0.09999999999999999,0.26,0.5666666666666667,0.2209302325581395
2024-10-16 12:00:00,0.17142857142857143,0.04285714285714286,0.06,0.55,0.2054263565891473
2024-10-16 12:15:00,0.30857142857142855,0.14285714285714285,0.18,0.4166666666666667,0.3178294573643411
2024-10-16 12:30:00,0.14857142857142855,0.02857142857142857,0.1,0.55,0.19379844961240308
2024-10-16 12:45:00,0.09142857142857143,0.14285714285714285,0.14,0.5166666666666666,0.18604651162790695
2024-10-16 13:00:00,0.36,0.2857142857142857,0.48,0.23333333333333334,0.40697674418604646
2024-10-16 13:15:00,0.14857142857142855,0.05714285714285714,0.42,0.36666666666666664,0.2209302325581395
2024-10-16 13:30:00,0.22285714285714286,0.08571428571428572,0.36,0.2833333333333333,0.24806201550387594
2024-10-16 13:45:00,0.19428571428571428,0.22857142857142856,0.54,0.43333333333333335,0.33720930232558133
2024-10-16 14:00:00,0.11428571428571428,0.2714285714285714,0.7000000000000001,0.3,0.2945736434108527
2024-10-16 14:15:00,0.06285714285714286,0.05714285714285714,0.58,0.23333333333333334,0.1627906976744186
2024-10-16 14:30:00,0.017142857142857144,0.15714285714285714,0.48,0.2,0.1317829457364341
2024-10-16 14:45:00,0.17142857142857143,0.2571428571428571,0.06,0.26666666666666666,0.19767441860465115
2024-10-16 15:00:00,0.5142857142857142,0.22857142857142856,0.32,0.35,0.49224806201550386
2024-10-16 15:15:00,0.017142857142857144,0.04285714285714286,0.64,0.36666666666666664,0.17054263565891473
2024-10-16 15:30:00,0.14285714285714285,0.2714285714285714,0.28,0.3,0.23255813953488372
2024-10-16 15:45:00,0.6857142857142857,0.15714285714285714,0.52,0.18333333333333332,0.5891472868217054
2024-10-16 16:00:00,0.7142857142857143,0.14285714285714285,0.6,0.3333333333333333,0.6550387596899224
2024-10-16 16:15:00,0.8228571428571428,0.3857142857142857,0.48,0.31666666666666665,0.7674418604651162
2024-10-16 16:30:00,0.5828571428571429,0.35714285714285715,0.76,0.23333333333333334,0.631782945736434
2024-10-16 16:45:00,0.7085714285714285,0.22857142857142856,0.46,0.16666666666666666,0.6085271317829457
2024-10-16 17:00:00,0.72,0.09999999999999999,0.66,0.21666666666666667,0.631782945736434
2024-10-16 17:15:00,0.6799999999999999,0.2857142857142857,0.26,0.23333333333333334,0.5813953488372092
2024-10-16 17:30:00,0.5542857142857143,0.2857142857142857,0.34,0.26666666666666666,0.5193798449612402
2024-10-16 17:45:00,0.7942857142857143,0.18571428571428572,0.24,0.3333333333333333,0.6511627906976744
2024-10-16 18:00:00,0.8171428571428572,0.12857142857142856,0.74,0.3,0.7403100775193798
2024-10-16 18:15:00,0.7771428571428571,0.15714285714285714,0.66,0.26666666666666666,0.6976744186046511
2024-10-16 18:30:00,0.52,0.2571428571428571,0.1,0.5,0.49612403100775193
2024-10-16 18:45:00,0.45714285714285713,0.09999999999999999,0.26,0.5166666666666666,0.44573643410852715
2024-10-16 19:00:00,0.5485714285714286,0.0,0.38,0.55,0.5116279069767441
2024-10-16 19:15:00,0.44571428571428573,0.014285714285714285,0.12,0.4,0.36046511627906974
2024-10-16 19:30:00,0.32,0.14285714285714285,0.26,0.5,0.36046511627906974
2024-10-16 19:45:00,0.5485714285714286,0.08571428571428572,0.4,0.45,0.5155038759689922
2024-10-16 20:00:00,0.5828571428571429,0.0,0.3,0.45,0.49612403100775193
2024-10-16 20:15:00,0.41714285714285715,0.04285714285714286,0.24,0.55,0.40697674418604646
2024-10-16 20:30:00,0.4114285714285714,0.2857142857142857,0.14,0.36666666666666664,0.40697674418604646
2024-10-16 20:45:00,0.5885714285714285,0.14285714285714285,0.1,0.35,0.4767441860465116
2024-10-16 21:00:00,0.2857142857142857,0.0,0.38,0.4166666666666667,0.3023255813953488
2024-10-16 21:15:00,0.32,0.14285714285714285,0.28,0.5833333333333334,0.38372093023255816
2024-10-16 21:30:00,0.4742857142857143,0.2571428571428571,0.14,0.3833333333333333,0.44573643410852715
2024-10-16 21:45:00,0.01142857142857143,0.0,0.02,0.6333333333333333,0.09689922480620153
2024-10-16 22:00:00,0.04000000000000001,0.0,0.0,0.5833333333333334,0.1007751937984496
2024-10-16 22:15:00,0.01142857142857143,0.02857142857142857,0.02,0.5833333333333334,0.09302325581395349
2024-10-16 22:30:00,0.051428571428571435,0.02857142857142857,0.02,0.35,0.06589147286821703
2024-10-16 22:45:00,0.02857142857142857,0.014285714285714285,0.02,0.3333333333333333,0.042635658914728675
2024-10-16 23:00:00,0.005714285714285717,0.02857142857142857,0.0,0.5166666666666666,0.0697674418604651
2024-10-16 23:15:00,0.0,0.02857142857142857,0.02,0.6666666666666666,0.10465116279069767
2024-10-16 23:30:00,0.051428571428571435,0.0,0.04,0.6666666666666666,0.13565891472868216
2024-10-16 23:45:00,0.005714285714285717,0.0,0.04,0.5333333333333333,0.07364341085271317
2024-10-17 00:00:00,0.051428571428571435,0.0,0.04,0.45,0.08527131782945735
2024-10-17 00:15:00,0.017142857142857144,0.014285714285714285,0.02,0.35,0.038759689922480606
2024-10-17 00:30:00,0.034285714285714294,0.02857142857142857,0.04,0.35,0.05813953488372092
2024-10-17 00:45:00,0.02857142857142857,0.02857142857142857,0.0,0.55,0.09302325581395349
2024-10-17 01:00:00,0.04571428571428572,0.014285714285714285,0.04,0.48333333333333334,0.09302325581395349
2024-10-17 01:15:00,0.005714285714285717,0.02857142857142857,0.0,0.45,0.054263565891472854
2024-10-17 01:30:00,0.01142857142857143,0.02857142857142857,0.0,0.36666666666666664,0.038759689922480606
2024-10-17 01:45:00,0.0,0.02857142857142857,0.04,0.6166666666666667,0.09689922480620153
2024-10-17 02:00:00,0.051428571428571435,0.02857142857142857,0.02,0.6666666666666666,0.13953488372093023
2024-10-17 02:15:00,0.051428571428571435,0.0,0.0,0.5166666666666666,0.09302325581395349
2024-10-17 02:30:00,0.02857142857142857,0.0,0.04,0.65,0.11627906976744184
2024-10-17 02:45:00,0.017142857142857144,0.02857142857142857,0.0,0.6666666666666666,0.1124031007751938
2024-10-17 03:00:00,0.05714285714285715,0.0,0.02,0.5833333333333334,0.11627906976744184
2024-10-17 03:15:00,0.034285714285714294,0.014285714285714285,0.02,0.6166666666666667,0.1124031007751938
2024-10-17 03:30:00,0.05714285714285715,0.014285714285714285,0.04,0.45,0.09302325581395349
2024-10-17 03:45:00,0.05714285714285715,0.02857142857142857,0.02,0.6666666666666666,0.1434108527131783
2024-10-17 04:00:00,0.44571428571428573,0.12857142857142856,0.0,0.23333333333333334,0.3294573643410853
2024-10-17 04:15:00,0.44,0.04285714285714286,0.0,0.5,0.3643410852713178
2024-10-17 04:30:00,0.4057142857142857,0.05714285714285714,0.12,0.25,0.31007751937984496
2024-10-17 04:45:00,0.30857142857142855,0.07142857142857142,0.04,0.18333333333333332,0.21705426356589144
2024-10-17 05:00:00,0.30857142857142855,0.07142857142857142,0.06,0.45,0.2829457364341085
2024-10-17 05:15:00,0.3771428571428571,0.05714285714285714,0.12,0.2833333333333333,0.29844961240310075
2024-10-17 05:30:00,0.37142857142857144,0.05714285714285714,0.08,0.3833333333333333,0.31007751937984496
2024-10-17 05:45:00,0.5657142857142857,0.15714285714285714,0.38,0.15,0.4728682170542635
2024-10-17 06:00:00,0.7485714285714286,0.42857142857142855,0.22,0.08333333333333333,0.624031007751938
2024-10-17 06:15:00,0.46285714285714286,0.18571428571428572,0.42,0.15,0.41860465116279066
2024-10-17 06:30:00,0.72,0.2714285714285714,0.36,0.18333333333333332,0.6124031007751938
2024-10-17 06:45:00,0.48571428571428565,0.22857142857142856,0.28,0.21666666666666667,0.43410852713178294
2024-10-17 07:00:00,0.7085714285714285,0.18571428571428572,0.34,0.08333333333333333,0.5542635658914729
2024-10-17 07:15:00,0.49142857142857144,0.14285714285714285,0.5,0.23333333333333334,0.4612403100775193
2024-10-17 07:30:00,0.46285714285714286,0.14285714285714285,0.4,0.23333333333333334,0.42248062015503873
2024-10-17 07:45:00,0.5428571428571428,0.2714285714285714,0.34,0.13333333333333333,0.4767441860465116
2024-10-17 08:00:00,0.4514285714285714,0.15714285714285714,0.2,0.18333333333333332,0.3682170542635659
2024-10-17 08:15:00,0.5942857142857143,0.41428571428571426,0.5,0.18333333333333332,0.5930232558139534
2024-10-17 08:30:00,0.5028571428571429,0.3142857142857143,0.3,0.13333333333333333,0.4534883720930232
2024-10-17 08:45:00,0.4971428571428571,0.24285714285714285,0.32,0.08333333333333333,0.42248062015503873
2024-10-17 09:00:00,0.42857142857142855,0.09999999999999999,0.22,0.2833333333333333,0.3643410852713178
2024-10-17 09:15:00,0.14285714285714285,0.15714285714285714,0.48,0.11666666666666667,0.19767441860465115
2024-10-17 09:30:00,0.17142857142857143,0.19999999999999998,0.28,0.2,0.20930232558139536
2024-10-17 09:45:00,0.37142857142857144,0.07142857142857142,0.5,0.11666666666666667,0.33333333333333337
2024-10-17 10:00:00,0.30857142857142855,0.14285714285714285,0.14,0.26666666666666666,0.27519379844961234
2024-10-17 10:15:00,0.2914285714285714,0.17142857142857143,0.14,0.1,0.23255813953488372
2024-10-17 10:30:00,0.4114285714285714,0.14285714285714285,0.1,0.3,0.34496124031007747
2024-10-17 10:45:00,0.33714285714285713,0.02857142857142857,0.2,0.5666666666666667,0.34496124031007747
2024-10-17 11:00:00,0.18285714285714286,0.04285714285714286,0.26,0.4666666666666667,0.23255813953488372
2024-10-17 11:15:00,0.26285714285714284,0.08571428571428572,0.16,0.55,0.29844961240310075
2024-10-17 11:30:00,0.16,0.014285714285714285,0.18,0.5,0.20155038759689922
2024-10-17 11:45:00,0.37142857142857144,0.014285714285714285,0.22,0.5166666666666666,0.3565891472868217
2024-10-17 12:00:00,0.19428571428571428,0.0,0.02,0.43333333333333335,0.1744186046511628
2024-10-17 12:15:00,0.25142857142857145,0.05714285714285714,0.22,0.5833333333333334,0.3023255813953488
2024-10-17 12:30:00,0.16,0.02857142857142857,0.0,0.4166666666666667,0.1511627906976744
2024-10-17 12:45:00,0.25142857142857145,0.11428571428571428,0.02,0.5333333333333333,0.2674418604651163
2024-10-17 13:00:00,0.37142857142857144,0.02857142857142857,0.32,0.23333333333333334,0.313953488372093
2024-10-17 13:15:00,0.10285714285714286,0.22857142857142856,0.4,0.43333333333333335,0.24806201550387594
2024-10-17 13:30:00,0.06857142857142857,0.11428571428571428,0.24,0.16666666666666666,0.1007751937984496
2024-10-17 13:45:00,0.18285714285714286,0.02857142857142857,0.14,0.48333333333333334,0.20930232558139536
2024-10-17 14:00:00,0.18857142857142856,0.014285714285714285,0.0,0.16666666666666666,0.10852713178294573
2024-10-17 14:15:00,0.017142857142857144,0.24285714285714285,0.4,0.3,0.1627906976744186
2024-10-17 14:30:00,0.10857142857142858,0.22857142857142856,0.58,0.3833333333333333,0.27519379844961234
2024-10-17 14:45:00,0.034285714285714294,0.0,0.34,0.43333333333333335,0.12790697674418602
2024-10-17 15:00:00,0.05714285714285715,0.04285714285714286,0.4,0.4666666666666667,0.1744186046511628
2024-10-17 15:15:00,0.30857142857142855,0.21428571428571427,0.62,0.48333333333333334,0.437984496124031
2024-10-17 15:30:00,0.01142857142857143,0.15714285714285714,0.34,0.4166666666666667,0.1511627906976744
2024-10-17 15:45:00,0.6342857142857142,0.2714285714285714,0.7000000000000001,0.18333333333333332,0.6201550387596899
2024-10-17 16:00:00,0.6742857142857143,0.07142857142857142,0.62,0.21666666666666667,0.5852713178294573
2024-10-17 16:15:00,0.5828571428571429,0.22857142857142856,0.34,0.18333333333333332,0.5038759689922481
2024-10-17 16:30:00,0.64,0.08571428571428572,0.34,0.26666666666666666,0.5232558139534883
2024-10-17 16:45:00,0.5542857142857143,0.14285714285714285,0.3,0.18333333333333332,0.4534883720930232
2024-10-17 17:00:00,0.5428571428571428,0.17142857142857143,0.28,0.25,0.4651162790697674
2024-10-17 17:15:00,0.7828571428571428,0.3142857142857143,0.5,0.3,0.7209302325581395
2024-10-17 17:30:00,0.5657142857142857,0.2714285714285714,0.24,0.26666666666666666,0.5038759689922481
2024-10-17 17:45:00,0.5714285714285714,0.32857142857142857,0.34,0.21666666666666667,0.5310077519379844
2024-10-17 18:00:00,0.5485714285714286,0.42857142857142855,0.46,0.3,0.5852713178294573
2024-10-17 18:15:00,0.76,0.22857142857142856,0.28,0.31666666666666665,0.6434108527131782
2024-10-17 18:30:00,0.52,0.07142857142857142,0.36,0.43333333333333335,0.48062015503875966
2024-10-17 18:45:00,0.37142857142857144,0.24285714285714285,0.4,0.5666666666666667,0.4651162790697674
2024-10-17 19:00:00,0.3257142857142857,0.14285714285714285,0.3,0.43333333333333335,0.3565891472868217
2024-10-17 19:15:00,0.5485714285714286,0.2571428571428571,0.3,0.25,0.49612403100775193
2024-10-17 19:30:00,0.44571428571428573,0.014285714285714285,0.1,0.5166666666666666,0.38372093023255816
2024-10-17 19:45:00,0.5657142857142857,0.2857142857142857,0.4,0.3333333333333333,0.5542635658914729
2024-10-17 20:00:00,0.5828571428571429,0.12857142857142856,0.12,0.3333333333333333,0.46899224806201545
2024-10-17 20:15:00,0.5428571428571428,0.02857142857142857,0.22,0.3833333333333333,0.44573643410852715
2024-10-17 20:30:00,0.6,0.02857142857142857,0.36,0.35,0.5038759689922481
2024-10-17 20:45:00,0.6,0.02857142857142857,0.28,0.5166666666666666,0.5271317829457364
2024-10-17 21:00:00,0.34285714285714286,0.2857142857142857,0.28,0.2833333333333333,0.3682170542635659
2024-10-17 21:15:00,0.2742857142857143,0.2571428571428571,0.2,0.5833333333333334,0.3682170542635659
2024-10-17 21:30:00,0.34285714285714286,0.02857142857142857,0.26,0.55,0.3565891472868217
2024-10-17 21:45:00,0.051428571428571435,0.0,0.0,0.43333333333333335,0.07364341085271317
2024-10-17 22:00:00,0.01142857142857143,0.014285714285714285,0.0,0.4,0.042635658914728675
2024-10-17 22:15:00,0.017142857142857144,0.0,0.0,0.35,0.031007751937984496
2024-10-17 22:30:00,0.05714285714285715,0.0,0.0,0.5333333333333333,0.1007751937984496
2024-10-17 22:45:00,0.05714285714285715,0.02857142857142857,0.04,0.3333333333333333,0.0697674418604651
2024-10-17 23:00:00,0.034285714285714294,0.014285714285714285,0.0,0.6166666666666667,0.10852713178294573
2024-10-17 23:15:00,0.0,0.0,0.0,0.6166666666666667,0.08139534883720931
2024-10-17 23:30:00,0.02857142857142857,0.02857142857142857,0.04,0.4666666666666667,0.08139534883720931
2024-10-17 23:45:00,0.05714285714285715,0.0,0.04,0.6666666666666666,0.13953488372093023
2024-10-18 00:00:00,0.034285714285714294,0.02857142857142857,0.0,0.65,0.12015503875968991
2024-10-18 00:15:00,0.034285714285714294,0.02857142857142857,0.02,0.4666666666666667,0.08139534883720931
2024-10-18 00:30:00,0.0,0.014285714285714285,0.02,0.48333333333333334,0.05813953488372092
2024-10-18 00:45:00,0.01142857142857143,0.02857142857142857,0.0,0.45,0.05813953488372092
2024-10-18 01:00:00,0.01142857142857143,0.02857142857142857,0.02,0.36666666666666664,0.042635658914728675
2024-10-18 01:15:00,0.02857142857142857,0.02857142857142857,0.02,0.6333333333333333,0.11627906976744184
2024-10-18 01:30:00,0.005714285714285717,0.014285714285714285,0.04,0.4166666666666667,0.05038759689922481
2024-10-18 01:45:00,0.05714285714285715,0.02857142857142857,0.02,0.45,0.09302325581395349
2024-10-18 02:00:00,0.01142857142857143,0.014285714285714285,0.0,0.6,0.08914728682170542
2024-10-18 02:15:00,0.051428571428571435,0.02857142857142857,0.0,0.6333333333333333,0.12790697674418602
2024-10-18 02:30:00,0.05714285714285715,0.02857142857142857,0.0,0.45,0.08914728682170542
2024-10-18 02:45:00,0.005714285714285717,0.014285714285714285,0.02,0.5,0.06589147286821703
2024-10-18 03:00:00,0.01142857142857143,0.0,0.02,0.4,0.042635658914728675
2024-10-18 03:15:00,0.04571428571428572,0.0,0.02,0.4,0.06589147286821703
2024-10-18 03:30:00,0.034285714285714294,0.02857142857142857,0.04,0.36666666666666664,0.06201550387596899
2024-10-18 03:45:00,0.04571428571428572,0.02857142857142857,0.02,0.6,0.12015503875968991
2024-10-18 04:00:00,0.4742857142857143,0.08571428571428572,0.1,0.31666666666666665,0.375968992248062
2024-10-18 04:15:00,0.3142857142857143,0.0,0.12,0.3,0.24418604651162792
2024-10-18 04:30:00,0.27999999999999997,0.08571428571428572,0.12,0.23333333333333334,0.22868217054263565
2024-10-18 04:45:00,0.3485714285714286,0.0,0.04,0.3333333333333333,0.2596899224806202
2024-10-18 05:00:00,0.36,0.08571428571428572,0.12,0.18333333333333332,0.2713178294573644
2024-10-18 05:15:00,0.48,0.12857142857142856,0.02,0.23333333333333334,0.3565891472868217
2024-10-18 05:30:00,0.2914285714285714,0.014285714285714285,0.0,0.4,0.23255813953488372
2024-10-18 05:45:00,0.5485714285714286,0.34285714285714286,0.3,0.15,0.49612403100775193
2024-10-18 06:00:00,0.6571428571428571,0.39999999999999997,0.4,0.16666666666666666,0.6085271317829457
2024-10-18 06:15:00,0.5142857142857142,0.41428571428571426,0.36,0.2,0.5155038759689922
2024-10-18 06:30:00,0.5085714285714286,0.18571428571428572,0.42,0.18333333333333332,0.45736434108527124
2024-10-18 06:45:00,0.7771428571428571,0.42857142857142855,0.48,0.2,0.7209302325581395
2024-10-18 07:00:00,0.7942857142857143,0.37142857142857144,0.36,0.21666666666666667,0.6976744186046511
2024-10-18 07:15:00,0.5828571428571429,0.37142857142857144,0.44,0.18333333333333332,0.562015503875969
2024-10-18 07:30:00,0.6457142857142857,0.3857142857142857,0.2,0.2,0.5658914728682171
2024-10-18 07:45:00,0.7485714285714286,0.22857142857142856,0.48,0.16666666666666666,0.6395348837209301
2024-10-18 08:00:00,0.7657142857142857,0.42857142857142855,0.42,0.25,0.7131782945736433
2024-10-18 08:15:00,0.5599999999999999,0.2714285714285714,0.3,0.23333333333333334,0.5038759689922481
2024-10-18 08:30:00,0.6971428571428572,0.2571428571428571,0.22,0.25,0.5813953488372092
2024-10-18 08:45:00,0.5485714285714286,0.41428571428571426,0.32,0.13333333333333333,0.5155038759689922
2024-10-18 09:00:00,0.2857142857142857,0.11428571428571428,0.4,0.31666666666666665,0.313953488372093
2024-10-18 09:15:00,0.2914285714285714,0.09999999999999999,0.16,0.23333333333333334,0.24806201550387594
2024-10-18 09:30:00,0.1657142857142857,0.09999999999999999,0.16,0.15,0.1434108527131783
2024-10-18 09:45:00,0.29714285714285715,0.14285714285714285,0.3,0.2,0.2829457364341085
2024-10-18 10:00:00,0.22285714285714286,0.21428571428571427,0.18,0.3,0.25193798449612403
2024-10-18 10:15:00,0.21714285714285714,0.09999999999999999,0.5,0.18333333333333332,0.25193798449612403
2024-10-18 10:30:00,0.2057142857142857,0.12857142857142856,0.52,0.1,0.2364341085271318
2024-10-18 10:45:00,0.15428571428571428,0.02857142857142857,0.12,0.5,0.18992248062015502
2024-10-18 11:00:00,0.18857142857142856,0.14285714285714285,0.06,0.5333333333333333,0.24031007751937986
2024-10-18 11:15:00,0.2914285714285714,0.14285714285714285,0.18,0.5833333333333334,0.34496124031007747
2024-10-18 11:30:00,0.14285714285714285,0.05714285714285714,0.22,0.5833333333333334,0.22868217054263565
2024-10-18 11:45:00,0.3485714285714286,0.02857142857142857,0.06,0.43333333333333335,0.2945736434108527
2024-10-18 12:00:00,0.19999999999999998,0.14285714285714285,0.0,0.4666666666666667,0.2209302325581395
2024-10-18 12:15:00,0.2571428571428571,0.11428571428571428,0.16,0.4166666666666667,0.2713178294573644
2024-10-18 12:30:00,0.12000000000000001,0.04285714285714286,0.12,0.43333333333333335,0.15503875968992248
2024-10-18 12:45:00,0.2571428571428571,0.11428571428571428,0.14,0.55,0.29844961240310075
2024-10-18 13:00:00,0.05714285714285715,0.09999999999999999,0.24,0.4166666666666667,0.14728682170542634
2024-10-18 13:15:00,0.29714285714285715,0.24285714285714285,0.28,0.4666666666666667,0.3682170542635659
2024-10-18 13:30:00,0.24,0.14285714285714285,0.26,0.21666666666666667,0.24031007751937986
2024-10-18 13:45:00,0.04000000000000001,0.05714285714285714,0.22,0.3833333333333333,0.1124031007751938
2024-10-18 14:00:00,0.25142857142857145,0.11428571428571428,0.08,0.26666666666666666,0.21705426356589144
2024-10-18 14:15:00,0.2857142857142857,0.02857142857142857,0.7000000000000001,0.35,0.3565891472868217
2024-10-18 14:30:00,0.22285714285714286,0.12857142857142856,0.2,0.43333333333333335,0.26356589147286824
2024-10-18 14:45:00,0.38857142857142857,0.12857142857142856,0.56,0.2833333333333333,0.4108527131782945
2024-10-18 15:00:00,0.17714285714285713,0.05714285714285714,0.52,0.2,0.2209302325581395
2024-10-18 15:15:00,0.35428571428571426,0.014285714285714285,0.24,0.2833333333333333,0.2945736434108527
2024-10-18 15:30:00,0.22285714285714286,0.22857142857142856,0.34,0.18333333333333332,0.2596899224806202
2024-10-18 15:45:00,0.8,0.19999999999999998,0.7000000000000001,0.16666666666666666,0.7093023255813953
2024-10-18 16:00:00,0.5828571428571429,0.14285714285714285,0.64,0.16666666666666666,0.5348837209302325
2024-10-18 16:15:00,0.5428571428571428,0.24285714285714285,0.62,0.25,0.5503875968992248
2024-10-18 16:30:00,0.6914285714285714,0.2857142857142857,0.74,0.16666666666666666,0.6666666666666666
2024-10-18 16:45:00,0.8114285714285714,0.32857142857142857,0.78,0.21666666666666667,0.7790697674418604
2024-10-18 17:00:00,0.7314285714285714,0.08571428571428572,0.36,0.16666666666666666,0.5658914728682171
2024-10-18 17:15:00,0.8114285714285714,0.41428571428571426,0.2,0.3,0.7093023255813953
2024-10-18 17:30:00,0.6285714285714286,0.15714285714285714,0.54,0.21666666666666667,0.562015503875969
2024-10-18 17:45:00,0.7257142857142858,0.17142857142857143,0.38,0.25,0.6085271317829457
2024-10-18 18:00:00,0.5771428571428572,0.32857142857142857,0.4,0.21666666666666667,0.5465116279069767
2024-10-18 18:15:00,0.6514285714285715,0.39999999999999997,0.74,0.2,0.6782945736434108
2024-10-18 18:30:00,0.4114285714285714,0.2571428571428571,0.2,0.23333333333333334,0.3798449612403101
2024-10-18 18:45:00,0.48,0.05714285714285714,0.22,0.2,0.3682170542635659
2024-10-18 19:00:00,0.5771428571428572,0.07142857142857142,0.26,0.2833333333333333,0.4651162790697674
2024-10-18 19:15:00,0.26857142857142857,0.15714285714285714,0.36,0.18333333333333332,0.27519379844961234
2024-10-18 19:30:00,0.4514285714285714,0.09999999999999999,0.18,0.31666666666666665,0.3798449612403101
2024-10-18 19:45:00,0.4514285714285714,0.21428571428571427,0.14,0.45,0.43410852713178294
2024-10-18 20:00:00,0.5028571428571429,0.0,0.22,0.45,0.4263565891472868
2024-10-18 20:15:00,0.38857142857142857,0.2857142857142857,0.28,0.5166666666666666,0.4534883720930232
2024-10-18 20:30:00,0.2571428571428571,0.22857142857142856,0.1,0.5333333333333333,0.3178294573643411
2024-10-18 20:45:00,0.3485714285714286,0.15714285714285714,0.4,0.48333333333333334,0.40697674418604646
2024-10-18 21:00:00,0.3314285714285714,0.11428571428571428,0.12,0.21666666666666667,0.2674418604651163
2024-10-18 21:15:00,0.49142857142857144,0.2857142857142857,0.14,0.4,0.46899224806201545
2024-10-18 21:30:00,0.5657142857142857,0.07142857142857142,0.24,0.36666666666666664,0.4728682170542635
2024-10-18 21:45:00,0.005714285714285717,0.0,0.02,0.45,0.05038759689922481
2024-10-18 22:00:00,0.005714285714285717,0.02857142857142857,0.0,0.5833333333333334,0.08527131782945735
2024-10-18 22:15:00,0.051428571428571435,0.0,0.0,0.4,0.06589147286821703
2024-10-18 22:30:00,0.05714285714285715,0.014285714285714285,0.04,0.45,0.09302325581395349
2024-10-18 22:45:00,0.02857142857142857,0.0,0.0,0.48333333333333334,0.0697674418604651
2024-10-18 23:00:00,0.01142857142857143,0.0,0.04,0.5833333333333334,0.08914728682170542
2024-10-18 23:15:00,0.01142857142857143,0.02857142857142857,0.0,0.5,0.0697674418604651
2024-10-18 23:30:00,0.017142857142857144,0.02857142857142857,0.04,0.3333333333333333,0.042635658914728675
2024-10-18 23:45:00,0.0,0.014285714285714285,0.04,0.5666666666666667,0.08139534883720931
2024-10-19 00:00:00,0.01142857142857143,0.02857142857142857,0.02,0.5166666666666666,0.07751937984496124
2024-10-19 00:15:00,0.017142857142857144,0.0,0.04,0.5666666666666667,0.08914728682170542
2024-10-19 00:30:00,0.005714285714285717,0.0,0.02,0.43333333333333335,0.046511627906976744
2024-10-19 00:45:00,0.0,0.0,0.0,0.4166666666666667,0.03488372093023255
2024-10-19 01:00:00,0.034285714285714294,0.014285714285714285,0.02,0.4166666666666667,0.06589147286821703
2024-10-19 01:15:00,0.017142857142857144,0.014285714285714285,0.04,0.4166666666666667,0.05813953488372092
2024-10-19 01:30:00,0.05714285714285715,0.02857142857142857,0.04,0.6333333333333333,0.13953488372093023
2024-10-19 01:45:00,0.017142857142857144,0.0,0.04,0.5333333333333333,0.08139534883720931
2024-10-19 02:00:00,0.01142857142857143,0.0,0.0,0.5333333333333333,0.0697674418604651
2024-10-19 02:15:00,0.051428571428571435,0.02857142857142857,0.02,0.36666666666666664,0.0697674418604651
2024-10-19 02:30:00,0.051428571428571435,0.02857142857142857,0.04,0.5333333333333333,0.1124031007751938
2024-10-19 02:45:00,0.022857142857142857,0.02857142857142857,0.04,0.6666666666666666,0.12403100775193798
2024-10-19 03:00:00,0.0,0.02857142857142857,0.0,0.48333333333333334,0.05813953488372092
2024-10-19 03:15:00,0.034285714285714294,0.014285714285714285,0.02,0.5333333333333333,0.09302325581395349
2024-10-19 03:30:00,0.01142857142857143,0.02857142857142857,0.04,0.6333333333333333,0.10852713178294573
2024-10-19 03:45:00,0.01142857142857143,0.0,0.02,0.55,0.07751937984496124
2024-10-19 04:00:00,0.34285714285714286,0.12857142857142856,0.04,0.31666666666666665,0.28682170542635654
2024-10-19 04:15:00,0.2571428571428571,0.0,0.14,0.36666666666666664,0.22480620155038758
2024-10-19 04:30:00,0.32,0.09999999999999999,0.02,0.23333333333333334,0.24031007751937986
2024-10-19 04:45:00,0.4114285714285714,0.08571428571428572,0.06,0.4666666666666667,0.36046511627906974
2024-10-19 05:00:00,0.42857142857142855,0.09999999999999999,0.06,0.4666666666666667,0.375968992248062
2024-10-19 05:15:00,0.3485714285714286,0.014285714285714285,0.08,0.4166666666666667,0.2906976744186046
2024-10-19 05:30:00,0.48,0.04285714285714286,0.1,0.35,0.375968992248062
2024-10-19 05:45:00,0.4685714285714286,0.35714285714285715,0.26,0.21666666666666667,0.4534883720930232
2024-10-19 06:00:00,0.5085714285714286,0.37142857142857144,0.48,0.16666666666666666,0.5155038759689922
2024-10-19 06:15:00,0.6342857142857142,0.2857142857142857,0.22,0.18333333333333332,0.5310077519379844
2024-10-19 06:30:00,0.6971428571428572,0.2857142857142857,0.26,0.23333333333333334,0.5930232558139534
2024-10-19 06:45:00,0.7142857142857143,0.18571428571428572,0.28,0.21666666666666667,0.5775193798449612
2024-10-19 07:00:00,0.46285714285714286,0.17142857142857143,0.26,0.23333333333333334,0.4031007751937984
2024-10-19 07:15:00,0.6342857142857142,0.15714285714285714,0.44,0.23333333333333334,0.5503875968992248
2024-10-19 07:30:00,0.6285714285714286,0.18571428571428572,0.26,0.13333333333333333,0.49612403100775193
2024-10-19 07:45:00,0.5371428571428571,0.19999999999999998,0.48,0.2,0.49612403100775193
2024-10-19 08:00:00,0.46285714285714286,0.32857142857142857,0.4,0.21666666666666667,0.46899224806201545
2024-10-19 08:15:00,0.4342857142857143,0.35714285714285715,0.38,0.13333333333333333,0.43410852713178294
2024-10-19 08:30:00,0.6171428571428571,0.14285714285714285,0.3,0.18333333333333332,0.49612403100775193
2024-10-19 08:45:00,0.8114285714285714,0.2571428571428571,0.4,0.08333333333333333,0.6550387596899224
2024-10-19 09:00:00,0.25142857142857145,0.08571428571428572,0.52,0.26666666666666666,0.2945736434108527
2024-10-19 09:15:00,0.4228571428571428,0.07142857142857142,0.26,0.31666666666666665,0.3682170542635659
2024-10-19 09:30:00,0.15428571428571428,0.07142857142857142,0.52,0.2833333333333333,0.22868217054263565
2024-10-19 09:45:00,0.26285714285714284,0.21428571428571427,0.18,0.21666666666666667,0.2596899224806202
2024-10-19 10:00:00,0.16,0.14285714285714285,0.5,0.2833333333333333,0.24806201550387594
2024-10-19 10:15:00,0.25142857142857145,0.09999999999999999,0.3,0.1,0.21705426356589144
2024-10-19 10:30:00,0.27999999999999997,0.18571428571428572,0.1,0.1,0.2209302325581395
2024-10-19 10:45:00,0.13142857142857142,0.014285714285714285,0.12,0.5333333333333333,0.17829457364341086
2024-10-19 11:00:00,0.21714285714285714,0.0,0.1,0.55,0.23255813953488372
2024-10-19 11:15:00,0.26857142857142857,0.02857142857142857,0.24,0.5,0.2906976744186046
2024-10-19 11:30:00,0.11428571428571428,0.09999999999999999,0.16,0.4166666666666667,0.17054263565891473
2024-10-19 11:45:00,0.13142857142857142,0.11428571428571428,0.24,0.5,0.2209302325581395
2024-10-19 12:00:00,0.35428571428571426,0.0,0.02,0.4666666666666667,0.2906976744186046
2024-10-19 12:15:00,0.3028571428571428,0.12857142857142856,0.06,0.43333333333333335,0.2906976744186046
2024-10-19 12:30:00,0.2742857142857143,0.014285714285714285,0.26,0.5333333333333333,0.3023255813953488
2024-10-19 12:45:00,0.3314285714285714,0.08571428571428572,0.14,0.5166666666666666,0.33333333333333337
2024-10-19 13:00:00,0.2114285714285714,0.02857142857142857,0.68,0.45,0.32558139534883723
2024-10-19 13:15:00,0.1257142857142857,0.11428571428571428,0.2,0.2,0.13953488372093023
2024-10-19 13:30:00,0.41714285714285715,0.07142857142857142,0.1,0.4166666666666667,0.3565891472868217
2024-10-19 13:45:00,0.5028571428571429,0.0,0.1,0.26666666666666666,0.36046511627906974
2024-10-19 14:00:00,0.3485714285714286,0.2571428571428571,0.58,0.16666666666666666,0.39534883720930236
2024-10-19 14:15:00,0.2114285714285714,0.2857142857142857,0.36,0.36666666666666664,0.313953488372093
2024-10-19 14:30:00,0.3314285714285714,0.04285714285714286,0.58,0.25,0.34496124031007747
2024-10-19 14:45:00,0.04571428571428572,0.2857142857142857,0.18,0.45,0.18604651162790695
2024-10-19 15:00:00,0.2857142857142857,0.014285714285714285,0.56,0.26666666666666666,0.3062015503875969
2024-10-19 15:15:00,0.35428571428571426,0.05714285714285714,0.46,0.23333333333333334,0.33720930232558133
2024-10-19 15:30:00,0.34285714285714286,0.08571428571428572,0.0,0.43333333333333335,0.2945736434108527
2024-10-19 15:45:00,0.7771428571428571,0.08571428571428572,0.66,0.2,0.6627906976744186
2024-10-19 16:00:00,0.8,0.18571428571428572,0.38,0.16666666666666666,0.6434108527131782
2024-10-19 16:15:00,0.5599999999999999,0.41428571428571426,0.22,0.26666666666666666,0.5348837209302325
2024-10-19 16:30:00,0.6114285714285714,0.2857142857142857,0.2,0.31666666666666665,0.5426356589147286
2024-10-19 16:45:00,0.5485714285714286,0.15714285714285714,0.76,0.3,0.5697674418604651
2024-10-19 17:00:00,0.7828571428571428,0.39999999999999997,0.68,0.3333333333333333,0.7868217054263565
2024-10-19 17:15:00,0.6799999999999999,0.3,0.26,0.18333333333333332,0.5736434108527131
2024-10-19 17:30:00,0.6285714285714286,0.3142857142857143,0.3,0.31666666666666665,0.5813953488372092
2024-10-19 17:45:00,0.5599999999999999,0.39999999999999997,0.34,0.2833333333333333,0.5581395348837209
2024-10-19 18:00:00,0.5657142857142857,0.22857142857142856,0.3,0.3,0.5116279069767441
2024-10-19 18:15:00,0.7771428571428571,0.2857142857142857,0.24,0.26666666666666666,0.6511627906976744
2024-10-19 18:30:00,0.38285714285714284,0.2714285714285714,0.22,0.3833333333333333,0.4031007751937984
2024-10-19 18:45:00,0.35428571428571426,0.14285714285714285,0.38,0.5666666666666667,0.42248062015503873
2024-10-19 19:00:00,0.2914285714285714,0.09999999999999999,0.36,0.5666666666666667,0.3643410852713178
2024-10-19 19:15:00,0.5371428571428571,0.18571428571428572,0.32,0.5666666666666667,0.5465116279069767
2024-10-19 19:30:00,0.5599999999999999,0.2714285714285714,0.16,0.5,0.5387596899224806
2024-10-19 19:45:00,0.3028571428571428,0.09999999999999999,0.18,0.43333333333333335,0.3062015503875969
2024-10-19 20:00:00,0.30857142857142855,0.09999999999999999,0.28,0.4666666666666667,0.33720930232558133
2024-10-19 20:15:00,0.5085714285714286,0.2857142857142857,0.24,0.3333333333333333,0.4844961240310077
2024-10-19 20:30:00,0.44571428571428573,0.21428571428571427,0.32,0.3,0.43023255813953487
2024-10-19 20:45:00,0.48,0.014285714285714285,0.36,0.23333333333333334,0.3914728682170543
2024-10-19 21:00:00,0.26857142857142857,0.18571428571428572,0.32,0.21666666666666667,0.2829457364341085
2024-10-19 21:15:00,0.2742857142857143,0.21428571428571427,0.1,0.36666666666666664,0.28682170542635654
2024-10-19 21:30:00,0.3142857142857143,0.0,0.28,0.18333333333333332,0.24806201550387594
2024-10-19 21:45:00,0.02857142857142857,0.02857142857142857,0.0,0.6166666666666667,0.10852713178294573
2024-10-19 22:00:00,0.034285714285714294,0.014285714285714285,0.04,0.55,0.1007751937984496
2024-10-19 22:15:00,0.0,0.0,0.0,0.6666666666666666,0.09302325581395349
2024-10-19 22:30:00,0.034285714285714294,0.014285714285714285,0.0,0.5166666666666666,0.08527131782945735
2024-10-19 22:45:00,0.051428571428571435,0.02857142857142857,0.0,0.4,0.07364341085271317
2024-10-19 23:00:00,0.02857142857142857,0.0,0.04,0.43333333333333335,0.06589147286821703
2024-10-19 23:15:00,0.04571428571428572,0.0,0.04,0.6,0.11627906976744184
2024-10-19 23:30:00,0.022857142857142857,0.014285714285714285,0.02,0.48333333333333334,0.07364341085271317
2024-10-19 23:45:00,0.02857142857142857,0.0,0.04,0.36666666666666664,0.05038759689922481
2024-10-20 00:00:00,0.04571428571428572,0.02857142857142857,0.0,0.43333333333333335,0.07751937984496124
2024-10-20 00:15:00,0.01142857142857143,0.02857142857142857,0.02,0.35,0.038759689922480606
2024-10-20 00:30:00,0.017142857142857144,0.014285714285714285,0.0,0.6666666666666666,0.10852713178294573
2024-10-20 00:45:00,0.02857142857142857,0.02857142857142857,0.0,0.3333333333333333,0.042635658914728675
2024-10-20 01:00:00,0.04571428571428572,0.0,0.04,0.36666666666666664,0.06201550387596899
2024-10-20 01:15:00,0.05714285714285715,0.02857142857142857,0.02,0.6666666666666666,0.1434108527131783
2024-10-20 01:30:00,0.02857142857142857,0.02857142857142857,0.0,0.3833333333333333,0.054263565891472854
2024-10-20 01:45:00,0.01142857142857143,0.0,0.04,0.6166666666666667,0.09689922480620153
2024-10-20 02:00:00,0.04000000000000001,0.02857142857142857,0.0,0.55,0.1007751937984496
2024-10-20 02:15:00,0.022857142857142857,0.02857142857142857,0.04,0.3833333333333333,0.05813953488372092
2024-10-20 02:30:00,0.04000000000000001,0.014285714285714285,0.0,0.55,0.09689922480620153
2024-10-20 02:45:00,0.034285714285714294,0.0,0.0,0.5666666666666667,0.09302325581395349
2024-10-20 03:00:00,0.04000000000000001,0.02857142857142857,0.04,0.36666666666666664,0.06589147286821703
2024-10-20 03:15:00,0.005714285714285717,0.0,0.02,0.43333333333333335,0.046511627906976744
2024-10-20 03:30:00,0.022857142857142857,0.0,0.02,0.6166666666666667,0.1007751937984496
2024-10-20 03:45:00,0.005714285714285717,0.0,0.0,0.35,0.023255813953488358
2024-10-20 04:00:00,0.39999999999999997,0.0,0.0,0.9,0.41860465116279066
2024-10-20 04:15:00,0.3142857142857143,0.12857142857142856,0.04,0.8333333333333334,0.3875968992248062
2024-10-20 04:30:00,0.29714285714285715,0.014285714285714285,0.0,0.7333333333333333,0.313953488372093
2024-10-20 04:45:00,0.33714285714285713,0.14285714285714285,0.1,0.43333333333333335,0.32558139534883723
2024-10-20 05:00:00,0.38857142857142857,0.08571428571428572,0.0,0.8833333333333333,0.43023255813953487
2024-10-20 05:15:00,0.3257142857142857,0.08571428571428572,0.08,0.65,0.34883720930232553
2024-10-20 05:30:00,0.42857142857142855,0.02857142857142857,0.1,0.4166666666666667,0.3527131782945736
2024-10-20 05:45:00,0.11428571428571428,0.08571428571428572,0.1,0.6666666666666666,0.21317829457364337
2024-10-20 06:00:00,0.38857142857142857,0.08571428571428572,0.06,0.7166666666666667,0.4031007751937984
2024-10-20 06:15:00,0.41714285714285715,0.0,0.06,0.8833333333333333,0.437984496124031
2024-10-20 06:30:00,0.15428571428571428,0.08571428571428572,0.08,0.45,0.18604651162790695
2024-10-20 06:45:00,0.29714285714285715,0.07142857142857142,0.02,0.8166666666666667,0.3527131782945736
2024-10-20 07:00:00,0.17714285714285713,0.02857142857142857,0.06,1.0,0.31007751937984496
2024-10-20 07:15:00,0.25142857142857145,0.07142857142857142,0.1,0.43333333333333335,0.24806201550387594
2024-10-20 07:30:00,0.37142857142857144,0.12857142857142856,0.0,0.4666666666666667,0.33333333333333337
2024-10-20 07:45:00,0.34285714285714286,0.08571428571428572,0.08,0.7333333333333333,0.3798449612403101
2024-10-20 08:00:00,0.2742857142857143,0.11428571428571428,0.0,0.6666666666666666,0.31007751937984496
2024-10-20 08:15:00,0.18857142857142856,0.09999999999999999,0.02,0.5833333333333334,0.23255813953488372
2024-10-20 08:30:00,0.36,0.14285714285714285,0.1,0.9166666666666666,0.4534883720930232
2024-10-20 08:45:00,0.3657142857142857,0.09999999999999999,0.06,0.4166666666666667,0.32170542635658916
2024-10-20 09:00:00,0.7485714285714286,0.7,0.38,0.16666666666666666,0.748062015503876
2024-10-20 09:15:00,0.7028571428571428,0.3,0.12,0.08333333333333333,0.5387596899224806
2024-10-20 09:30:00,0.76,0.5285714285714286,0.3,0.11666666666666667,0.6821705426356589
2024-10-20 09:45:00,0.7828571428571428,0.4857142857142857,0.18,0.16666666666666666,0.6744186046511628
2024-10-20 10:00:00,0.5942857142857143,0.32857142857142857,0.38,0.13333333333333333,0.5348837209302325
2024-10-20 10:15:00,0.5599999999999999,0.34285714285714286,0.32,0.16666666666666666,0.5116279069767441
2024-10-20 10:30:00,0.7714285714285715,0.4857142857142857,0.12,0.11666666666666667,0.6434108527131782
2024-10-20 10:45:00,0.5428571428571428,0.34285714285714286,0.16,0.08333333333333333,0.4496124031007751
2024-10-20 11:00:00,0.7028571428571428,0.34285714285714286,0.4,0.11666666666666667,0.6124031007751938
2024-10-20 11:15:00,0.6799999999999999,0.37142857142857144,0.32,0.08333333333333333,0.5813953488372092
2024-10-20 11:30:00,0.8285714285714285,0.6285714285714286,0.26,0.11666666666666667,0.748062015503876
2024-10-20 11:45:00,0.8057142857142857,0.3,0.24,0.08333333333333333,0.631782945736434
2024-10-20 12:00:00,0.8057142857142857,0.7142857142857143,0.26,0.15,0.7635658914728681
2024-10-20 12:15:00,0.6628571428571428,0.5428571428571428,0.38,0.15,0.6434108527131782
2024-10-20 12:30:00,0.8285714285714285,0.6,0.4,0.08333333333333333,0.7596899224806201
2024-10-20 12:45:00,0.5485714285714286,0.3142857142857143,0.2,0.16666666666666666,0.4728682170542635
2024-10-20 13:00:00,0.6971428571428572,0.3142857142857143,0.18,0.11666666666666667,0.5581395348837209
2024-10-20 13:15:00,0.6457142857142857,0.44285714285714284,0.26,0.16666666666666666,0.5852713178294573
2024-10-20 13:30:00,0.5771428571428572,0.6714285714285714,0.24,0.15,0.5930232558139534
2024-10-20 13:45:00,0.7485714285714286,0.4714285714285714,0.32,0.08333333333333333,0.6550387596899224
2024-10-20 14:00:00,0.6228571428571429,0.35714285714285715,0.4,0.11666666666666667,0.562015503875969
2024-10-20 14:15:00,0.7428571428571429,0.4714285714285714,0.16,0.15,0.6356589147286821
2024-10-20 14:30:00,0.6857142857142857,0.4714285714285714,0.24,0.16666666666666666,0.6162790697674418
2024-10-20 14:45:00,0.8285714285714285,0.6428571428571428,0.4,0.15,0.7868217054263565
2024-10-20 15:00:00,0.45714285714285713,0.19999999999999998,0.04,0.15,0.34496124031007747
2024-10-20 15:15:00,0.3257142857142857,0.11428571428571428,0.16,0.25,0.2790697674418604
2024-10-20 15:30:00,0.36,0.12857142857142856,0.3,0.25,0.33333333333333337
2024-10-20 15:45:00,0.27999999999999997,0.08571428571428572,0.14,0.26666666666666666,0.24031007751937986
2024-10-20 16:00:00,0.37142857142857144,0.07142857142857142,0.14,0.23333333333333334,0.2906976744186046
2024-10-20 16:15:00,0.4114285714285714,0.11428571428571428,0.2,0.1,0.31007751937984496
2024-10-20 16:30:00,0.48571428571428565,0.08571428571428572,0.3,0.2833333333333333,0.4147286821705426
2024-10-20 16:45:00,0.3942857142857143,0.18571428571428572,0.0,0.26666666666666666,0.3178294573643411
2024-10-20 17:00:00,0.3942857142857143,0.12857142857142856,0.04,0.18333333333333332,0.2906976744186046
2024-10-20 17:15:00,0.3257142857142857,0.07142857142857142,0.04,0.3333333333333333,0.26356589147286824
2024-10-20 17:30:00,0.3485714285714286,0.17142857142857143,0.16,0.26666666666666666,0.313953488372093
2024-10-20 17:45:00,0.42857142857142855,0.07142857142857142,0.22,0.21666666666666667,0.3410852713178294
2024-10-20 18:00:00,0.39999999999999997,0.18571428571428572,0.3,0.2,0.3643410852713178
2024-10-20 18:15:00,0.4114285714285714,0.17142857142857143,0.18,0.3333333333333333,0.375968992248062
2024-10-20 18:30:00,0.4514285714285714,0.14285714285714285,0.06,0.25,0.3527131782945736
2024-10-20 18:45:00,0.26857142857142857,0.09999999999999999,0.04,0.31666666666666665,0.22868217054263565
2024-10-20 19:00:00,0.15428571428571428,0.02857142857142857,0.0,0.5333333333333333,0.1744186046511628
2024-10-20 19:15:00,0.18285714285714286,0.05714285714285714,0.1,0.55,0.22480620155038758
2024-10-20 19:30:00,0.19428571428571428,0.014285714285714285,0.1,0.48333333333333334,0.2054263565891473
2024-10-20 19:45:00,0.1657142857142857,0.014285714285714285,0.08,0.5833333333333334,0.2054263565891473
2024-10-20 20:00:00,0.21714285714285714,0.04285714285714286,0.04,0.6833333333333333,0.26356589147286824
2024-10-20 20:15:00,0.09714285714285716,0.014285714285714285,0.08,0.7166666666666667,0.18992248062015502
2024-10-20 20:30:00,0.21714285714285714,0.05714285714285714,0.02,0.45,0.20930232558139536
2024-10-20 20:45:00,0.23428571428571426,0.014285714285714285,0.0,0.5833333333333334,0.2364341085271318
2024-10-20 21:00:00,0.2114285714285714,0.02857142857142857,0.1,0.7,0.2713178294573644
2024-10-20 21:15:00,0.08571428571428572,0.07142857142857142,0.06,0.65,0.17829457364341086
2024-10-20 21:30:00,0.19999999999999998,0.07142857142857142,0.06,0.43333333333333335,0.2054263565891473
2024-10-20 21:45:00,0.0,0.0,0.04,0.65,0.09689922480620153
2024-10-20 22:00:00,0.04571428571428572,0.02857142857142857,0.0,0.3333333333333333,0.054263565891472854
2024-10-20 22:15:00,0.04571428571428572,0.02857142857142857,0.0,0.4,0.0697674418604651
2024-10-20 22:30:00,0.005714285714285717,0.0,0.02,0.36666666666666664,0.031007751937984496
2024-10-20 22:45:00,0.005714285714285717,0.014285714285714285,0.02,0.5666666666666667,0.08139534883720931
2024-10-20 23:00:00,0.0,0.0,0.04,0.45,0.05038759689922481
2024-10-20 23:15:00,0.04000000000000001,0.014285714285714285,0.04,0.4166666666666667,0.07364341085271317
2024-10-20 23:30:00,0.034285714285714294,0.014285714285714285,0.04,0.5833333333333334,0.10852713178294573
2024-10-20 23:45:00,0.05714285714285715,0.02857142857142857,0.02,0.5666666666666667,0.12015503875968991
2024-10-21 00:00:00,0.022857142857142857,0.02857142857142857,0.02,0.6,0.10465116279069767
2024-10-21 00:15:00,0.04000000000000001,0.0,0.04,0.5333333333333333,0.09689922480620153
2024-10-21 00:30:00,0.01142857142857143,0.02857142857142857,0.04,0.3833333333333333,0.05038759689922481
2024-10-21 00:45:00,0.04000000000000001,0.014285714285714285,0.02,0.55,0.1007751937984496
2024-10-21 01:00:00,0.0,0.0,0.04,0.5,0.06201550387596899
2024-10-21 01:15:00,0.04000000000000001,0.014285714285714285,0.04,0.45,0.08139534883720931
2024-10-21 01:30:00,0.04000000000000001,0.014285714285714285,0.02,0.5,0.08914728682170542
2024-10-21 01:45:00,0.05714285714285715,0.014285714285714285,0.0,0.5666666666666667,0.1124031007751938
2024-10-21 02:00:00,0.05714285714285715,0.02857142857142857,0.04,0.5166666666666666,0.1124031007751938
2024-10-21 02:15:00,0.04571428571428572,0.0,0.02,0.48333333333333334,0.08527131782945735
2024-10-21 02:30:00,0.005714285714285717,0.02857142857142857,0.02,0.45,0.05813953488372092
2024-10-21 02:45:00,0.04571428571428572,0.0,0.0,0.5,0.08527131782945735
2024-10-21 03:00:00,0.01142857142857143,0.014285714285714285,0.0,0.36666666666666664,0.03488372093023255
2024-10-21 03:15:00,0.017142857142857144,0.014285714285714285,0.0,0.4666666666666667,0.06201550387596899
2024-10-21 03:30:00,0.04571428571428572,0.0,0.02,0.45,0.07751937984496124
2024-10-21 03:45:00,0.005714285714285717,0.014285714285714285,0.0,0.55,0.07364341085271317
2024-10-21 04:00:00,0.3485714285714286,0.02857142857142857,0.1,0.21666666666666667,0.25193798449612403
2024-10-21 04:15:00,0.46285714285714286,0.04285714285714286,0.1,0.36666666666666664,0.3682170542635659
2024-10-21 04:30:00,0.4685714285714286,0.05714285714285714,0.02,0.16666666666666666,0.313953488372093
2024-10-21 04:45:00,0.36,0.04285714285714286,0.14,0.4166666666666667,0.3178294573643411
2024-10-21 05:00:00,0.26285714285714284,0.0,0.04,0.45,0.22868217054263565
2024-10-21 05:15:00,0.37142857142857144,0.04285714285714286,0.06,0.25,0.2713178294573644
2024-10-21 05:30:00,0.3942857142857143,0.02857142857142857,0.04,0.43333333333333335,0.32170542635658916
2024-10-21 05:45:00,0.8285714285714285,0.42857142857142855,0.4,0.21666666666666667,0.7441860465116279
2024-10-21 06:00:00,0.48,0.3,0.36,0.13333333333333333,0.44573643410852715
2024-10-21 06:15:00,0.6228571428571429,0.2571428571428571,0.46,0.1,0.5426356589147286
2024-10-21 06:30:00,0.4342857142857143,0.2714285714285714,0.36,0.2,0.42248062015503873
2024-10-21 06:45:00,0.5085714285714286,0.34285714285714286,0.2,0.21666666666666667,0.4651162790697674
2024-10-21 07:00:00,0.7485714285714286,0.17142857142857143,0.44,0.08333333333333333,0.5968992248062015
2024-10-21 07:15:00,0.6857142857142857,0.24285714285714285,0.24,0.13333333333333333,0.5465116279069767
2024-10-21 07:30:00,0.5942857142857143,0.22857142857142856,0.3,0.18333333333333332,0.5038759689922481
2024-10-21 07:45:00,0.4514285714285714,0.21428571428571427,0.5,0.23333333333333334,0.4534883720930232
2024-10-21 08:00:00,0.76,0.2714285714285714,0.48,0.1,0.6434108527131782
2024-10-21 08:15:00,0.6628571428571428,0.24285714285714285,0.2,0.23333333333333334,0.5465116279069767
2024-10-21 08:30:00,0.6857142857142857,0.3857142857142857,0.4,0.23333333333333334,0.6395348837209301
2024-10-21 08:45:00,0.7257142857142858,0.35714285714285715,0.28,0.23333333333333334,0.6356589147286821
2024-10-21 09:00:00,0.3257142857142857,0.08571428571428572,0.46,0.3,0.3410852713178294
2024-10-21 09:15:00,0.19999999999999998,0.07142857142857142,0.1,0.16666666666666666,0.1511627906976744
2024-10-21 09:30:00,0.32,0.19999999999999998,0.46,0.25,0.3565891472868217
2024-10-21 09:45:00,0.17714285714285713,0.08571428571428572,0.48,0.3333333333333333,0.25193798449612403
2024-10-21 10:00:00,0.42857142857142855,0.11428571428571428,0.36,0.08333333333333333,0.34883720930232553
2024-10-21 10:15:00,0.26857142857142857,0.07142857142857142,0.3,0.2,0.24418604651162792
2024-10-21 10:30:00,0.42857142857142855,0.12857142857142856,0.38,0.2833333333333333,0.4031007751937984
2024-10-21 10:45:00,0.3657142857142857,0.12857142857142856,0.02,0.4166666666666667,0.32170542635658916
2024-10-21 11:00:00,0.09142857142857143,0.12857142857142856,0.02,0.43333333333333335,0.13953488372093023
2024-10-21 11:15:00,0.2114285714285714,0.11428571428571428,0.06,0.45,0.22868217054263565
2024-10-21 11:30:00,0.2857142857142857,0.14285714285714285,0.08,0.5,0.3023255813953488
2024-10-21 11:45:00,0.32,0.14285714285714285,0.06,0.5166666666666666,0.32558139534883723
2024-10-21 12:00:00,0.37142857142857144,0.04285714285714286,0.14,0.55,0.3565891472868217
2024-10-21 12:15:00,0.2914285714285714,0.05714285714285714,0.26,0.5666666666666667,0.33333333333333337
2024-10-21 12:30:00,0.2571428571428571,0.02857142857142857,0.26,0.55,0.29844961240310075
2024-10-21 12:45:00,0.10857142857142858,0.07142857142857142,0.22,0.45,0.17829457364341086
2024-10-21 13:00:00,0.34285714285714286,0.08571428571428572,0.28,0.45,0.3527131782945736
2024-10-21 13:15:00,0.3942857142857143,0.04285714285714286,0.64,0.45,0.44573643410852715
2024-10-21 13:30:00,0.16,0.19999999999999998,0.66,0.4666666666666667,0.33720930232558133
2024-10-21 13:45:00,0.06285714285714286,0.2857142857142857,0.02,0.23333333333333334,0.11627906976744184
2024-10-21 14:00:00,0.15428571428571428,0.12857142857142856,0.1,0.5,0.21317829457364337
2024-10-21 14:15:00,0.18285714285714286,0.18571428571428572,0.46,0.2,0.24806201550387594
2024-10-21 14:30:00,0.3314285714285714,0.07142857142857142,0.1,0.5,0.3178294573643411
2024-10-21 14:45:00,0.3142857142857143,0.17142857142857143,0.4,0.2833333333333333,0.3410852713178294
2024-10-21 15:00:00,0.27999999999999997,0.2571428571428571,0.44,0.43333333333333335,0.38372093023255816
2024-10-21 15:15:00,0.44,0.14285714285714285,0.2,0.2833333333333333,0.3798449612403101
2024-10-21 15:30:00,0.44571428571428573,0.2714285714285714,0.14,0.2833333333333333,0.40697674418604646
2024-10-21 15:45:00,0.6971428571428572,0.11428571428571428,0.36,0.16666666666666666,0.5503875968992248
2024-10-21 16:00:00,0.7485714285714286,0.17142857142857143,0.74,0.3,0.7054263565891472
2024-10-21 16:15:00,0.5714285714285714,0.24285714285714285,0.68,0.26666666666666666,0.5852713178294573
2024-10-21 16:30:00,0.7314285714285714,0.19999999999999998,0.74,0.21666666666666667,0.6821705426356589
2024-10-21 16:45:00,0.7257142857142858,0.2714285714285714,0.64,0.2833333333333333,0.6937984496124031
2024-10-21 17:00:00,0.7085714285714285,0.09999999999999999,0.44,0.31666666666666665,0.6046511627906976
2024-10-21 17:15:00,0.5828571428571429,0.17142857142857143,0.52,0.31666666666666665,0.5542635658914729
2024-10-21 17:30:00,0.7314285714285714,0.22857142857142856,0.56,0.2833333333333333,0.6705426356589147
2024-10-21 17:45:00,0.6228571428571429,0.24285714285714285,0.56,0.3,0.6046511627906976
2024-10-21 18:00:00,0.7371428571428571,0.07142857142857142,0.54,0.25,0.6201550387596899
2024-10-21 18:15:00,0.5599999999999999,0.19999999999999998,0.78,0.3333333333333333,0.6007751937984496
2024-10-21 18:30:00,0.36,0.2857142857142857,0.18,0.36666666666666664,0.3798449612403101
2024-10-21 18:45:00,0.5828571428571429,0.14285714285714285,0.4,0.5833333333333334,0.5852713178294573
2024-10-21 19:00:00,0.4342857142857143,0.07142857142857142,0.26,0.3833333333333333,0.3914728682170543
2024-10-21 19:15:00,0.5028571428571429,0.24285714285714285,0.34,0.25,0.46899224806201545
2024-10-21 19:30:00,0.41714285714285715,0.12857142857142856,0.14,0.2,0.3294573643410853
2024-10-21 19:45:00,0.4514285714285714,0.22857142857142856,0.28,0.4666666666666667,0.46899224806201545
2024-10-21 20:00:00,0.4228571428571428,0.07142857142857142,0.3,0.26666666666666666,0.3643410852713178
2024-10-21 20:15:00,0.5542857142857143,0.22857142857142856,0.24,0.2833333333333333,0.4883720930232558
2024-10-21 20:30:00,0.4685714285714286,0.09999999999999999,0.1,0.18333333333333332,0.34496124031007747
2024-10-21 20:45:00,0.2571428571428571,0.05714285714285714,0.18,0.31666666666666665,0.2364341085271318
2024-10-21 21:00:00,0.5142857142857142,0.0,0.1,0.18333333333333332,0.34883720930232553
2024-10-21 21:15:00,0.34285714285714286,0.14285714285714285,0.16,0.48333333333333334,0.3527131782945736
2024-10-21 21:30:00,0.2857142857142857,0.11428571428571428,0.36,0.4,0.32558139534883723
2024-10-21 21:45:00,0.04571428571428572,0.02857142857142857,0.04,0.4666666666666667,0.09302325581395349
2024-10-21 22:00:00,0.005714285714285717,0.014285714285714285,0.02,0.5166666666666666,0.0697674418604651
2024-10-21 22:15:00,0.02857142857142857,0.014285714285714285,0.04,0.5166666666666666,0.08914728682170542
2024-10-21 22:30:00,0.04571428571428572,0.014285714285714285,0.02,0.6666666666666666,0.1317829457364341
2024-10-21 22:45:00,0.051428571428571435,0.02857142857142857,0.04,0.5,0.10465116279069767
2024-10-21 23:00:00,0.005714285714285717,0.014285714285714285,0.0,0.65,0.09689922480620153
2024-10-21 23:15:00,0.05714285714285715,0.0,0.04,0.48333333333333334,0.09689922480620153
2024-10-21 23:30:00,0.017142857142857144,0.02857142857142857,0.04,0.4,0.05813953488372092
2024-10-21 23:45:00,0.017142857142857144,0.0,0.04,0.6166666666666667,0.1007751937984496
2024-10-22 00:00:00,0.034285714285714294,0.0,0.02,0.4,0.05813953488372092
2024-10-22 00:15:00,0.017142857142857144,0.014285714285714285,0.02,0.45,0.06201550387596899
2024-10-22 00:30:00,0.005714285714285717,0.014285714285714285,0.02,0.55,0.07751937984496124
2024-10-22 00:45:00,0.0,0.0,0.04,0.6666666666666666,0.1007751937984496
2024-10-22 01:00:00,0.017142857142857144,0.02857142857142857,0.02,0.5833333333333334,0.09689922480620153
2024-10-22 01:15:00,0.051428571428571435,0.0,0.0,0.5666666666666667,0.10465116279069767
2024-10-22 01:30:00,0.051428571428571435,0.014285714285714285,0.02,0.35,0.06201550387596899
2024-10-22 01:45:00,0.005714285714285717,0.02857142857142857,0.04,0.6333333333333333,0.10465116279069767
2024-10-22 02:00:00,0.017142857142857144,0.02857142857142857,0.04,0.6,0.10465116279069767
2024-10-22 02:15:00,0.005714285714285717,0.014285714285714285,0.02,0.35,0.031007751937984496
2024-10-22 02:30:00,0.005714285714285717,0.0,0.04,0.6666666666666666,0.10465116279069767
2024-10-22 02:45:00,0.05714285714285715,0.014285714285714285,0.02,0.6166666666666667,0.12790697674418602
2024-10-22 03:00:00,0.05714285714285715,0.0,0.02,0.6,0.12015503875968991
2024-10-22 03:15:00,0.02857142857142857,0.02857142857142857,0.04,0.5166666666666666,0.09302325581395349
2024-10-22 03:30:00,0.017142857142857144,0.014285714285714285,0.04,0.6333333333333333,0.10852713178294573
2024-10-22 03:45:00,0.02857142857142857,0.0,0.02,0.5833333333333334,0.09689922480620153
2024-10-22 04:00:00,0.3028571428571428,0.02857142857142857,0.02,0.31666666666666665,0.22868217054263565
2024-10-22 04:15:00,0.37142857142857144,0.05714285714285714,0.0,0.23333333333333334,0.2596899224806202
2024-10-22 04:30:00,0.38285714285714284,0.11428571428571428,0.08,0.3,0.313953488372093
2024-10-22 04:45:00,0.4742857142857143,0.11428571428571428,0.02,0.4666666666666667,0.4031007751937984
2024-10-22 05:00:00,0.29714285714285715,0.14285714285714285,0.08,0.43333333333333335,0.2945736434108527
2024-10-22 05:15:00,0.32,0.09999999999999999,0.12,0.4,0.29844961240310075
2024-10-22 05:30:00,0.34285714285714286,0.08571428571428572,0.08,0.45,0.313953488372093
2024-10-22 05:45:00,0.72,0.42857142857142855,0.38,0.08333333333333333,0.6356589147286821
2024-10-22 06:00:00,0.64,0.3,0.42,0.18333333333333332,0.5775193798449612
2024-10-22 06:15:00,0.8,0.37142857142857144,0.28,0.15,0.6705426356589147
2024-10-22 06:30:00,0.45714285714285713,0.22857142857142856,0.32,0.1,0.39534883720930236
2024-10-22 06:45:00,0.4971428571428571,0.2714285714285714,0.48,0.08333333333333333,0.4612403100775193
2024-10-22 07:00:00,0.7142857142857143,0.2714285714285714,0.26,0.15,0.5813953488372092
2024-10-22 07:15:00,0.4514285714285714,0.17142857142857143,0.38,0.25,0.42248062015503873
2024-10-22 07:30:00,0.6285714285714286,0.24285714285714285,0.38,0.21666666666666667,0.5542635658914729
2024-10-22 07:45:00,0.6514285714285715,0.24285714285714285,0.3,0.2,0.5503875968992248
2024-10-22 08:00:00,0.5371428571428571,0.2857142857142857,0.28,0.23333333333333334,0.4883720930232558
2024-10-22 08:15:00,0.5542857142857143,0.42857142857142855,0.48,0.1,0.5465116279069767
2024-10-22 08:30:00,0.46285714285714286,0.41428571428571426,0.2,0.08333333333333333,0.42248062015503873
2024-10-22 08:45:00,0.7028571428571428,0.35714285714285715,0.26,0.16666666666666666,0.6007751937984496
2024-10-22 09:00:00,0.19999999999999998,0.17142857142857143,0.4,0.2,0.24418604651162792
2024-10-22 09:15:00,0.2914285714285714,0.09999999999999999,0.3,0.2,0.2674418604651163
2024-10-22 09:30:00,0.23428571428571426,0.12857142857142856,0.2,0.25,0.22868217054263565
2024-10-22 09:45:00,0.25142857142857145,0.08571428571428572,0.22,0.23333333333333334,0.22868217054263565
2024-10-22 10:00:00,0.3257142857142857,0.08571428571428572,0.38,0.25,0.313953488372093
2024-10-22 10:15:00,0.2114285714285714,0.08571428571428572,0.32,0.11666666666666667,0.19379844961240308
2024-10-22 10:30:00,0.22857142857142854,0.15714285714285714,0.1,0.3333333333333333,0.23255813953488372
2024-10-22 10:45:00,0.09142857142857143,0.0,0.1,0.45,0.12403100775193798
2024-10-22 11:00:00,0.18857142857142856,0.09999999999999999,0.08,0.43333333333333335,0.20930232558139536
2024-10-22 11:15:00,0.11428571428571428,0.14285714285714285,0.24,0.45,0.2054263565891473
2024-10-22 11:30:00,0.17714285714285713,0.0,0.16,0.4666666666666667,0.19767441860465115
2024-10-22 11:45:00,0.2057142857142857,0.09999999999999999,0.14,0.5,0.24806201550387594
2024-10-22 12:00:00,0.33714285714285713,0.0,0.02,0.43333333333333335,0.2713178294573644
2024-10-22 12:15:00,0.3257142857142857,0.04285714285714286,0.12,0.48333333333333334,0.3062015503875969
2024-10-22 12:30:00,0.3485714285714286,0.14285714285714285,0.26,0.5833333333333334,0.3992248062015503
2024-10-22 12:45:00,0.1657142857142857,0.07142857142857142,0.14,0.43333333333333335,0.19767441860465115
2024-10-22 13:00:00,0.4514285714285714,0.04285714285714286,0.0,0.2,0.3023255813953488
2024-10-22 13:15:00,0.07428571428571429,0.02857142857142857,0.6,0.16666666666666666,0.1511627906976744
2024-10-22 13:30:00,0.19999999999999998,0.12857142857142856,0.34,0.4166666666666667,0.2713178294573644
2024-10-22 13:45:00,0.36,0.2571428571428571,0.26,0.4,0.39534883720930236
2024-10-22 14:00:00,0.2914285714285714,0.2571428571428571,0.44,0.35,0.37209302325581395
2024-10-22 14:15:00,0.13142857142857142,0.05714285714285714,0.58,0.2833333333333333,0.2209302325581395
2024-10-22 14:30:00,0.07428571428571429,0.0,0.54,0.2,0.13953488372093023
2024-10-22 14:45:00,0.4114285714285714,0.22857142857142856,0.66,0.26666666666666666,0.46899224806201545
2024-10-22 15:00:00,0.35428571428571426,0.11428571428571428,0.64,0.18333333333333332,0.375968992248062
2024-10-22 15:15:00,0.16,0.12857142857142856,0.66,0.4,0.3023255813953488
2024-10-22 15:30:00,0.4114285714285714,0.08571428571428572,0.18,0.3,0.34496124031007747
2024-10-22 15:45:00,0.5657142857142857,0.07142857142857142,0.28,0.25,0.4534883720930232
2024-10-22 16:00:00,0.7142857142857143,0.24285714285714285,0.54,0.16666666666666666,0.631782945736434
2024-10-22 16:15:00,0.8228571428571428,0.24285714285714285,0.22,0.31666666666666665,0.6782945736434108
2024-10-22 16:30:00,0.7257142857142858,0.2857142857142857,0.78,0.25,0.7170542635658914
2024-10-22 16:45:00,0.8114285714285714,0.34285714285714286,0.68,0.3,0.7829457364341085
2024-10-22 17:00:00,0.6057142857142856,0.15714285714285714,0.28,0.23333333333333334,0.5
2024-10-22 17:15:00,0.7485714285714286,0.2714285714285714,0.74,0.23333333333333334,0.7170542635658914
2024-10-22 17:30:00,0.6571428571428571,0.07142857142857142,0.68,0.3,0.6046511627906976
2024-10-22 17:45:00,0.6914285714285714,0.22857142857142856,0.3,0.3333333333333333,0.6046511627906976
2024-10-22 18:00:00,0.6857142857142857,0.07142857142857142,0.68,0.3,0.624031007751938
2024-10-22 18:15:00,0.7028571428571428,0.08571428571428572,0.26,0.31666666666666665,0.562015503875969
2024-10-22 18:30:00,0.5371428571428571,0.19999999999999998,0.1,0.5,0.49224806201550386
2024-10-22 18:45:00,0.5828571428571429,0.2857142857142857,0.12,0.3333333333333333,0.5116279069767441
2024-10-22 19:00:00,0.5657142857142857,0.04285714285714286,0.24,0.3333333333333333,0.45736434108527124
2024-10-22 19:15:00,0.32,0.11428571428571428,0.34,0.16666666666666666,0.2906976744186046
2024-10-22 19:30:00,0.41714285714285715,0.14285714285714285,0.26,0.3833333333333333,0.3992248062015503
2024-10-22 19:45:00,0.26285714285714284,0.05714285714285714,0.16,0.18333333333333332,0.2054263565891473
2024-10-22 20:00:00,0.4514285714285714,0.04285714285714286,0.4,0.26666666666666666,0.39534883720930236
2024-10-22 20:15:00,0.5371428571428571,0.014285714285714285,0.34,0.2,0.41860465116279066
2024-10-22 20:30:00,0.4742857142857143,0.2857142857142857,0.3,0.5833333333333334,0.5310077519379844
2024-10-22 20:45:00,0.5257142857142857,0.05714285714285714,0.26,0.16666666666666666,0.3992248062015503
2024-10-22 21:00:00,0.5085714285714286,0.04285714285714286,0.1,0.55,0.4418604651162791
2024-10-22 21:15:00,0.36,0.014285714285714285,0.26,0.5333333333333333,0.36046511627906974
2024-10-22 21:30:00,0.38857142857142857,0.12857142857142856,0.38,0.45,0.4147286821705426
2024-10-22 21:45:00,0.02857142857142857,0.02857142857142857,0.02,0.4666666666666667,0.07751937984496124
2024-10-22 22:00:00,0.01142857142857143,0.014285714285714285,0.02,0.65,0.10465116279069767
2024-10-22 22:15:00,0.005714285714285717,0.014285714285714285,0.04,0.6,0.09302325581395349
2024-10-22 22:30:00,0.05714285714285715,0.014285714285714285,0.02,0.43333333333333335,0.08527131782945735
2024-10-22 22:45:00,0.017142857142857144,0.0,0.04,0.65,0.10852713178294573
2024-10-22 23:00:00,0.017142857142857144,0.014285714285714285,0.02,0.36666666666666664,0.042635658914728675
2024-10-22 23:15:00,0.0,0.0,0.0,0.4666666666666667,0.046511627906976744
2024-10-22 23:30:00,0.0,0.02857142857142857,0.0,0.48333333333333334,0.05813953488372092
2024-10-22 23:45:00,0.034285714285714294,0.02857142857142857,0.02,0.5833333333333334,0.10852713178294573
2024-10-23 00:00:00,0.05714285714285715,0.014285714285714285,0.0,0.6166666666666667,0.12403100775193798
2024-10-23 00:15:00,0.034285714285714294,0.0,0.0,0.3833333333333333,0.05038759689922481
2024-10-23 00:30:00,0.01142857142857143,0.014285714285714285,0.04,0.36666666666666664,0.042635658914728675
2024-10-23 00:45:00,0.051428571428571435,0.014285714285714285,0.0,0.6,0.11627906976744184
2024-10-23 01:00:00,0.04000000000000001,0.02857142857142857,0.04,0.6,0.12015503875968991
2024-10-23 01:15:00,0.005714285714285717,0.014285714285714285,0.02,0.6333333333333333,0.09689922480620153
2024-10-23 01:30:00,0.017142857142857144,0.02857142857142857,0.02,0.5666666666666667,0.09302325581395349
2024-10-23 01:45:00,0.051428571428571435,0.0,0.04,0.5333333333333333,0.10465116279069767
2024-10-23 02:00:00,0.005714285714285717,0.014285714285714285,0.02,0.35,0.031007751937984496
2024-10-23 02:15:00,0.04571428571428572,0.014285714285714285,0.04,0.6,0.12015503875968991
2024-10-23 02:30:00,0.022857142857142857,0.02857142857142857,0.0,0.65,0.1124031007751938
2024-10-23 02:45:00,0.005714285714285717,0.014285714285714285,0.02,0.6166666666666667,0.09302325581395349
2024-10-23 03:00:00,0.017142857142857144,0.02857142857142857,0.02,0.45,0.06589147286821703
2024-10-23 03:15:00,0.01142857142857143,0.014285714285714285,0.04,0.3833333333333333,0.046511627906976744
2024-10-23 03:30:00,0.0,0.014285714285714285,0.02,0.35,0.027131782945736427
2024-10-23 03:45:00,0.0,0.02857142857142857,0.02,0.5833333333333334,0.08527131782945735
2024-10-23 04:00:00,0.3314285714285714,0.14285714285714285,0.1,0.21666666666666667,0.2713178294573644
2024-10-23 04:15:00,0.38285714285714284,0.04285714285714286,0.04,0.21666666666666667,0.2674418604651163
2024-10-23 04:30:00,0.2914285714285714,0.07142857142857142,0.14,0.4,0.27519379844961234
2024-10-23 04:45:00,0.44571428571428573,0.0,0.12,0.23333333333333334,0.3178294573643411
2024-10-23 05:00:00,0.4742857142857143,0.0,0.04,0.25,0.32558139534883723
2024-10-23 05:15:00,0.2857142857142857,0.12857142857142856,0.04,0.23333333333333334,0.22868217054263565
2024-10-23 05:30:00,0.46285714285714286,0.014285714285714285,0.08,0.18333333333333332,0.313953488372093
2024-10-23 05:45:00,0.4342857142857143,0.35714285714285715,0.24,0.08333333333333333,0.39534883720930236
2024-10-23 06:00:00,0.5657142857142857,0.2571428571428571,0.28,0.15,0.48062015503875966
2024-10-23 06:15:00,0.5485714285714286,0.42857142857142855,0.44,0.25,0.5697674418604651
2024-10-23 06:30:00,0.6742857142857143,0.42857142857142855,0.4,0.13333333333333333,0.6201550387596899
2024-10-23 06:45:00,0.5085714285714286,0.42857142857142855,0.48,0.13333333333333333,0.5232558139534883
2024-10-23 07:00:00,0.7828571428571428,0.14285714285714285,0.32,0.13333333333333333,0.6007751937984496
2024-10-23 07:15:00,0.5885714285714285,0.15714285714285714,0.44,0.13333333333333333,0.49612403100775193
2024-10-23 07:30:00,0.5428571428571428,0.35714285714285715,0.38,0.08333333333333333,0.49612403100775193
2024-10-23 07:45:00,0.4514285714285714,0.35714285714285715,0.48,0.08333333333333333,0.4534883720930232
2024-10-23 08:00:00,0.6857142857142857,0.2714285714285714,0.46,0.11666666666666667,0.5930232558139534
2024-10-23 08:15:00,0.6057142857142856,0.3857142857142857,0.5,0.08333333333333333,0.5697674418604651
2024-10-23 08:30:00,0.6,0.3,0.46,0.08333333333333333,0.5348837209302325
2024-10-23 08:45:00,0.5085714285714286,0.37142857142857144,0.4,0.25,0.5193798449612402
2024-10-23 09:00:00,0.2857142857142857,0.14285714285714285,0.1,0.13333333333333333,0.2209302325581395
2024-10-23 09:15:00,0.41714285714285715,0.15714285714285714,0.14,0.26666666666666666,0.3527131782945736
2024-10-23 09:30:00,0.2571428571428571,0.15714285714285714,0.26,0.25,0.26356589147286824
2024-10-23 09:45:00,0.3314285714285714,0.19999999999999998,0.54,0.23333333333333334,0.375968992248062
2024-10-23 10:00:00,0.4057142857142857,0.15714285714285714,0.18,0.2833333333333333,0.3565891472868217
2024-10-23 10:15:00,0.2914285714285714,0.08571428571428572,0.52,0.08333333333333333,0.2790697674418604
2024-10-23 10:30:00,0.15428571428571428,0.18571428571428572,0.16,0.18333333333333332,0.16666666666666666
2024-10-23 10:45:00,0.24,0.09999999999999999,0.16,0.48333333333333334,0.2713178294573644
2024-10-23 11:00:00,0.14285714285714285,0.12857142857142856,0.0,0.5166666666666666,0.18992248062015502
2024-10-23 11:15:00,0.23428571428571426,0.02857142857142857,0.08,0.5166666666666666,0.24031007751937986
2024-10-23 11:30:00,0.26857142857142857,0.02857142857142857,0.1,0.48333333333333334,0.2596899224806202
2024-10-23 11:45:00,0.08571428571428572,0.04285714285714286,0.24,0.48333333333333334,0.16666666666666666
2024-10-23 12:00:00,0.24,0.02857142857142857,0.2,0.4666666666666667,0.2558139534883721
2024-10-23 12:15:00,0.13142857142857142,0.14285714285714285,0.22,0.5666666666666667,0.24031007751937986
2024-10-23 12:30:00,0.27999999999999997,0.02857142857142857,0.22,0.43333333333333335,0.2790697674418604
2024-10-23 12:45:00,0.08571428571428572,0.08571428571428572,0.02,0.5666666666666667,0.15503875968992248
2024-10-23 13:00:00,0.2742857142857143,0.18571428571428572,0.14,0.25,0.2596899224806202
2024-10-23 13:15:00,0.14285714285714285,0.07142857142857142,0.62,0.3,0.24418604651162792
2024-10-23 13:30:00,0.38285714285714284,0.21428571428571427,0.12,0.16666666666666666,0.3178294573643411
2024-10-23 13:45:00,0.3657142857142857,0.07142857142857142,0.7000000000000001,0.3833333333333333,0.43023255813953487
2024-10-23 14:00:00,0.18857142857142856,0.21428571428571427,0.16,0.25,0.21317829457364337
2024-10-23 14:15:00,0.2057142857142857,0.11428571428571428,0.1,0.23333333333333334,0.18217054263565893
2024-10-23 14:30:00,0.017142857142857144,0.11428571428571428,0.58,0.5,0.20930232558139536
2024-10-23 14:45:00,0.022857142857142857,0.2857142857142857,0.06,0.45,0.14728682170542634
2024-10-23 15:00:00,0.3028571428571428,0.12857142857142856,0.48,0.3,0.3410852713178294
2024-10-23 15:15:00,0.5371428571428571,0.14285714285714285,0.2,0.16666666666666666,0.41860465116279066
2024-10-23 15:30:00,0.19999999999999998,0.2571428571428571,0.18,0.3333333333333333,0.2558139534883721
2024-10-23 15:45:00,0.6457142857142857,0.12857142857142856,0.58,0.3,0.5930232558139534
2024-10-23 16:00:00,0.5657142857142857,0.3857142857142857,0.3,0.16666666666666666,0.5232558139534883
2024-10-23 16:15:00,0.72,0.41428571428571426,0.3,0.3,0.6666666666666666
2024-10-23 16:30:00,0.7028571428571428,0.19999999999999998,0.44,0.3333333333333333,0.631782945736434
2024-10-23 16:45:00,0.6,0.2571428571428571,0.38,0.23333333333333334,0.5426356589147286
2024-10-23 17:00:00,0.6342857142857142,0.37142857142857144,0.44,0.3,0.624031007751938
2024-10-23 17:15:00,0.7714285714285715,0.37142857142857144,0.62,0.26666666666666666,0.7441860465116279
2024-10-23 17:30:00,0.7771428571428571,0.3857142857142857,0.46,0.26666666666666666,0.7209302325581395
2024-10-23 17:45:00,0.8114285714285714,0.24285714285714285,0.4,0.31666666666666665,0.7054263565891472
2024-10-23 18:00:00,0.7542857142857142,0.32857142857142857,0.5,0.16666666666666666,0.6744186046511628
2024-10-23 18:15:00,0.6285714285714286,0.2571428571428571,0.48,0.3333333333333333,0.6046511627906976
2024-10-23 18:30:00,0.44571428571428573,0.04285714285714286,0.24,0.45,0.4031007751937984
2024-10-23 18:45:00,0.2857142857142857,0.12857142857142856,0.1,0.16666666666666666,0.22480620155038758
2024-10-23 19:00:00,0.5371428571428571,0.22857142857142856,0.28,0.5833333333333334,0.5542635658914729
2024-10-23 19:15:00,0.29714285714285715,0.22857142857142856,0.16,0.43333333333333335,0.33333333333333337
2024-10-23 19:30:00,0.34285714285714286,0.15714285714285714,0.34,0.4666666666666667,0.3875968992248062
2024-10-23 19:45:00,0.26857142857142857,0.014285714285714285,0.28,0.5833333333333334,0.313953488372093
2024-10-23 20:00:00,0.3142857142857143,0.11428571428571428,0.18,0.45,0.32170542635658916
2024-10-23 20:15:00,0.5942857142857143,0.24285714285714285,0.18,0.2833333333333333,0.507751937984496
2024-10-23 20:30:00,0.3771428571428571,0.08571428571428572,0.4,0.55,0.42248062015503873
2024-10-23 20:45:00,0.5714285714285714,0.17142857142857143,0.34,0.5166666666666666,0.5581395348837209
2024-10-23 21:00:00,0.38285714285714284,0.2571428571428571,0.36,0.4166666666666667,0.43410852713178294
2024-10-23 21:15:00,0.5828571428571429,0.11428571428571428,0.12,0.4166666666666667,0.4844961240310077
2024-10-23 21:30:00,0.46285714285714286,0.18571428571428572,0.28,0.3333333333333333,0.43410852713178294
2024-10-23 21:45:00,0.0,0.02857142857142857,0.02,0.5833333333333334,0.08527131782945735
2024-10-23 22:00:00,0.04571428571428572,0.02857142857142857,0.02,0.6666666666666666,0.13565891472868216
2024-10-23 22:15:00,0.04571428571428572,0.0,0.04,0.55,0.10465116279069767
2024-10-23 22:30:00,0.051428571428571435,0.02857142857142857,0.04,0.45,0.09302325581395349
2024-10-23 22:45:00,0.01142857142857143,0.02857142857142857,0.02,0.45,0.06201550387596899
2024-10-23 23:00:00,0.051428571428571435,0.02857142857142857,0.04,0.4666666666666667,0.09689922480620153
2024-10-23 23:15:00,0.01142857142857143,0.014285714285714285,0.0,0.48333333333333334,0.06201550387596899
2024-10-23 23:30:00,0.022857142857142857,0.014285714285714285,0.0,0.6,0.09689922480620153
2024-10-23 23:45:00,0.01142857142857143,0.014285714285714285,0.0,0.45,0.054263565891472854
2024-10-24 00:00:00,0.022857142857142857,0.02857142857142857,0.02,0.43333333333333335,0.06589147286821703
2024-10-24 00:15:00,0.051428571428571435,0.014285714285714285,0.04,0.5666666666666667,0.11627906976744184
2024-10-24 00:30:00,0.04571428571428572,0.02857142857142857,0.04,0.35,0.06589147286821703
2024-10-24 00:45:00,0.005714285714285717,0.0,0.0,0.35,0.023255813953488358
2024-10-24 01:00:00,0.0,0.014285714285714285,0.02,0.4666666666666667,0.054263565891472854
2024-10-24 01:15:00,0.051428571428571435,0.0,0.0,0.5166666666666666,0.09302325581395349
2024-10-24 01:30:00,0.017142857142857144,0.0,0.02,0.65,0.10465116279069767
2024-10-24 01:45:00,0.005714285714285717,0.02857142857142857,0.04,0.4,0.05038759689922481
2024-10-24 02:00:00,0.022857142857142857,0.014285714285714285,0.0,0.55,0.08527131782945735
2024-10-24 02:15:00,0.034285714285714294,0.014285714285714285,0.04,0.6666666666666666,0.12790697674418602
2024-10-24 02:30:00,0.05714285714285715,0.0,0.04,0.36666666666666664,0.0697674418604651
2024-10-24 02:45:00,0.0,0.02857142857142857,0.0,0.65,0.09689922480620153
2024-10-24 03:00:00,0.017142857142857144,0.014285714285714285,0.0,0.65,0.10465116279069767
2024-10-24 03:15:00,0.022857142857142857,0.02857142857142857,0.04,0.5166666666666666,0.08914728682170542
2024-10-24 03:30:00,0.005714285714285717,0.02857142857142857,0.02,0.5166666666666666,0.07364341085271317
2024-10-24 03:45:00,0.005714285714285717,0.02857142857142857,0.0,0.65,0.1007751937984496
2024-10-24 04:00:00,0.41714285714285715,0.0,0.04,0.2833333333333333,0.2945736434108527
2024-10-24 04:15:00,0.4114285714285714,0.09999999999999999,0.12,0.4666666666666667,0.375968992248062
2024-10-24 04:30:00,0.38285714285714284,0.04285714285714286,0.04,0.48333333333333334,0.3294573643410853
2024-10-24 04:45:00,0.4685714285714286,0.02857142857142857,0.06,0.35,0.3565891472868217
2024-10-24 05:00:00,0.2571428571428571,0.07142857142857142,0.04,0.2833333333333333,0.2054263565891473
2024-10-24 05:15:00,0.4228571428571428,0.12857142857142856,0.1,0.23333333333333334,0.33333333333333337
2024-10-24 05:30:00,0.3028571428571428,0.014285714285714285,0.1,0.3333333333333333,0.24418604651162792
2024-10-24 05:45:00,0.5085714285714286,0.17142857142857143,0.32,0.13333333333333333,0.42248062015503873
2024-10-24 06:00:00,0.6228571428571429,0.32857142857142857,0.46,0.15,0.5736434108527131
2024-10-24 06:15:00,0.5085714285714286,0.34285714285714286,0.46,0.1,0.4883720930232558
2024-10-24 06:30:00,0.7542857142857142,0.19999999999999998,0.26,0.21666666666666667,0.6046511627906976
2024-10-24 06:45:00,0.42857142857142855,0.24285714285714285,0.48,0.16666666666666666,0.4263565891472868
2024-10-24 07:00:00,0.48571428571428565,0.19999999999999998,0.2,0.15,0.39534883720930236
2024-10-24 07:15:00,0.5714285714285714,0.14285714285714285,0.28,0.25,0.4767441860465116
2024-10-24 07:30:00,0.5657142857142857,0.24285714285714285,0.46,0.08333333333333333,0.49612403100775193
2024-10-24 07:45:00,0.7428571428571429,0.42857142857142855,0.34,0.16666666666666666,0.6627906976744186
2024-10-24 08:00:00,0.6457142857142857,0.35714285714285715,0.36,0.15,0.5775193798449612
2024-10-24 08:15:00,0.52,0.18571428571428572,0.42,0.1,0.44573643410852715
2024-10-24 08:30:00,0.7828571428571428,0.18571428571428572,0.22,0.16666666666666666,0.6007751937984496
2024-10-24 08:45:00,0.7028571428571428,0.42857142857142855,0.3,0.23333333333333334,0.6434108527131782
2024-10-24 09:00:00,0.42857142857142855,0.15714285714285714,0.44,0.15,0.3914728682170543
2024-10-24 09:15:00,0.4228571428571428,0.18571428571428572,0.42,0.25,0.4147286821705426
2024-10-24 09:30:00,0.1657142857142857,0.07142857142857142,0.58,0.13333333333333333,0.21317829457364337
2024-10-24 09:45:00,0.3028571428571428,0.19999999999999998,0.1,0.08333333333333333,0.2364341085271318
2024-10-24 10:00:00,0.2114285714285714,0.08571428571428572,0.46,0.2833333333333333,0.2596899224806202
2024-10-24 10:15:00,0.3314285714285714,0.12857142857142856,0.38,0.3,0.3410852713178294
2024-10-24 10:30:00,0.3257142857142857,0.12857142857142856,0.36,0.2,0.31007751937984496
2024-10-24 10:45:00,0.22285714285714286,0.09999999999999999,0.22,0.5333333333333333,0.2829457364341085
2024-10-24 11:00:00,0.25142857142857145,0.05714285714285714,0.1,0.48333333333333334,0.2558139534883721
2024-10-24 11:15:00,0.35428571428571426,0.14285714285714285,0.02,0.55,0.34883720930232553
2024-10-24 11:30:00,0.36,0.07142857142857142,0.0,0.5666666666666667,0.33333333333333337
2024-10-24 11:45:00,0.10285714285714286,0.07142857142857142,0.2,0.5333333333333333,0.18992248062015502
2024-10-24 12:00:00,0.3657142857142857,0.07142857142857142,0.04,0.55,0.3410852713178294
2024-10-24 12:15:00,0.18285714285714286,0.12857142857142856,0.04,0.5666666666666667,0.2364341085271318
2024-10-24 12:30:00,0.10857142857142858,0.014285714285714285,0.12,0.5,0.15503875968992248
2024-10-24 12:45:00,0.3142857142857143,0.014285714285714285,0.08,0.48333333333333334,0.2829457364341085
2024-10-24 13:00:00,0.30857142857142855,0.14285714285714285,0.58,0.3,0.3682170542635659
2024-10-24 13:15:00,0.3657142857142857,0.05714285714285714,0.4,0.23333333333333334,0.33333333333333337
2024-10-24 13:30:00,0.01142857142857143,0.15714285714285714,0.02,0.2,0.038759689922480606
2024-10-24 13:45:00,0.08571428571428572,0.18571428571428572,0.32,0.16666666666666666,0.14728682170542634
2024-10-24 14:00:00,0.32,0.22857142857142856,0.02,0.23333333333333334,0.27519379844961234
2024-10-24 14:15:00,0.2114285714285714,0.24285714285714285,0.22,0.5,0.3062015503875969
2024-10-24 14:30:00,0.13142857142857142,0.15714285714285714,0.64,0.23333333333333334,0.24806201550387594
2024-10-24 14:45:00,0.14285714285714285,0.19999999999999998,0.58,0.3833333333333333,0.2906976744186046
2024-10-24 15:00:00,0.17714285714285713,0.014285714285714285,0.48,0.35,0.2364341085271318
2024-10-24 15:15:00,0.44,0.05714285714285714,0.18,0.4,0.3798449612403101
2024-10-24 15:30:00,0.38285714285714284,0.02857142857142857,0.54,0.26666666666666666,0.37209302325581395
2024-10-24 15:45:00,0.6514285714285715,0.39999999999999997,0.34,0.3,0.624031007751938
2024-10-24 16:00:00,0.6799999999999999,0.37142857142857144,0.52,0.25,0.6589147286821705
2024-10-24 16:15:00,0.6742857142857143,0.3857142857142857,0.46,0.21666666666666667,0.6395348837209301
2024-10-24 16:30:00,0.7085714285714285,0.2857142857142857,0.64,0.3333333333333333,0.6976744186046511
2024-10-24 16:45:00,0.7885714285714286,0.08571428571428572,0.76,0.21666666666666667,0.6937984496124031
2024-10-24 17:00:00,0.5942857142857143,0.12857142857142856,0.56,0.31666666666666665,0.5581395348837209
2024-10-24 17:15:00,0.6514285714285715,0.41428571428571426,0.5,0.18333333333333332,0.631782945736434
2024-10-24 17:30:00,0.6571428571428571,0.2714285714285714,0.32,0.26666666666666666,0.5813953488372092
2024-10-24 17:45:00,0.7314285714285714,0.34285714285714286,0.34,0.3,0.6627906976744186
2024-10-24 18:00:00,0.7257142857142858,0.32857142857142857,0.58,0.21666666666666667,0.6821705426356589
2024-10-24 18:15:00,0.5542857142857143,0.15714285714285714,0.3,0.3,0.4844961240310077
2024-10-24 18:30:00,0.38857142857142857,0.11428571428571428,0.2,0.35,0.3527131782945736
2024-10-24 18:45:00,0.29714285714285715,0.24285714285714285,0.26,0.35,0.33720930232558133
2024-10-24 19:00:00,0.5085714285714286,0.24285714285714285,0.14,0.2833333333333333,0.4418604651162791
2024-10-24 19:15:00,0.39999999999999997,0.2571428571428571,0.34,0.48333333333333334,0.45736434108527124
2024-10-24 19:30:00,0.3028571428571428,0.21428571428571427,0.34,0.26666666666666666,0.3294573643410853
2024-10-24 19:45:00,0.35428571428571426,0.2571428571428571,0.22,0.3833333333333333,0.3798449612403101
2024-10-24 20:00:00,0.30857142857142855,0.19999999999999998,0.18,0.16666666666666666,0.27519379844961234
2024-10-24 20:15:00,0.41714285714285715,0.05714285714285714,0.22,0.2833333333333333,0.34496124031007747
2024-10-24 20:30:00,0.5771428571428572,0.18571428571428572,0.36,0.48333333333333334,0.562015503875969
2024-10-24 20:45:00,0.2914285714285714,0.2857142857142857,0.12,0.5333333333333333,0.36046511627906974
2024-10-24 21:00:00,0.30857142857142855,0.0,0.22,0.5833333333333334,0.32558139534883723
2024-10-24 21:15:00,0.39999999999999997,0.2714285714285714,0.26,0.5333333333333333,0.45736434108527124
2024-10-24 21:30:00,0.45714285714285713,0.08571428571428572,0.1,0.35,0.37209302325581395
2024-10-24 21:45:00,0.051428571428571435,0.02857142857142857,0.04,0.36666666666666664,0.07364341085271317
2024-10-24 22:00:00,0.017142857142857144,0.02857142857142857,0.0,0.36666666666666664,0.042635658914728675
2024-10-24 22:15:00,0.05714285714285715,0.02857142857142857,0.0,0.3333333333333333,0.06201550387596899
2024-10-24 22:30:00,0.017142857142857144,0.014285714285714285,0.02,0.6333333333333333,0.10465116279069767
2024-10-24 22:45:00,0.051428571428571435,0.02857142857142857,0.0,0.3833333333333333,0.0697674418604651
2024-10-24 23:00:00,0.05714285714285715,0.014285714285714285,0.04,0.5833333333333334,0.12403100775193798
2024-10-24 23:15:00,0.051428571428571435,0.02857142857142857,0.02,0.5166666666666666,0.10465116279069767
2024-10-24 23:30:00,0.022857142857142857,0.014285714285714285,0.0,0.5333333333333333,0.08139534883720931
2024-10-24 23:45:00,0.04000000000000001,0.014285714285714285,0.0,0.4,0.06201550387596899
2024-10-25 00:00:00,0.034285714285714294,0.014285714285714285,0.04,0.48333333333333334,0.08527131782945735
2024-10-25 00:15:00,0.01142857142857143,0.0,0.02,0.45,0.054263565891472854
2024-10-25 00:30:00,0.051428571428571435,0.0,0.04,0.5833333333333334,0.11627906976744184
2024-10-25 00:45:00,0.02857142857142857,0.014285714285714285,0.02,0.6333333333333333,0.1124031007751938
2024-10-25 01:00:00,0.02857142857142857,0.014285714285714285,0.0,0.45,0.06589147286821703
2024-10-25 01:15:00,0.04571428571428572,0.0,0.02,0.5666666666666667,0.10465116279069767
2024-10-25 01:30:00,0.04571428571428572,0.014285714285714285,0.02,0.3333333333333333,0.054263565891472854
2024-10-25 01:45:00,0.05714285714285715,0.014285714285714285,0.0,0.5333333333333333,0.10465116279069767
2024-10-25 02:00:00,0.01142857142857143,0.0,0.0,0.5333333333333333,0.0697674418604651
2024-10-25 02:15:00,0.04571428571428572,0.0,0.04,0.6166666666666667,0.12015503875968991
2024-10-25 02:30:00,0.017142857142857144,0.0,0.0,0.65,0.1007751937984496
2024-10-25 02:45:00,0.034285714285714294,0.014285714285714285,0.04,0.6166666666666667,0.11627906976744184
2024-10-25 03:00:00,0.034285714285714294,0.0,0.0,0.6166666666666667,0.10465116279069767
2024-10-25 03:15:00,0.02857142857142857,0.014285714285714285,0.04,0.43333333333333335,0.0697674418604651
2024-10-25 03:30:00,0.05714285714285715,0.014285714285714285,0.02,0.6,0.12403100775193798
2024-10-25 03:45:00,0.022857142857142857,0.0,0.04,0.5666666666666667,0.09302325581395349
2024-10-25 04:00:00,0.3142857142857143,0.04285714285714286,0.12,0.3833333333333333,0.27519379844961234
2024-10-25 04:15:00,0.26285714285714284,0.09999999999999999,0.06,0.36666666666666664,0.24031007751937986
2024-10-25 04:30:00,0.3142857142857143,0.09999999999999999,0.04,0.45,0.2906976744186046
2024-10-25 04:45:00,0.34285714285714286,0.0,0.06,0.4166666666666667,0.2790697674418604
2024-10-25 05:00:00,0.3485714285714286,0.05714285714285714,0.02,0.35,0.27519379844961234
2024-10-25 05:15:00,0.3314285714285714,0.04285714285714286,0.1,0.5,0.31007751937984496
2024-10-25 05:30:00,0.38285714285714284,0.09999999999999999,0.04,0.3333333333333333,0.31007751937984496
2024-10-25 05:45:00,0.6799999999999999,0.22857142857142856,0.42,0.13333333333333333,0.5736434108527131
2024-10-25 06:00:00,0.5771428571428572,0.24285714285714285,0.44,0.23333333333333334,0.5348837209302325
2024-10-25 06:15:00,0.49142857142857144,0.34285714285714286,0.2,0.25,0.4612403100775193
2024-10-25 06:30:00,0.6571428571428571,0.14285714285714285,0.36,0.16666666666666666,0.5310077519379844
2024-10-25 06:45:00,0.8114285714285714,0.2857142857142857,0.5,0.13333333333333333,0.6937984496124031
2024-10-25 07:00:00,0.6914285714285714,0.42857142857142855,0.38,0.13333333333333333,0.627906976744186
2024-10-25 07:15:00,0.5542857142857143,0.2714285714285714,0.44,0.15,0.507751937984496
2024-10-25 07:30:00,0.4685714285714286,0.21428571428571427,0.5,0.23333333333333334,0.4651162790697674
2024-10-25 07:45:00,0.6457142857142857,0.34285714285714286,0.34,0.25,0.5930232558139534
2024-10-25 08:00:00,0.7942857142857143,0.2571428571428571,0.32,0.08333333333333333,0.627906976744186
2024-10-25 08:15:00,0.45714285714285713,0.17142857142857143,0.46,0.11666666666666667,0.4108527131782945
2024-10-25 08:30:00,0.4342857142857143,0.32857142857142857,0.38,0.2,0.4418604651162791
2024-10-25 08:45:00,0.6628571428571428,0.22857142857142856,0.5,0.15,0.5813953488372092
2024-10-25 09:00:00,0.17714285714285713,0.19999999999999998,0.34,0.1,0.20155038759689922
2024-10-25 09:15:00,0.42857142857142855,0.21428571428571427,0.48,0.18333333333333332,0.42248062015503873
2024-10-25 09:30:00,0.2742857142857143,0.17142857142857143,0.44,0.13333333333333333,0.28682170542635654
2024-10-25 09:45:00,0.3942857142857143,0.09999999999999999,0.16,0.3333333333333333,0.3410852713178294
2024-10-25 10:00:00,0.2742857142857143,0.15714285714285714,0.34,0.21666666666666667,0.2829457364341085
2024-10-25 10:15:00,0.2914285714285714,0.08571428571428572,0.2,0.15,0.23255813953488372
2024-10-25 10:30:00,0.3485714285714286,0.19999999999999998,0.36,0.21666666666666667,0.34883720930232553
2024-10-25 10:45:00,0.36,0.14285714285714285,0.1,0.5166666666666666,0.36046511627906974
2024-10-25 11:00:00,0.10857142857142858,0.014285714285714285,0.2,0.48333333333333334,0.16666666666666666
2024-10-25 11:15:00,0.26857142857142857,0.05714285714285714,0.2,0.5166666666666666,0.2945736434108527
2024-10-25 11:30:00,0.17142857142857143,0.07142857142857142,0.24,0.5666666666666667,0.25193798449612403
2024-10-25 11:45:00,0.24,0.014285714285714285,0.1,0.55,0.25193798449612403
2024-10-25 12:00:00,0.17714285714285713,0.08571428571428572,0.04,0.5833333333333334,0.22480620155038758
2024-10-25 12:15:00,0.32,0.09999999999999999,0.1,0.43333333333333335,0.3023255813953488
2024-10-25 12:30:00,0.29714285714285715,0.14285714285714285,0.04,0.5833333333333334,0.32170542635658916
2024-10-25 12:45:00,0.33714285714285713,0.14285714285714285,0.18,0.48333333333333334,0.3527131782945736
2024-10-25 13:00:00,0.14857142857142855,0.22857142857142856,0.46,0.16666666666666666,0.22868217054263565
2024-10-25 13:15:00,0.49142857142857144,0.02857142857142857,0.0,0.18333333333333332,0.32170542635658916
2024-10-25 13:30:00,0.06285714285714286,0.17142857142857143,0.52,0.4,0.2209302325581395
2024-10-25 13:45:00,0.3028571428571428,0.2571428571428571,0.26,0.4166666666666667,0.36046511627906974
2024-10-25 14:00:00,0.46285714285714286,0.22857142857142856,0.24,0.26666666666666666,0.42248062015503873
2024-10-25 14:15:00,0.4342857142857143,0.11428571428571428,0.4,0.2,0.3875968992248062
2024-10-25 14:30:00,0.005714285714285717,0.12857142857142856,0.28,0.48333333333333334,0.1434108527131783
2024-10-25 14:45:00,0.12000000000000001,0.0,0.18,0.31666666666666665,0.12790697674418602
2024-10-25 15:00:00,0.10285714285714286,0.21428571428571427,0.14,0.2,0.13953488372093023
2024-10-25 15:15:00,0.4228571428571428,0.07142857142857142,0.3,0.21666666666666667,0.3527131782945736
2024-10-25 15:30:00,0.034285714285714294,0.09999999999999999,0.2,0.48333333333333334,0.13953488372093023
2024-10-25 15:45:00,0.7371428571428571,0.3142857142857143,0.58,0.18333333333333332,0.6782945736434108
2024-10-25 16:00:00,0.7028571428571428,0.32857142857142857,0.48,0.26666666666666666,0.6589147286821705
2024-10-25 16:15:00,0.5771428571428572,0.3142857142857143,0.38,0.3,0.5581395348837209
2024-10-25 16:30:00,0.6799999999999999,0.15714285714285714,0.6,0.3,0.627906976744186
2024-10-25 16:45:00,0.7371428571428571,0.14285714285714285,0.26,0.31666666666666665,0.6007751937984496
2024-10-25 17:00:00,0.6857142857142857,0.24285714285714285,0.2,0.26666666666666666,0.5697674418604651
2024-10-25 17:15:00,0.8114285714285714,0.2571428571428571,0.26,0.18333333333333332,0.6511627906976744
2024-10-25 17:30:00,0.5428571428571428,0.14285714285714285,0.4,0.26666666666666666,0.4844961240310077
2024-10-25 17:45:00,0.8057142857142857,0.24285714285714285,0.5,0.18333333333333332,0.689922480620155
2024-10-25 18:00:00,0.7828571428571428,0.21428571428571427,0.68,0.16666666666666666,0.6976744186046511
2024-10-25 18:15:00,0.7142857142857143,0.34285714285714286,0.46,0.16666666666666666,0.6434108527131782
2024-10-25 18:30:00,0.5085714285714286,0.21428571428571427,0.3,0.5333333333333333,0.5232558139534883
2024-10-25 18:45:00,0.5657142857142857,0.09999999999999999,0.12,0.31666666666666665,0.44573643410852715
2024-10-25 19:00:00,0.5028571428571429,0.14285714285714285,0.38,0.43333333333333335,0.49224806201550386
2024-10-25 19:15:00,0.26285714285714284,0.11428571428571428,0.26,0.2833333333333333,0.26356589147286824
2024-10-25 19:30:00,0.5257142857142857,0.09999999999999999,0.14,0.43333333333333335,0.4496124031007751
2024-10-25 19:45:00,0.5028571428571429,0.22857142857142856,0.32,0.4666666666666667,0.5116279069767441
2024-10-25 20:00:00,0.5714285714285714,0.24285714285714285,0.34,0.2,0.5038759689922481
2024-10-25 20:15:00,0.3485714285714286,0.17142857142857143,0.4,0.5166666666666666,0.41860465116279066
2024-10-25 20:30:00,0.2914285714285714,0.22857142857142856,0.4,0.4666666666666667,0.38372093023255816
2024-10-25 20:45:00,0.5942857142857143,0.2857142857142857,0.16,0.21666666666666667,0.5
2024-10-25 21:00:00,0.33714285714285713,0.11428571428571428,0.28,0.3333333333333333,0.3294573643410853
2024-10-25 21:15:00,0.44571428571428573,0.08571428571428572,0.12,0.5833333333333334,0.42248062015503873
2024-10-25 21:30:00,0.5828571428571429,0.22857142857142856,0.28,0.43333333333333335,0.5503875968992248
2024-10-25 21:45:00,0.0,0.014285714285714285,0.0,0.4666666666666667,0.05038759689922481
2024-10-25 22:00:00,0.0,0.02857142857142857,0.02,0.3333333333333333,0.027131782945736427
2024-10-25 22:15:00,0.04000000000000001,0.014285714285714285,0.04,0.6333333333333333,0.12403100775193798
2024-10-25 22:30:00,0.005714285714285717,0.0,0.02,0.4,0.038759689922480606
2024-10-25 22:45:00,0.0,0.014285714285714285,0.04,0.35,0.031007751937984496
2024-10-25 23:00:00,0.05714285714285715,0.02857142857142857,0.02,0.5166666666666666,0.10852713178294573
2024-10-25 23:15:00,0.0,0.0,0.0,0.5166666666666666,0.05813953488372092
2024-10-25 23:30:00,0.017142857142857144,0.0,0.02,0.48333333333333334,0.06589147286821703
2024-10-25 23:45:00,0.04000000000000001,0.014285714285714285,0.02,0.6,0.1124031007751938
2024-10-26 00:00:00,0.051428571428571435,0.014285714285714285,0.04,0.6,0.12403100775193798
2024-10-26 00:15:00,0.034285714285714294,0.02857142857142857,0.04,0.43333333333333335,0.07751937984496124
2024-10-26 00:30:00,0.017142857142857144,0.02857142857142857,0.04,0.48333333333333334,0.07751937984496124
2024-10-26 00:45:00,0.02857142857142857,0.014285714285714285,0.04,0.6,0.10852713178294573
2024-10-26 01:00:00,0.04000000000000001,0.014285714285714285,0.02,0.5,0.08914728682170542
2024-10-26 01:15:00,0.005714285714285717,0.014285714285714285,0.0,0.4166666666666667,0.042635658914728675
2024-10-26 01:30:00,0.01142857142857143,0.014285714285714285,0.02,0.35,0.03488372093023255
2024-10-26 01:45:00,0.0,0.02857142857142857,0.04,0.3333333333333333,0.031007751937984496
2024-10-26 02:00:00,0.022857142857142857,0.02857142857142857,0.0,0.35,0.042635658914728675
2024-10-26 02:15:00,0.0,0.014285714285714285,0.04,0.5833333333333334,0.08527131782945735
2024-10-26 02:30:00,0.051428571428571435,0.0,0.04,0.4666666666666667,0.08914728682170542
2024-10-26 02:45:00,0.04000000000000001,0.014285714285714285,0.02,0.65,0.12403100775193798
2024-10-26 03:00:00,0.01142857142857143,0.0,0.0,0.48333333333333334,0.05813953488372092
2024-10-26 03:15:00,0.02857142857142857,0.02857142857142857,0.0,0.36666666666666664,0.05038759689922481
2024-10-26 03:30:00,0.04571428571428572,0.014285714285714285,0.02,0.36666666666666664,0.06201550387596899
2024-10-26 03:45:00,0.05714285714285715,0.014285714285714285,0.02,0.65,0.13565891472868216
2024-10-26 04:00:00,0.4228571428571428,0.04285714285714286,0.02,0.23333333333333334,0.2945736434108527
2024-10-26 04:15:00,0.3028571428571428,0.04285714285714286,0.04,0.3,0.23255813953488372
2024-10-26 04:30:00,0.3142857142857143,0.11428571428571428,0.1,0.3833333333333333,0.2906976744186046
2024-10-26 04:45:00,0.48,0.014285714285714285,0.0,0.48333333333333334,0.3798449612403101
2024-10-26 05:00:00,0.33714285714285713,0.05714285714285714,0.0,0.2,0.22868217054263565
2024-10-26 05:15:00,0.3257142857142857,0.07142857142857142,0.06,0.43333333333333335,0.2906976744186046
2024-10-26 05:30:00,0.4228571428571428,0.09999999999999999,0.14,0.18333333333333332,0.32170542635658916
2024-10-26 05:45:00,0.4971428571428571,0.17142857142857143,0.38,0.13333333333333333,0.4263565891472868
2024-10-26 06:00:00,0.6057142857142856,0.3857142857142857,0.24,0.21666666666666667,0.5503875968992248
2024-10-26 06:15:00,0.5714285714285714,0.35714285714285715,0.48,0.18333333333333332,0.5581395348837209
2024-10-26 06:30:00,0.4514285714285714,0.37142857142857144,0.24,0.18333333333333332,0.43410852713178294
2024-10-26 06:45:00,0.7142857142857143,0.2714285714285714,0.4,0.18333333333333332,0.6162790697674418
2024-10-26 07:00:00,0.5828571428571429,0.22857142857142856,0.32,0.15,0.49224806201550386
2024-10-26 07:15:00,0.7142857142857143,0.21428571428571427,0.22,0.25,0.5813953488372092
2024-10-26 07:30:00,0.7657142857142857,0.39999999999999997,0.34,0.08333333333333333,0.6511627906976744
2024-10-26 07:45:00,0.49142857142857144,0.24285714285714285,0.5,0.23333333333333334,0.4883720930232558
2024-10-26 08:00:00,0.7657142857142857,0.3142857142857143,0.32,0.08333333333333333,0.624031007751938
2024-10-26 08:15:00,0.7771428571428571,0.15714285714285714,0.38,0.11666666666666667,0.6085271317829457
2024-10-26 08:30:00,0.6342857142857142,0.41428571428571426,0.28,0.2,0.5813953488372092
2024-10-26 08:45:00,0.42857142857142855,0.24285714285714285,0.4,0.21666666666666667,0.42248062015503873
2024-10-26 09:00:00,0.30857142857142855,0.14285714285714285,0.46,0.31666666666666665,0.34883720930232553
2024-10-26 09:15:00,0.4057142857142857,0.21428571428571427,0.5,0.08333333333333333,0.3875968992248062
2024-10-26 09:30:00,0.2114285714285714,0.14285714285714285,0.3,0.11666666666666667,0.2054263565891473
2024-10-26 09:45:00,0.14857142857142855,0.07142857142857142,0.54,0.16666666666666666,0.20155038759689922
2024-10-26 10:00:00,0.19999999999999998,0.17142857142857143,0.52,0.18333333333333332,0.26356589147286824
2024-10-26 10:15:00,0.38285714285714284,0.21428571428571427,0.14,0.31666666666666665,0.3565891472868217
2024-10-26 10:30:00,0.18285714285714286,0.11428571428571428,0.3,0.25,0.20930232558139536
2024-10-26 10:45:00,0.27999999999999997,0.08571428571428572,0.0,0.45,0.2558139534883721
2024-10-26 11:00:00,0.09142857142857143,0.0,0.02,0.4166666666666667,0.1007751937984496
2024-10-26 11:15:00,0.37142857142857144,0.12857142857142856,0.12,0.5,0.3643410852713178
2024-10-26 11:30:00,0.18857142857142856,0.04285714285714286,0.04,0.55,0.21317829457364337
2024-10-26 11:45:00,0.10285714285714286,0.0,0.02,0.5333333333333333,0.13565891472868216
2024-10-26 12:00:00,0.18857142857142856,0.07142857142857142,0.22,0.55,0.2558139534883721
2024-10-26 12:15:00,0.29714285714285715,0.12857142857142856,0.02,0.5166666666666666,0.29844961240310075
2024-10-26 12:30:00,0.08571428571428572,0.04285714285714286,0.06,0.45,0.12403100775193798
2024-10-26 12:45:00,0.2114285714285714,0.08571428571428572,0.18,0.55,0.2674418604651163
2024-10-26 13:00:00,0.24,0.15714285714285714,0.42,0.25,0.2829457364341085
2024-10-26 13:15:00,0.35428571428571426,0.11428571428571428,0.44,0.36666666666666664,0.3798449612403101
2024-10-26 13:30:00,0.37142857142857144,0.11428571428571428,0.56,0.21666666666666667,0.3798449612403101
2024-10-26 13:45:00,0.2742857142857143,0.09999999999999999,0.64,0.18333333333333332,0.3178294573643411
2024-10-26 14:00:00,0.051428571428571435,0.2714285714285714,0.5,0.5,0.2596899224806202
2024-10-26 14:15:00,0.45714285714285713,0.22857142857142856,0.52,0.43333333333333335,0.5116279069767441
2024-10-26 14:30:00,0.4514285714285714,0.15714285714285714,0.68,0.23333333333333334,0.4728682170542635
2024-10-26 14:45:00,0.30857142857142855,0.19999999999999998,0.66,0.2,0.375968992248062
2024-10-26 15:00:00,0.5085714285714286,0.04285714285714286,0.24,0.23333333333333334,0.39534883720930236
2024-10-26 15:15:00,0.4342857142857143,0.2571428571428571,0.5,0.2,0.44573643410852715
2024-10-26 15:30:00,0.49142857142857144,0.17142857142857143,0.2,0.4166666666666667,0.4534883720930232
2024-10-26 15:45:00,0.5828571428571429,0.32857142857142857,0.26,0.18333333333333332,0.5155038759689922
2024-10-26 16:00:00,0.7542857142857142,0.2857142857142857,0.6,0.25,0.7015503875968991
2024-10-26 16:15:00,0.6628571428571428,0.19999999999999998,0.64,0.16666666666666666,0.6046511627906976
2024-10-26 16:30:00,0.6285714285714286,0.37142857142857144,0.66,0.31666666666666665,0.6666666666666666
2024-10-26 16:45:00,0.7314285714285714,0.35714285714285715,0.38,0.2,0.6511627906976744
2024-10-26 17:00:00,0.6,0.14285714285714285,0.58,0.2833333333333333,0.562015503875969
2024-10-26 17:15:00,0.6,0.2857142857142857,0.48,0.2833333333333333,0.5813953488372092
2024-10-26 17:30:00,0.6057142857142856,0.37142857142857144,0.28,0.25,0.562015503875969
2024-10-26 17:45:00,0.6171428571428571,0.2857142857142857,0.76,0.2833333333333333,0.6472868217054263
2024-10-26 18:00:00,0.7371428571428571,0.18571428571428572,0.58,0.25,0.6589147286821705
2024-10-26 18:15:00,0.8171428571428572,0.19999999999999998,0.42,0.31666666666666665,0.7015503875968991
2024-10-26 18:30:00,0.4971428571428571,0.21428571428571427,0.36,0.3,0.4728682170542635
2024-10-26 18:45:00,0.3771428571428571,0.02857142857142857,0.34,0.16666666666666666,0.3062015503875969
2024-10-26 19:00:00,0.32,0.0,0.34,0.4166666666666667,0.3178294573643411
2024-10-26 19:15:00,0.45714285714285713,0.08571428571428572,0.22,0.4166666666666667,0.4108527131782945
2024-10-26 19:30:00,0.4228571428571428,0.15714285714285714,0.16,0.26666666666666666,0.36046511627906974
2024-10-26 19:45:00,0.42857142857142855,0.24285714285714285,0.22,0.2833333333333333,0.4031007751937984
2024-10-26 20:00:00,0.5142857142857142,0.07142857142857142,0.14,0.36666666666666664,0.41860465116279066
2024-10-26 20:15:00,0.5885714285714285,0.014285714285714285,0.3,0.4166666666666667,0.49612403100775193
2024-10-26 20:30:00,0.2857142857142857,0.2857142857142857,0.22,0.4166666666666667,0.34883720930232553
2024-10-26 20:45:00,0.2914285714285714,0.11428571428571428,0.38,0.45,0.34496124031007747
2024-10-26 21:00:00,0.29714285714285715,0.19999999999999998,0.12,0.5666666666666667,0.34883720930232553
2024-10-26 21:15:00,0.48571428571428565,0.15714285714285714,0.2,0.45,0.4534883720930232
2024-10-26 21:30:00,0.5942857142857143,0.2857142857142857,0.12,0.3,0.5116279069767441
2024-10-26 21:45:00,0.034285714285714294,0.02857142857142857,0.04,0.65,0.12790697674418602
2024-10-26 22:00:00,0.04571428571428572,0.014285714285714285,0.02,0.4166666666666667,0.07364341085271317
2024-10-26 22:15:00,0.0,0.02857142857142857,0.02,0.43333333333333335,0.05038759689922481
2024-10-26 22:30:00,0.0,0.014285714285714285,0.02,0.55,0.07364341085271317
2024-10-26 22:45:00,0.01142857142857143,0.02857142857142857,0.0,0.6166666666666667,0.09689922480620153
2024-10-26 23:00:00,0.02857142857142857,0.02857142857142857,0.02,0.5333333333333333,0.09302325581395349
2024-10-26 23:15:00,0.034285714285714294,0.0,0.0,0.43333333333333335,0.06201550387596899
2024-10-26 23:30:00,0.02857142857142857,0.0,0.02,0.6166666666666667,0.10465116279069767
2024-10-26 23:45:00,0.04571428571428572,0.014285714285714285,0.02,0.35,0.05813953488372092
2024-10-27 00:00:00,0.0,0.02857142857142857,0.04,0.5333333333333333,0.07751937984496124
2024-10-27 00:15:00,0.051428571428571435,0.014285714285714285,0.02,0.55,0.10852713178294573
2024-10-27 00:30:00,0.02857142857142857,0.0,0.0,0.5,0.07364341085271317
2024-10-27 00:45:00,0.05714285714285715,0.0,0.02,0.6333333333333333,0.12790697674418602
2024-10-27 01:00:00,0.034285714285714294,0.02857142857142857,0.0,0.5666666666666667,0.1007751937984496
2024-10-27 01:15:00,0.017142857142857144,0.02857142857142857,0.0,0.65,0.10852713178294573
2024-10-27 01:30:00,0.017142857142857144,0.02857142857142857,0.02,0.6666666666666666,0.11627906976744184
2024-10-27 01:45:00,0.02857142857142857,0.014285714285714285,0.04,0.55,0.09689922480620153
2024-10-27 02:00:00,0.04571428571428572,0.014285714285714285,0.04,0.6166666666666667,0.12403100775193798
2024-10-27 02:15:00,0.0,0.014285714285714285,0.0,0.6333333333333333,0.08914728682170542
2024-10-27 02:30:00,0.02857142857142857,0.014285714285714285,0.02,0.5,0.08139534883720931
2024-10-27 02:45:00,0.005714285714285717,0.014285714285714285,0.04,0.3833333333333333,0.042635658914728675
2024-10-27 03:00:00,0.005714285714285717,0.02857142857142857,0.04,0.36666666666666664,0.042635658914728675
2024-10-27 03:15:00,0.005714285714285717,0.02857142857142857,0.0,0.5,0.06589147286821703
2024-10-27 03:30:00,0.022857142857142857,0.02857142857142857,0.0,0.6166666666666667,0.10465116279069767
2024-10-27 03:45:00,0.034285714285714294,0.02857142857142857,0.04,0.5666666666666667,0.10852713178294573
2024-10-27 04:00:00,0.14857142857142855,0.0,0.08,0.95,0.27519379844961234
2024-10-27 04:15:00,0.13714285714285712,0.02857142857142857,0.08,0.6166666666666667,0.19767441860465115
2024-10-27 04:30:00,0.4057142857142857,0.0,0.1,0.6666666666666666,0.3875968992248062
2024-10-27 04:45:00,0.26285714285714284,0.08571428571428572,0.1,0.95,0.3798449612403101
2024-10-27 05:00:00,0.3657142857142857,0.014285714285714285,0.0,0.85,0.3875968992248062
2024-10-27 05:15:00,0.2114285714285714,0.09999999999999999,0.04,0.7833333333333333,0.29844961240310075
2024-10-27 05:30:00,0.2114285714285714,0.14285714285714285,0.02,0.7833333333333333,0.3062015503875969
2024-10-27 05:45:00,0.18857142857142856,0.11428571428571428,0.04,0.95,0.32558139534883723
2024-10-27 06:00:00,0.11428571428571428,0.12857142857142856,0.06,0.65,0.21317829457364337
2024-10-27 06:15:00,0.38285714285714284,0.0,0.08,0.6,0.3527131782945736
2024-10-27 06:30:00,0.41714285714285715,0.11428571428571428,0.1,0.6166666666666667,0.4147286821705426
2024-10-27 06:45:00,0.22857142857142854,0.09999999999999999,0.0,0.5833333333333334,0.2558139534883721
2024-10-27 07:00:00,0.39999999999999997,0.08571428571428572,0.04,0.7,0.4031007751937984
2024-10-27 07:15:00,0.4114285714285714,0.09999999999999999,0.02,0.95,0.46899224806201545
2024-10-27 07:30:00,0.1657142857142857,0.04285714285714286,0.04,0.7833333333333333,0.25193798449612403
2024-10-27 07:45:00,0.25142857142857145,0.05714285714285714,0.04,0.9666666666666667,0.3565891472868217
2024-10-27 08:00:00,0.19999999999999998,0.05714285714285714,0.04,0.95,0.3178294573643411
2024-10-27 08:15:00,0.22285714285714286,0.12857142857142856,0.1,0.9333333333333333,0.36046511627906974
2024-10-27 08:30:00,0.37142857142857144,0.0,0.04,0.43333333333333335,0.29844961240310075
2024-10-27 08:45:00,0.3314285714285714,0.09999999999999999,0.0,0.8666666666666667,0.3914728682170543
2024-10-27 09:00:00,0.6914285714285714,0.3,0.14,0.1,0.5387596899224806
2024-10-27 09:15:00,0.64,0.5428571428571428,0.22,0.15,0.5968992248062015
2024-10-27 09:30:00,0.5485714285714286,0.5857142857142857,0.34,0.15,0.5697674418604651
2024-10-27 09:45:00,0.6857142857142857,0.5,0.38,0.11666666666666667,0.6395348837209301
2024-10-27 10:00:00,0.8114285714285714,0.6142857142857142,0.2,0.11666666666666667,0.7209302325581395
2024-10-27 10:15:00,0.7714285714285715,0.3142857142857143,0.36,0.08333333333333333,0.6356589147286821
2024-10-27 10:30:00,0.7828571428571428,0.6285714285714286,0.12,0.1,0.686046511627907
2024-10-27 10:45:00,0.8114285714285714,0.6428571428571428,0.16,0.16666666666666666,0.7325581395348837
2024-10-27 11:00:00,0.7542857142857142,0.37142857142857144,0.28,0.13333333333333333,0.6356589147286821
2024-10-27 11:15:00,0.7085714285714285,0.5714285714285714,0.26,0.08333333333333333,0.6434108527131782
2024-10-27 11:30:00,0.72,0.42857142857142855,0.18,0.13333333333333333,0.6085271317829457
2024-10-27 11:45:00,0.5828571428571429,0.5714285714285714,0.12,0.1,0.5348837209302325
2024-10-27 12:00:00,0.5542857142857143,0.5285714285714286,0.32,0.11666666666666667,0.5465116279069767
2024-10-27 12:15:00,0.6685714285714286,0.6571428571428571,0.3,0.13333333333333333,0.6589147286821705
2024-10-27 12:30:00,0.6342857142857142,0.42857142857142855,0.3,0.11666666666666667,0.5697674418604651
2024-10-27 12:45:00,0.7485714285714286,0.39999999999999997,0.4,0.15,0.6666666666666666
2024-10-27 13:00:00,0.76,0.4857142857142857,0.3,0.16666666666666666,0.6821705426356589
2024-10-27 13:15:00,0.72,0.3,0.18,0.15,0.5775193798449612
2024-10-27 13:30:00,0.7085714285714285,0.5571428571428572,0.32,0.08333333333333333,0.6511627906976744
2024-10-27 13:45:00,0.6457142857142857,0.7142857142857143,0.36,0.08333333333333333,0.6589147286821705
2024-10-27 14:00:00,0.7714285714285715,0.5714285714285714,0.16,0.1,0.6705426356589147
2024-10-27 14:15:00,0.7542857142857142,0.41428571428571426,0.2,0.15,0.6356589147286821
2024-10-27 14:30:00,0.6628571428571428,0.6571428571428571,0.1,0.1,0.6085271317829457
2024-10-27 14:45:00,0.6571428571428571,0.35714285714285715,0.2,0.1,0.5426356589147286
2024-10-27 15:00:00,0.38285714285714284,0.14285714285714285,0.26,0.2833333333333333,0.3527131782945736
2024-10-27 15:15:00,0.44571428571428573,0.15714285714285714,0.18,0.26666666666666666,0.3798449612403101
2024-10-27 15:30:00,0.35428571428571426,0.08571428571428572,0.24,0.31666666666666665,0.32170542635658916
2024-10-27 15:45:00,0.39999999999999997,0.11428571428571428,0.14,0.13333333333333333,0.29844961240310075
2024-10-27 16:00:00,0.3142857142857143,0.14285714285714285,0.12,0.08333333333333333,0.23255813953488372
2024-10-27 16:15:00,0.29714285714285715,0.18571428571428572,0.04,0.2,0.24418604651162792
2024-10-27 16:30:00,0.4114285714285714,0.18571428571428572,0.14,0.2,0.3410852713178294
2024-10-27 16:45:00,0.33714285714285713,0.15714285714285714,0.0,0.15,0.24418604651162792
2024-10-27 17:00:00,0.45714285714285713,0.17142857142857143,0.24,0.31666666666666665,0.4147286821705426
2024-10-27 17:15:00,0.4742857142857143,0.07142857142857142,0.04,0.08333333333333333,0.3062015503875969
2024-10-27 17:30:00,0.44571428571428573,0.19999999999999998,0.08,0.3,0.3798449612403101
2024-10-27 17:45:00,0.33714285714285713,0.08571428571428572,0.02,0.21666666666666667,0.24418604651162792
2024-10-27 18:00:00,0.3257142857142857,0.12857142857142856,0.0,0.3,0.26356589147286824
2024-10-27 18:15:00,0.3657142857142857,0.11428571428571428,0.0,0.25,0.27519379844961234
2024-10-27 18:30:00,0.4514285714285714,0.21428571428571427,0.1,0.3,0.3914728682170543
2024-10-27 18:45:00,0.37142857142857144,0.08571428571428572,0.18,0.13333333333333333,0.2790697674418604
2024-10-27 19:00:00,0.14285714285714285,0.0,0.02,0.5,0.15503875968992248
2024-10-27 19:15:00,0.13714285714285712,0.04285714285714286,0.06,0.5,0.17054263565891473
2024-10-27 19:30:00,0.1257142857142857,0.0,0.02,0.55,0.15503875968992248
2024-10-27 19:45:00,0.2057142857142857,0.04285714285714286,0.06,0.6666666666666666,0.2558139534883721
2024-10-27 20:00:00,0.13714285714285712,0.04285714285714286,0.02,0.5833333333333334,0.18217054263565893
2024-10-27 20:15:00,0.18857142857142856,0.0,0.02,0.4666666666666667,0.17829457364341086
2024-10-27 20:30:00,0.13714285714285712,0.02857142857142857,0.02,0.45,0.14728682170542634
2024-10-27 20:45:00,0.19428571428571428,0.05714285714285714,0.0,0.6,0.22480620155038758
2024-10-27 21:00:00,0.1257142857142857,0.014285714285714285,0.1,0.5166666666666666,0.16666666666666666
2024-10-27 21:15:00,0.2114285714285714,0.07142857142857142,0.1,0.43333333333333335,0.2209302325581395
2024-10-27 21:30:00,0.14857142857142855,0.014285714285714285,0.06,0.6333333333333333,0.20155038759689922
2024-10-27 21:45:00,0.01142857142857143,0.0,0.0,0.5833333333333334,0.08139534883720931
2024-10-27 22:00:00,0.04571428571428572,0.0,0.02,0.6666666666666666,0.12790697674418602
2024-10-27 22:15:00,0.034285714285714294,0.02857142857142857,0.04,0.4166666666666667,0.07364341085271317
2024-10-27 22:30:00,0.034285714285714294,0.0,0.0,0.5166666666666666,0.08139534883720931
2024-10-27 22:45:00,0.005714285714285717,0.02857142857142857,0.04,0.3833333333333333,0.046511627906976744
2024-10-27 23:00:00,0.0,0.02857142857142857,0.04,0.43333333333333335,0.054263565891472854
2024-10-27 23:15:00,0.04571428571428572,0.014285714285714285,0.04,0.43333333333333335,0.08139534883720931
2024-10-27 23:30:00,0.04571428571428572,0.014285714285714285,0.04,0.65,0.1317829457364341
2024-10-27 23:45:00,0.051428571428571435,0.02857142857142857,0.04,0.4666666666666667,0.09689922480620153
2024-10-28 00:00:00,0.0,0.0,0.04,0.65,0.09689922480620153
2024-10-28 00:15:00,0.0,0.014285714285714285,0.02,0.6666666666666666,0.1007751937984496
2024-10-28 00:30:00,0.04571428571428572,0.02857142857142857,0.02,0.6333333333333333,0.12790697674418602
2024-10-28 00:45:00,0.022857142857142857,0.014285714285714285,0.0,0.48333333333333334,0.0697674418604651
2024-10-28 01:00:00,0.034285714285714294,0.0,0.02,0.45,0.0697674418604651
2024-10-28 01:15:00,0.017142857142857144,0.0,0.04,0.55,0.08527131782945735
2024-10-28 01:30:00,0.022857142857142857,0.0,0.04,0.6666666666666666,0.11627906976744184
2024-10-28 01:45:00,0.04000000000000001,0.014285714285714285,0.0,0.6166666666666667,0.1124031007751938
2024-10-28 02:00:00,0.01142857142857143,0.02857142857142857,0.04,0.3833333333333333,0.05038759689922481
2024-10-28 02:15:00,0.051428571428571435,0.014285714285714285,0.02,0.48333333333333334,0.09302325581395349
2024-10-28 02:30:00,0.04571428571428572,0.014285714285714285,0.04,0.6333333333333333,0.12790697674418602
2024-10-28 02:45:00,0.034285714285714294,0.02857142857142857,0.04,0.6166666666666667,0.12015503875968991
2024-10-28 03:00:00,0.02857142857142857,0.02857142857142857,0.04,0.43333333333333335,0.07364341085271317
2024-10-28 03:15:00,0.04000000000000001,0.0,0.04,0.35,0.054263565891472854
2024-10-28 03:30:00,0.04000000000000001,0.02857142857142857,0.02,0.35,0.05813953488372092
2024-10-28 03:45:00,0.005714285714285717,0.02857142857142857,0.02,0.6333333333333333,0.1007751937984496
2024-10-28 04:00:00,0.38285714285714284,0.08571428571428572,0.02,0.4166666666666667,0.32170542635658916
2024-10-28 04:15:00,0.4114285714285714,0.07142857142857142,0.12,0.3333333333333333,0.33720930232558133
2024-10-28 04:30:00,0.48,0.14285714285714285,0.0,0.26666666666666666,0.3643410852713178
2024-10-28 04:45:00,0.46285714285714286,0.014285714285714285,0.12,0.4666666666666667,0.3875968992248062
2024-10-28 05:00:00,0.33714285714285713,0.014285714285714285,0.0,0.45,0.27519379844961234
2024-10-28 05:15:00,0.2857142857142857,0.04285714285714286,0.02,0.45,0.25193798449612403
2024-10-28 05:30:00,0.30857142857142855,0.0,0.12,0.26666666666666666,0.23255813953488372
2024-10-28 05:45:00,0.7428571428571429,0.18571428571428572,0.48,0.1,0.6085271317829457
2024-10-28 06:00:00,0.76,0.3,0.38,0.16666666666666666,0.6472868217054263
2024-10-28 06:15:00,0.42857142857142855,0.14285714285714285,0.34,0.21666666666666667,0.38372093023255816
2024-10-28 06:30:00,0.8171428571428572,0.34285714285714286,0.28,0.16666666666666666,0.6782945736434108
2024-10-28 06:45:00,0.4514285714285714,0.35714285714285715,0.42,0.16666666666666666,0.4612403100775193
2024-10-28 07:00:00,0.5599999999999999,0.2714285714285714,0.3,0.1,0.4728682170542635
2024-10-28 07:15:00,0.6514285714285715,0.18571428571428572,0.2,0.15,0.5038759689922481
2024-10-28 07:30:00,0.6,0.22857142857142856,0.42,0.13333333333333333,0.5193798449612402
2024-10-28 07:45:00,0.7142857142857143,0.2571428571428571,0.4,0.21666666666666667,0.6201550387596899
2024-10-28 08:00:00,0.5714285714285714,0.3857142857142857,0.46,0.16666666666666666,0.5581395348837209
2024-10-28 08:15:00,0.5599999999999999,0.42857142857142855,0.44,0.2,0.5658914728682171
2024-10-28 08:30:00,0.8285714285714285,0.17142857142857143,0.32,0.16666666666666666,0.6472868217054263
2024-10-28 08:45:00,0.7257142857142858,0.21428571428571427,0.34,0.23333333333333334,0.6085271317829457
2024-10-28 09:00:00,0.24,0.08571428571428572,0.3,0.15,0.21705426356589144
2024-10-28 09:15:00,0.3771428571428571,0.14285714285714285,0.12,0.16666666666666666,0.2945736434108527
2024-10-28 09:30:00,0.25142857142857145,0.14285714285714285,0.24,0.13333333333333333,0.22480620155038758
2024-10-28 09:45:00,0.21714285714285714,0.08571428571428572,0.42,0.08333333333333333,0.20930232558139536
2024-10-28 10:00:00,0.3942857142857143,0.21428571428571427,0.58,0.25,0.43410852713178294
2024-10-28 10:15:00,0.14285714285714285,0.08571428571428572,0.52,0.3,0.22868217054263565
2024-10-28 10:30:00,0.18857142857142856,0.21428571428571427,0.34,0.25,0.24806201550387594
2024-10-28 10:45:00,0.30857142857142855,0.02857142857142857,0.16,0.4166666666666667,0.2829457364341085
2024-10-28 11:00:00,0.26285714285714284,0.11428571428571428,0.1,0.4166666666666667,0.26356589147286824
2024-10-28 11:15:00,0.12000000000000001,0.12857142857142856,0.22,0.48333333333333334,0.20930232558139536
2024-10-28 11:30:00,0.2857142857142857,0.09999999999999999,0.16,0.55,0.3178294573643411
2024-10-28 11:45:00,0.21714285714285714,0.05714285714285714,0.0,0.5333333333333333,0.22480620155038758
2024-10-28 12:00:00,0.33714285714285713,0.014285714285714285,0.14,0.5833333333333334,0.33333333333333337
2024-10-28 12:15:00,0.3314285714285714,0.11428571428571428,0.26,0.45,0.34883720930232553
2024-10-28 12:30:00,0.2114285714285714,0.11428571428571428,0.06,0.43333333333333335,0.22480620155038758
2024-10-28 12:45:00,0.14285714285714285,0.09999999999999999,0.2,0.5333333333333333,0.22480620155038758
2024-10-28 13:00:00,0.04571428571428572,0.2857142857142857,0.02,0.3333333333333333,0.12790697674418602
2024-10-28 13:15:00,0.30857142857142855,0.2714285714285714,0.32,0.3833333333333333,0.37209302325581395
2024-10-28 13:30:00,0.29714285714285715,0.19999999999999998,0.42,0.31666666666666665,0.34883720930232553
2024-10-28 13:45:00,0.3942857142857143,0.15714285714285714,0.46,0.31666666666666665,0.4108527131782945
2024-10-28 14:00:00,0.16,0.04285714285714286,0.54,0.3833333333333333,0.25193798449612403
2024-10-28 14:15:00,0.01142857142857143,0.08571428571428572,0.24,0.3333333333333333,0.09302325581395349
2024-10-28 14:30:00,0.18857142857142856,0.09999999999999999,0.02,0.21666666666666667,0.14728682170542634
2024-10-28 14:45:00,0.005714285714285717,0.12857142857142856,0.2,0.45,0.12015503875968991
2024-10-28 15:00:00,0.27999999999999997,0.08571428571428572,0.36,0.3833333333333333,0.31007751937984496
2024-10-28 15:15:00,0.22857142857142854,0.22857142857142856,0.56,0.3,0.33333333333333337
2024-10-28 15:30:00,0.22285714285714286,0.04285714285714286,0.0,0.3833333333333333,0.18992248062015502
2024-10-28 15:45:00,0.7942857142857143,0.3,0.2,0.31666666666666665,0.6705426356589147
2024-10-28 16:00:00,0.7942857142857143,0.34285714285714286,0.52,0.23333333333333334,0.7248062015503876
2024-10-28 16:15:00,0.6114285714285714,0.37142857142857144,0.76,0.2,0.6472868217054263
2024-10-28 16:30:00,0.5771428571428572,0.12857142857142856,0.62,0.18333333333333332,0.5271317829457364
2024-10-28 16:45:00,0.8228571428571428,0.3857142857142857,0.66,0.26666666666666666,0.7906976744186046
2024-10-28 17:00:00,0.6571428571428571,0.42857142857142855,0.34,0.31666666666666665,0.6395348837209301
2024-10-28 17:15:00,0.7314285714285714,0.21428571428571427,0.2,0.16666666666666666,0.5697674418604651
2024-10-28 17:30:00,0.5885714285714285,0.19999999999999998,0.76,0.31666666666666665,0.6124031007751938
2024-10-28 17:45:00,0.7771428571428571,0.34285714285714286,0.22,0.31666666666666665,0.6744186046511628
2024-10-28 18:00:00,0.6971428571428572,0.21428571428571427,0.42,0.2833333333333333,0.6162790697674418
2024-10-28 18:15:00,0.7371428571428571,0.2857142857142857,0.76,0.3333333333333333,0.7403100775193798
2024-10-28 18:30:00,0.5142857142857142,0.22857142857142856,0.3,0.4,0.5
2024-10-28 18:45:00,0.3771428571428571,0.05714285714285714,0.28,0.5,0.3798449612403101
2024-10-28 19:00:00,0.37142857142857144,0.09999999999999999,0.14,0.16666666666666666,0.2829457364341085
2024-10-28 19:15:00,0.2857142857142857,0.18571428571428572,0.2,0.55,0.34883720930232553
2024-10-28 19:30:00,0.3942857142857143,0.2714285714285714,0.24,0.5833333333333334,0.4612403100775193
2024-10-28 19:45:00,0.29714285714285715,0.05714285714285714,0.3,0.48333333333333334,0.32558139534883723
2024-10-28 20:00:00,0.30857142857142855,0.15714285714285714,0.1,0.35,0.2906976744186046
2024-10-28 20:15:00,0.45714285714285713,0.11428571428571428,0.28,0.25,0.3914728682170543
2024-10-28 20:30:00,0.3942857142857143,0.2857142857142857,0.34,0.4,0.4418604651162791
2024-10-28 20:45:00,0.4742857142857143,0.2714285714285714,0.14,0.45,0.4651162790697674
2024-10-28 21:00:00,0.33714285714285713,0.2571428571428571,0.26,0.2833333333333333,0.3527131782945736
2024-10-28 21:15:00,0.42857142857142855,0.2571428571428571,0.28,0.18333333333333332,0.39534883720930236
2024-10-28 21:30:00,0.5885714285714285,0.09999999999999999,0.22,0.4166666666666667,0.5038759689922481
2024-10-28 21:45:00,0.051428571428571435,0.014285714285714285,0.0,0.4666666666666667,0.08527131782945735
2024-10-28 22:00:00,0.01142857142857143,0.014285714285714285,0.02,0.55,0.08139534883720931
2024-10-28 22:15:00,0.0,0.014285714285714285,0.04,0.5166666666666666,0.0697674418604651
2024-10-28 22:30:00,0.034285714285714294,0.02857142857142857,0.0,0.6,0.10852713178294573
2024-10-28 22:45:00,0.051428571428571435,0.02857142857142857,0.02,0.6666666666666666,0.13953488372093023
2024-10-28 23:00:00,0.005714285714285717,0.0,0.02,0.35,0.027131782945736427
2024-10-28 23:15:00,0.01142857142857143,0.0,0.04,0.6,0.09302325581395349
2024-10-28 23:30:00,0.04000000000000001,0.02857142857142857,0.02,0.3333333333333333,0.054263565891472854
2024-10-28 23:45:00,0.017142857142857144,0.02857142857142857,0.04,0.65,0.11627906976744184
2024-10-29 00:00:00,0.0,0.014285714285714285,0.0,0.5833333333333334,0.07751937984496124
2024-10-29 00:15:00,0.0,0.02857142857142857,0.02,0.35,0.031007751937984496
2024-10-29 00:30:00,0.02857142857142857,0.0,0.04,0.55,0.09302325581395349
2024-10-29 00:45:00,0.04000000000000001,0.0,0.0,0.5833333333333334,0.1007751937984496
2024-10-29 01:00:00,0.034285714285714294,0.0,0.04,0.6166666666666667,0.1124031007751938
2024-10-29 01:15:00,0.005714285714285717,0.0,0.0,0.48333333333333334,0.054263565891472854
2024-10-29 01:30:00,0.05714285714285715,0.02857142857142857,0.02,0.6333333333333333,0.13565891472868216
2024-10-29 01:45:00,0.04571428571428572,0.014285714285714285,0.04,0.3333333333333333,0.05813953488372092
2024-10-29 02:00:00,0.034285714285714294,0.02857142857142857,0.04,0.65,0.12790697674418602
2024-10-29 02:15:00,0.005714285714285717,0.014285714285714285,0.0,0.65,0.09689922480620153
2024-10-29 02:30:00,0.005714285714285717,0.0,0.02,0.4666666666666667,0.054263565891472854
2024-10-29 02:45:00,0.05714285714285715,0.02857142857142857,0.02,0.6166666666666667,0.1317829457364341
2024-10-29 03:00:00,0.034285714285714294,0.02857142857142857,0.04,0.4,0.0697674418604651
2024-10-29 03:15:00,0.0,0.0,0.0,0.35,0.019379844961240303
2024-10-29 03:30:00,0.017142857142857144,0.0,0.0,0.3333333333333333,0.027131782945736427
2024-10-29 03:45:00,0.017142857142857144,0.014285714285714285,0.04,0.48333333333333334,0.07364341085271317
2024-10-29 04:00:00,0.27999999999999997,0.11428571428571428,0.14,0.26666666666666666,0.24806201550387594
2024-10-29 04:15:00,0.33714285714285713,0.0,0.02,0.4166666666666667,0.2674418604651163
2024-10-29 04:30:00,0.2857142857142857,0.02857142857142857,0.12,0.4,0.2558139534883721
2024-10-29 04:45:00,0.46285714285714286,0.05714285714285714,0.1,0.3333333333333333,0.3643410852713178
2024-10-29 05:00:00,0.26285714285714284,0.14285714285714285,0.06,0.4666666666666667,0.27519379844961234
2024-10-29 05:15:00,0.4342857142857143,0.11428571428571428,0.1,0.2,0.3294573643410853
2024-10-29 05:30:00,0.38857142857142857,0.014285714285714285,0.06,0.3833333333333333,0.3062015503875969
2024-10-29 05:45:00,0.5657142857142857,0.41428571428571426,0.38,0.21666666666666667,0.5581395348837209
2024-10-29 06:00:00,0.6685714285714286,0.24285714285714285,0.42,0.15,0.5736434108527131
2024-10-29 06:15:00,0.5085714285714286,0.3,0.3,0.11666666666666667,0.4496124031007751
2024-10-29 06:30:00,0.7771428571428571,0.42857142857142855,0.44,0.18333333333333332,0.7093023255813953
2024-10-29 06:45:00,0.5028571428571429,0.17142857142857143,0.5,0.11666666666666667,0.4496124031007751
2024-10-29 07:00:00,0.6742857142857143,0.41428571428571426,0.26,0.11666666666666667,0.5852713178294573
2024-10-29 07:15:00,0.72,0.3857142857142857,0.38,0.25,0.6627906976744186
2024-10-29 07:30:00,0.76,0.35714285714285715,0.4,0.23333333333333334,0.6821705426356589
2024-10-29 07:45:00,0.8171428571428572,0.2857142857142857,0.28,0.18333333333333332,0.6666666666666666
2024-10-29 08:00:00,0.5028571428571429,0.17142857142857143,0.28,0.21666666666666667,0.43023255813953487
2024-10-29 08:15:00,0.6857142857142857,0.3142857142857143,0.24,0.2,0.5813953488372092
2024-10-29 08:30:00,0.5942857142857143,0.37142857142857144,0.32,0.15,0.5387596899224806
2024-10-29 08:45:00,0.5371428571428571,0.35714285714285715,0.3,0.2,0.5038759689922481
2024-10-29 09:00:00,0.41714285714285715,0.08571428571428572,0.58,0.23333333333333334,0.4108527131782945
2024-10-29 09:15:00,0.3314285714285714,0.08571428571428572,0.42,0.15,0.3023255813953488
2024-10-29 09:30:00,0.17714285714285713,0.15714285714285714,0.5,0.13333333333333333,0.22868217054263565
2024-10-29 09:45:00,0.3657142857142857,0.07142857142857142,0.46,0.26666666666666666,0.3565891472868217
2024-10-29 10:00:00,0.35428571428571426,0.18571428571428572,0.3,0.2833333333333333,0.3527131782945736
2024-10-29 10:15:00,0.1657142857142857,0.17142857142857143,0.56,0.18333333333333332,0.24806201550387594
2024-10-29 10:30:00,0.3771428571428571,0.08571428571428572,0.24,0.31666666666666665,0.33720930232558133
2024-10-29 10:45:00,0.09714285714285716,0.12857142857142856,0.0,0.5166666666666666,0.15891472868217052
2024-10-29 11:00:00,0.27999999999999997,0.05714285714285714,0.2,0.5833333333333334,0.3178294573643411
2024-10-29 11:15:00,0.1257142857142857,0.11428571428571428,0.26,0.5833333333333334,0.24031007751937986
2024-10-29 11:30:00,0.17714285714285713,0.02857142857142857,0.14,0.45,0.19767441860465115
2024-10-29 11:45:00,0.13714285714285712,0.12857142857142856,0.26,0.4666666666666667,0.22480620155038758
2024-10-29 12:00:00,0.34285714285714286,0.04285714285714286,0.24,0.4166666666666667,0.32558139534883723
2024-10-29 12:15:00,0.3485714285714286,0.07142857142857142,0.14,0.5833333333333334,0.3565891472868217
2024-10-29 12:30:00,0.10285714285714286,0.05714285714285714,0.1,0.5,0.15891472868217052
2024-10-29 12:45:00,0.2114285714285714,0.14285714285714285,0.04,0.4166666666666667,0.22480620155038758
2024-10-29 13:00:00,0.2857142857142857,0.07142857142857142,0.66,0.3333333333333333,0.3565891472868217
2024-10-29 13:15:00,0.07428571428571429,0.07142857142857142,0.3,0.35,0.14728682170542634
2024-10-29 13:30:00,0.09714285714285716,0.18571428571428572,0.34,0.36666666666666664,0.2054263565891473
2024-10-29 13:45:00,0.30857142857142855,0.2571428571428571,0.36,0.3833333333333333,0.375968992248062
2024-10-29 14:00:00,0.3314285714285714,0.22857142857142856,0.06,0.21666666666666667,0.28682170542635654
2024-10-29 14:15:00,0.3485714285714286,0.04285714285714286,0.5,0.2,0.3294573643410853
2024-10-29 14:30:00,0.39999999999999997,0.05714285714285714,0.06,0.25,0.2945736434108527
2024-10-29 14:45:00,0.4971428571428571,0.09999999999999999,0.7000000000000001,0.4166666666666667,0.5348837209302325
2024-10-29 15:00:00,0.19999999999999998,0.19999999999999998,0.32,0.4666666666666667,0.29844961240310075
2024-10-29 15:15:00,0.19428571428571428,0.02857142857142857,0.16,0.31666666666666665,0.18217054263565893
2024-10-29 15:30:00,0.21714285714285714,0.15714285714285714,0.32,0.3333333333333333,0.2674418604651163
2024-10-29 15:45:00,0.7028571428571428,0.37142857142857144,0.5,0.2,0.6589147286821705
2024-10-29 16:00:00,0.8285714285714285,0.34285714285714286,0.6,0.2,0.755813953488372
2024-10-29 16:15:00,0.5885714285714285,0.08571428571428572,0.74,0.3,0.5736434108527131
2024-10-29 16:30:00,0.6057142857142856,0.24285714285714285,0.8,0.3,0.6395348837209301
2024-10-29 16:45:00,0.6114285714285714,0.34285714285714286,0.78,0.26666666666666666,0.6589147286821705
2024-10-29 17:00:00,0.7714285714285715,0.14285714285714285,0.76,0.3,0.7170542635658914
2024-10-29 17:15:00,0.7942857142857143,0.18571428571428572,0.3,0.23333333333333334,0.6395348837209301
2024-10-29 17:30:00,0.6971428571428572,0.24285714285714285,0.48,0.2833333333333333,0.6356589147286821
2024-10-29 17:45:00,0.5428571428571428,0.11428571428571428,0.26,0.18333333333333332,0.43023255813953487
2024-10-29 18:00:00,0.76,0.12857142857142856,0.32,0.3333333333333333,0.627906976744186
2024-10-29 18:15:00,0.5885714285714285,0.14285714285714285,0.42,0.26666666666666666,0.5193798449612402
2024-10-29 18:30:00,0.44,0.11428571428571428,0.38,0.2,0.3875968992248062
2024-10-29 18:45:00,0.5828571428571429,0.2714285714285714,0.12,0.2833333333333333,0.49612403100775193
2024-10-29 19:00:00,0.38857142857142857,0.014285714285714285,0.2,0.5333333333333333,0.3682170542635659
2024-10-29 19:15:00,0.27999999999999997,0.05714285714285714,0.26,0.5666666666666667,0.32558139534883723
2024-10-29 19:30:00,0.36,0.14285714285714285,0.4,0.21666666666666667,0.34883720930232553
2024-10-29 19:45:00,0.37142857142857144,0.12857142857142856,0.26,0.4166666666666667,0.37209302325581395
2024-10-29 20:00:00,0.3028571428571428,0.2857142857142857,0.34,0.26666666666666666,0.34883720930232553
2024-10-29 20:15:00,0.5371428571428571,0.17142857142857143,0.26,0.26666666666666666,0.4612403100775193
2024-10-29 20:30:00,0.5428571428571428,0.19999999999999998,0.32,0.4666666666666667,0.5310077519379844
2024-10-29 20:45:00,0.36,0.19999999999999998,0.32,0.3333333333333333,0.375968992248062
2024-10-29 21:00:00,0.5771428571428572,0.15714285714285714,0.34,0.45,0.5426356589147286
2024-10-29 21:15:00,0.44571428571428573,0.18571428571428572,0.18,0.5666666666666667,0.45736434108527124
2024-10-29 21:30:00,0.3485714285714286,0.19999999999999998,0.16,0.4,0.3527131782945736
2024-10-29 21:45:00,0.005714285714285717,0.014285714285714285,0.04,0.48333333333333334,0.06589147286821703
2024-10-29 22:00:00,0.034285714285714294,0.0,0.0,0.45,0.06589147286821703
2024-10-29 22:15:00,0.034285714285714294,0.02857142857142857,0.02,0.48333333333333334,0.08527131782945735
2024-10-29 22:30:00,0.017142857142857144,0.02857142857142857,0.02,0.4666666666666667,0.0697674418604651
2024-10-29 22:45:00,0.04571428571428572,0.02857142857142857,0.02,0.3833333333333333,0.0697674418604651
2024-10-29 23:00:00,0.01142857142857143,0.014285714285714285,0.02,0.3333333333333333,0.031007751937984496
2024-10-29 23:15:00,0.01142857142857143,0.02857142857142857,0.02,0.5833333333333334,0.09302325581395349
2024-10-29 23:30:00,0.0,0.02857142857142857,0.0,0.4166666666666667,0.042635658914728675
2024-10-29 23:45:00,0.02857142857142857,0.02857142857142857,0.0,0.6666666666666666,0.12015503875968991
2024-10-30 00:00:00,0.051428571428571435,0.02857142857142857,0.0,0.55,0.10852713178294573
2024-10-30 00:15:00,0.04000000000000001,0.014285714285714285,0.0,0.6333333333333333,0.11627906976744184
2024-10-30 00:30:00,0.01142857142857143,0.014285714285714285,0.0,0.45,0.054263565891472854
2024-10-30 00:45:00,0.05714285714285715,0.0,0.02,0.4666666666666667,0.08914728682170542
2024-10-30 01:00:00,0.04000000000000001,0.02857142857142857,0.02,0.5166666666666666,0.09689922480620153
2024-10-30 01:15:00,0.05714285714285715,0.0,0.04,0.35,0.06589147286821703
2024-10-30 01:30:00,0.04000000000000001,0.014285714285714285,0.0,0.6,0.10852713178294573
2024-10-30 01:45:00,0.022857142857142857,0.014285714285714285,0.02,0.43333333333333335,0.06201550387596899
2024-10-30 02:00:00,0.01142857142857143,0.02857142857142857,0.02,0.65,0.10852713178294573
2024-10-30 02:15:00,0.04571428571428572,0.02857142857142857,0.0,0.6666666666666666,0.1317829457364341
2024-10-30 02:30:00,0.051428571428571435,0.014285714285714285,0.02,0.45,0.08527131782945735
2024-10-30 02:45:00,0.022857142857142857,0.0,0.04,0.4,0.054263565891472854
2024-10-30 03:00:00,0.04571428571428572,0.0,0.0,0.6333333333333333,0.11627906976744184
2024-10-30 03:15:00,0.05714285714285715,0.02857142857142857,0.0,0.5333333333333333,0.10852713178294573
2024-10-30 03:30:00,0.005714285714285717,0.0,0.04,0.4,0.042635658914728675
2024-10-30 03:45:00,0.01142857142857143,0.0,0.04,0.5166666666666666,0.07364341085271317
2024-10-30 04:00:00,0.4514285714285714,0.11428571428571428,0.04,0.2,0.3294573643410853
2024-10-30 04:15:00,0.3771428571428571,0.0,0.08,0.3833333333333333,0.29844961240310075
2024-10-30 04:30:00,0.42857142857142855,0.11428571428571428,0.08,0.35,0.3565891472868217
2024-10-30 04:45:00,0.4114285714285714,0.14285714285714285,0.14,0.45,0.3875968992248062
2024-10-30 05:00:00,0.46285714285714286,0.12857142857142856,0.02,0.48333333333333334,0.4031007751937984
2024-10-30 05:15:00,0.3771428571428571,0.0,0.1,0.3,0.2829457364341085
2024-10-30 05:30:00,0.41714285714285715,0.08571428571428572,0.04,0.18333333333333332,0.2945736434108527
2024-10-30 05:45:00,0.44,0.3142857142857143,0.2,0.15,0.39534883720930236
2024-10-30 06:00:00,0.6228571428571429,0.19999999999999998,0.32,0.21666666666666667,0.5271317829457364
2024-10-30 06:15:00,0.6285714285714286,0.3142857142857143,0.46,0.21666666666666667,0.5891472868217054
2024-10-30 06:30:00,0.4342857142857143,0.2571428571428571,0.24,0.18333333333333332,0.3914728682170543
2024-10-30 06:45:00,0.8,0.14285714285714285,0.46,0.21666666666666667,0.6589147286821705
2024-10-30 07:00:00,0.4514285714285714,0.3,0.28,0.21666666666666667,0.43023255813953487
2024-10-30 07:15:00,0.5942857142857143,0.3857142857142857,0.26,0.23333333333333334,0.5503875968992248
2024-10-30 07:30:00,0.5599999999999999,0.32857142857142857,0.2,0.15,0.48062015503875966
2024-10-30 07:45:00,0.72,0.3857142857142857,0.4,0.15,0.6434108527131782
2024-10-30 08:00:00,0.6171428571428571,0.41428571428571426,0.24,0.25,0.5736434108527131
2024-10-30 08:15:00,0.6971428571428572,0.2571428571428571,0.4,0.11666666666666667,0.5852713178294573
2024-10-30 08:30:00,0.6857142857142857,0.34285714285714286,0.34,0.13333333333333333,0.5930232558139534
2024-10-30 08:45:00,0.4742857142857143,0.39999999999999997,0.5,0.13333333333333333,0.49612403100775193
2024-10-30 09:00:00,0.27999999999999997,0.11428571428571428,0.2,0.25,0.2558139534883721
2024-10-30 09:15:00,0.41714285714285715,0.21428571428571427,0.38,0.23333333333333334,0.40697674418604646
2024-10-30 09:30:00,0.19428571428571428,0.15714285714285714,0.32,0.26666666666666666,0.2364341085271318
2024-10-30 09:45:00,0.2914285714285714,0.12857142857142856,0.52,0.3333333333333333,0.34883720930232553
2024-10-30 10:00:00,0.15428571428571428,0.14285714285714285,0.38,0.3,0.22480620155038758
2024-10-30 10:15:00,0.37142857142857144,0.07142857142857142,0.36,0.11666666666666667,0.3062015503875969
2024-10-30 10:30:00,0.2857142857142857,0.14285714285714285,0.6,0.25,0.34496124031007747
2024-10-30 10:45:00,0.3485714285714286,0.07142857142857142,0.12,0.43333333333333335,0.3178294573643411
2024-10-30 11:00:00,0.12000000000000001,0.08571428571428572,0.02,0.5,0.1627906976744186
2024-10-30 11:15:00,0.2571428571428571,0.014285714285714285,0.26,0.48333333333333334,0.2790697674418604
2024-10-30 11:30:00,0.26857142857142857,0.09999999999999999,0.02,0.43333333333333335,0.25193798449612403
2024-10-30 11:45:00,0.10285714285714286,0.11428571428571428,0.26,0.5666666666666667,0.2209302325581395
2024-10-30 12:00:00,0.30857142857142855,0.12857142857142856,0.22,0.4666666666666667,0.33333333333333337
2024-10-30 12:15:00,0.21714285714285714,0.014285714285714285,0.12,0.4166666666666667,0.20930232558139536
2024-10-30 12:30:00,0.09142857142857143,0.11428571428571428,0.08,0.5333333333333333,0.17054263565891473
2024-10-30 12:45:00,0.10285714285714286,0.09999999999999999,0.18,0.5166666666666666,0.18992248062015502
2024-10-30 13:00:00,0.26285714285714284,0.04285714285714286,0.14,0.2833333333333333,0.2209302325581395
2024-10-30 13:15:00,0.4514285714285714,0.0,0.6,0.31666666666666665,0.43410852713178294
2024-10-30 13:30:00,0.06857142857142857,0.2714285714285714,0.06,0.16666666666666666,0.10852713178294573
2024-10-30 13:45:00,0.4228571428571428,0.12857142857142856,0.38,0.18333333333333332,0.375968992248062
2024-10-30 14:00:00,0.3485714285714286,0.2714285714285714,0.58,0.3333333333333333,0.437984496124031
2024-10-30 14:15:00,0.005714285714285717,0.17142857142857143,0.58,0.4166666666666667,0.19767441860465115
2024-10-30 14:30:00,0.32,0.09999999999999999,0.5,0.35,0.36046511627906974
2024-10-30 14:45:00,0.36,0.17142857142857143,0.1,0.18333333333333332,0.2906976744186046
2024-10-30 15:00:00,0.10285714285714286,0.18571428571428572,0.56,0.45,0.2713178294573644
2024-10-30 15:15:00,0.09714285714285716,0.2571428571428571,0.3,0.35,0.21317829457364337
2024-10-30 15:30:00,0.18857142857142856,0.18571428571428572,0.26,0.18333333333333332,0.20930232558139536
2024-10-30 15:45:00,0.8057142857142857,0.19999999999999998,0.22,0.2833333333333333,0.6472868217054263
2024-10-30 16:00:00,0.6742857142857143,0.18571428571428572,0.62,0.26666666666666666,0.627906976744186
2024-10-30 16:15:00,0.7257142857142858,0.3857142857142857,0.66,0.31666666666666665,0.7364341085271318
2024-10-30 16:30:00,0.7371428571428571,0.24285714285714285,0.26,0.3333333333333333,0.631782945736434
2024-10-30 16:45:00,0.76,0.09999999999999999,0.8,0.18333333333333332,0.6782945736434108
2024-10-30 17:00:00,0.5428571428571428,0.37142857142857144,0.34,0.31666666666666665,0.5465116279069767
2024-10-30 17:15:00,0.64,0.17142857142857143,0.72,0.25,0.6162790697674418
2024-10-30 17:30:00,0.7828571428571428,0.08571428571428572,0.56,0.25,0.6589147286821705
2024-10-30 17:45:00,0.8228571428571428,0.34285714285714286,0.72,0.2,0.7751937984496123
2024-10-30 18:00:00,0.6,0.19999999999999998,0.7000000000000001,0.18333333333333332,0.5775193798449612
2024-10-30 18:15:00,0.5714285714285714,0.07142857142857142,0.4,0.21666666666666667,0.4728682170542635
2024-10-30 18:30:00,0.49142857142857144,0.05714285714285714,0.26,0.18333333333333332,0.3798449612403101
2024-10-30 18:45:00,0.5771428571428572,0.05714285714285714,0.12,0.25,0.4263565891472868
2024-10-30 19:00:00,0.44571428571428573,0.04285714285714286,0.22,0.5166666666666666,0.4147286821705426
2024-10-30 19:15:00,0.29714285714285715,0.0,0.2,0.48333333333333334,0.2906976744186046
2024-10-30 19:30:00,0.27999999999999997,0.21428571428571427,0.36,0.36666666666666664,0.3410852713178294
2024-10-30 19:45:00,0.3485714285714286,0.12857142857142856,0.36,0.5333333333333333,0.4031007751937984
2024-10-30 20:00:00,0.2742857142857143,0.08571428571428572,0.16,0.45,0.2829457364341085
2024-10-30 20:15:00,0.5885714285714285,0.2571428571428571,0.32,0.5,0.5852713178294573
2024-10-30 20:30:00,0.49142857142857144,0.21428571428571427,0.28,0.4666666666666667,0.49224806201550386
2024-10-30 20:45:00,0.5828571428571429,0.24285714285714285,0.1,0.3333333333333333,0.49612403100775193
2024-10-30 21:00:00,0.44571428571428573,0.12857142857142856,0.38,0.23333333333333334,0.4031007751937984
2024-10-30 21:15:00,0.4742857142857143,0.08571428571428572,0.12,0.25,0.3643410852713178
2024-10-30 21:30:00,0.6,0.014285714285714285,0.34,0.3833333333333333,0.5038759689922481
2024-10-30 21:45:00,0.01142857142857143,0.02857142857142857,0.04,0.45,0.06589147286821703
2024-10-30 22:00:00,0.02857142857142857,0.02857142857142857,0.02,0.36666666666666664,0.054263565891472854
2024-10-30 22:15:00,0.034285714285714294,0.014285714285714285,0.02,0.4,0.06201550387596899
2024-10-30 22:30:00,0.005714285714285717,0.014285714285714285,0.0,0.4166666666666667,0.042635658914728675
2024-10-30 22:45:00,0.034285714285714294,0.014285714285714285,0.04,0.35,0.054263565891472854
2024-10-30 23:00:00,0.04000000000000001,0.014285714285714285,0.0,0.6,0.10852713178294573
2024-10-30 23:15:00,0.022857142857142857,0.014285714285714285,0.0,0.5166666666666666,0.07751937984496124
2024-10-30 23:30:00,0.05714285714285715,0.0,0.0,0.6333333333333333,0.12403100775193798
2024-10-30 23:45:00,0.0,0.0,0.02,0.35,0.023255813953488358
2024-10-31 00:00:00,0.02857142857142857,0.0,0.04,0.45,0.0697674418604651
2024-10-31 00:15:00,0.04571428571428572,0.02857142857142857,0.04,0.4666666666666667,0.09302325581395349
2024-10-31 00:30:00,0.02857142857142857,0.0,0.02,0.35,0.042635658914728675
2024-10-31 00:45:00,0.04571428571428572,0.02857142857142857,0.02,0.5333333333333333,0.10465116279069767
2024-10-31 01:00:00,0.04571428571428572,0.014285714285714285,0.04,0.5166666666666666,0.1007751937984496
2024-10-31 01:15:00,0.02857142857142857,0.02857142857142857,0.0,0.6166666666666667,0.10852713178294573
2024-10-31 01:30:00,0.0,0.02857142857142857,0.04,0.5666666666666667,0.08527131782945735
2024-10-31 01:45:00,0.051428571428571435,0.0,0.02,0.35,0.05813953488372092
2024-10-31 02:00:00,0.02857142857142857,0.014285714285714285,0.04,0.65,0.12015503875968991
2024-10-31 02:15:00,0.022857142857142857,0.0,0.04,0.6666666666666666,0.11627906976744184
2024-10-31 02:30:00,0.051428571428571435,0.0,0.0,0.5166666666666666,0.09302325581395349
2024-10-31 02:45:00,0.0,0.02857142857142857,0.02,0.48333333333333334,0.06201550387596899
2024-10-31 03:00:00,0.02857142857142857,0.02857142857142857,0.0,0.36666666666666664,0.05038759689922481
2024-10-31 03:15:00,0.02857142857142857,0.02857142857142857,0.04,0.5666666666666667,0.10465116279069767
2024-10-31 03:30:00,0.04000000000000001,0.02857142857142857,0.04,0.48333333333333334,0.09302325581395349
2024-10-31 03:45:00,0.01142857142857143,0.02857142857142857,0.02,0.5333333333333333,0.08139534883720931
2024-10-31 04:00:00,0.37142857142857144,0.07142857142857142,0.1,0.48333333333333334,0.3410852713178294
2024-10-31 04:15:00,0.35428571428571426,0.07142857142857142,0.12,0.31666666666666665,0.2945736434108527
2024-10-31 04:30:00,0.26857142857142857,0.08571428571428572,0.1,0.23333333333333334,0.21705426356589144
2024-10-31 04:45:00,0.30857142857142855,0.0,0.08,0.45,0.2674418604651163
2024-10-31 05:00:00,0.3485714285714286,0.014285714285714285,0.12,0.31666666666666665,0.27519379844961234
2024-10-31 05:15:00,0.3257142857142857,0.08571428571428572,0.06,0.3,0.26356589147286824
2024-10-31 05:30:00,0.38285714285714284,0.09999999999999999,0.1,0.23333333333333334,0.29844961240310075
2024-10-31 05:45:00,0.48571428571428565,0.14285714285714285,0.28,0.15,0.39534883720930236
2024-10-31 06:00:00,0.46285714285714286,0.3142857142857143,0.2,0.2,0.42248062015503873
2024-10-31 06:15:00,0.6857142857142857,0.35714285714285715,0.44,0.08333333333333333,0.6046511627906976
2024-10-31 06:30:00,0.4342857142857143,0.41428571428571426,0.48,0.25,0.49612403100775193
2024-10-31 06:45:00,0.8285714285714285,0.21428571428571427,0.44,0.2,0.689922480620155
2024-10-31 07:00:00,0.5314285714285715,0.21428571428571427,0.22,0.25,0.45736434108527124
2024-10-31 07:15:00,0.6514285714285715,0.34285714285714286,0.42,0.15,0.5891472868217054
2024-10-31 07:30:00,0.5657142857142857,0.32857142857142857,0.3,0.1,0.49224806201550386
2024-10-31 07:45:00,0.4342857142857143,0.21428571428571427,0.4,0.18333333333333332,0.4108527131782945
2024-10-31 08:00:00,0.48571428571428565,0.37142857142857144,0.5,0.11666666666666667,0.49224806201550386
2024-10-31 08:15:00,0.5028571428571429,0.37142857142857144,0.38,0.1,0.4767441860465116
2024-10-31 08:30:00,0.6,0.35714285714285715,0.26,0.15,0.5271317829457364
2024-10-31 08:45:00,0.6857142857142857,0.22857142857142856,0.3,0.16666666666666666,0.562015503875969
2024-10-31 09:00:00,0.24,0.14285714285714285,0.18,0.15,0.20930232558139536
2024-10-31 09:15:00,0.32,0.19999999999999998,0.36,0.23333333333333334,0.33333333333333337
2024-10-31 09:30:00,0.24571428571428572,0.11428571428571428,0.28,0.13333333333333333,0.2209302325581395
2024-10-31 09:45:00,0.2114285714285714,0.17142857142857143,0.12,0.2833333333333333,0.21705426356589144
2024-10-31 10:00:00,0.17714285714285713,0.09999999999999999,0.54,0.13333333333333333,0.2209302325581395
2024-10-31 10:15:00,0.14285714285714285,0.14285714285714285,0.56,0.08333333333333333,0.20155038759689922
2024-10-31 10:30:00,0.4057142857142857,0.21428571428571427,0.28,0.3333333333333333,0.4031007751937984
2024-10-31 10:45:00,0.22285714285714286,0.09999999999999999,0.12,0.5,0.2558139534883721
2024-10-31 11:00:00,0.14285714285714285,0.014285714285714285,0.24,0.48333333333333334,0.19767441860465115
2024-10-31 11:15:00,0.2914285714285714,0.09999999999999999,0.14,0.5666666666666667,0.32170542635658916
2024-10-31 11:30:00,0.35428571428571426,0.04285714285714286,0.1,0.5833333333333334,0.34496124031007747
2024-10-31 11:45:00,0.2857142857142857,0.11428571428571428,0.04,0.5,0.28682170542635654
2024-10-31 12:00:00,0.26857142857142857,0.14285714285714285,0.26,0.5833333333333334,0.34496124031007747
2024-10-31 12:15:00,0.13142857142857142,0.05714285714285714,0.0,0.5833333333333334,0.17829457364341086
2024-10-31 12:30:00,0.3657142857142857,0.0,0.26,0.4166666666666667,0.33333333333333337
2024-10-31 12:45:00,0.2114285714285714,0.12857142857142856,0.1,0.4166666666666667,0.23255813953488372
2024-10-31 13:00:00,0.5142857142857142,0.04285714285714286,0.04,0.45,0.4108527131782945
2024-10-31 13:15:00,0.22857142857142854,0.18571428571428572,0.66,0.45,0.375968992248062
2024-10-31 13:30:00,0.3657142857142857,0.07142857142857142,0.04,0.25,0.2713178294573644
2024-10-31 13:45:00,0.45714285714285713,0.2714285714285714,0.04,0.4666666666666667,0.437984496124031
2024-10-31 14:00:00,0.4685714285714286,0.21428571428571427,0.12,0.45,0.4418604651162791
2024-10-31 14:15:00,0.5428571428571428,0.18571428571428572,0.14,0.2833333333333333,0.4496124031007751
2024-10-31 14:30:00,0.0,0.2714285714285714,0.06,0.16666666666666666,0.06201550387596899
2024-10-31 14:45:00,0.2571428571428571,0.18571428571428572,0.24,0.2833333333333333,0.27519379844961234
2024-10-31 15:00:00,0.33714285714285713,0.04285714285714286,0.34,0.18333333333333332,0.28682170542635654
2024-10-31 15:15:00,0.5257142857142857,0.02857142857142857,0.1,0.3,0.3914728682170543
2024-10-31 15:30:00,0.5257142857142857,0.11428571428571428,0.6,0.45,0.5465116279069767
2024-10-31 15:45:00,0.5485714285714286,0.18571428571428572,0.62,0.31666666666666665,0.5542635658914729
2024-10-31 16:00:00,0.7657142857142857,0.41428571428571426,0.68,0.16666666666666666,0.7403100775193798
2024-10-31 16:15:00,0.7657142857142857,0.2571428571428571,0.78,0.2833333333333333,0.7441860465116279
2024-10-31 16:30:00,0.5714285714285714,0.17142857142857143,0.78,0.23333333333333334,0.5775193798449612
2024-10-31 16:45:00,0.5485714285714286,0.37142857142857144,0.5,0.3,0.5775193798449612
2024-10-31 17:00:00,0.5942857142857143,0.35714285714285715,0.72,0.18333333333333332,0.6201550387596899
2024-10-31 17:15:00,0.7428571428571429,0.2714285714285714,0.26,0.26666666666666666,0.627906976744186
2024-10-31 17:30:00,0.6457142857142857,0.2571428571428571,0.28,0.31666666666666665,0.5736434108527131
2024-10-31 17:45:00,0.5542857142857143,0.41428571428571426,0.72,0.3,0.6356589147286821
2024-10-31 18:00:00,0.7485714285714286,0.35714285714285715,0.62,0.3,0.7325581395348837
2024-10-31 18:15:00,0.6114285714285714,0.3142857142857143,0.52,0.21666666666666667,0.5891472868217054
2024-10-31 18:30:00,0.5714285714285714,0.24285714285714285,0.32,0.26666666666666666,0.5155038759689922
2024-10-31 18:45:00,0.29714285714285715,0.17142857142857143,0.24,0.5833333333333334,0.3682170542635659
2024-10-31 19:00:00,0.26857142857142857,0.2714285714285714,0.28,0.5666666666666667,0.3798449612403101
2024-10-31 19:15:00,0.35428571428571426,0.08571428571428572,0.22,0.2833333333333333,0.31007751937984496
2024-10-31 19:30:00,0.33714285714285713,0.08571428571428572,0.24,0.5333333333333333,0.36046511627906974
2024-10-31 19:45:00,0.5828571428571429,0.08571428571428572,0.24,0.5333333333333333,0.5271317829457364
2024-10-31 20:00:00,0.4685714285714286,0.09999999999999999,0.1,0.18333333333333332,0.34496124031007747
2024-10-31 20:15:00,0.3771428571428571,0.11428571428571428,0.26,0.4666666666666667,0.38372093023255816
2024-10-31 20:30:00,0.49142857142857144,0.08571428571428572,0.14,0.5833333333333334,0.45736434108527124
2024-10-31 20:45:00,0.44,0.04285714285714286,0.32,0.4,0.4031007751937984
2024-10-31 21:00:00,0.5314285714285715,0.22857142857142856,0.16,0.5166666666666666,0.5116279069767441
2024-10-31 21:15:00,0.4514285714285714,0.07142857142857142,0.12,0.5833333333333334,0.42248062015503873
2024-10-31 21:30:00,0.5314285714285715,0.2571428571428571,0.16,0.3,0.46899224806201545
2024-10-31 21:45:00,0.0,0.014285714285714285,0.02,0.4666666666666667,0.054263565891472854
2024-10-31 22:00:00,0.005714285714285717,0.02857142857142857,0.0,0.5166666666666666,0.0697674418604651
2024-10-31 22:15:00,0.01142857142857143,0.014285714285714285,0.0,0.5166666666666666,0.0697674418604651
2024-10-31 22:30:00,0.034285714285714294,0.014285714285714285,0.0,0.5,0.08139534883720931
2024-10-31 22:45:00,0.04000000000000001,0.014285714285714285,0.04,0.43333333333333335,0.07751937984496124
2024-10-31 23:00:00,0.034285714285714294,0.0,0.0,0.5666666666666667,0.09302325581395349
2024-10-31 23:15:00,0.005714285714285717,0.02857142857142857,0.02,0.48333333333333334,0.06589147286821703
2024-10-31 23:30:00,0.005714285714285717,0.0,0.0,0.6,0.08139534883720931
2024-10-31 23:45:00,0.022857142857142857,0.014285714285714285,0.02,0.6333333333333333,0.10852713178294573
2024-11-01 00:00:00,0.04571428571428572,0.02857142857142857,0.0,0.5,0.09302325581395349
2024-11-01 00:15:00,0.034285714285714294,0.014285714285714285,0.02,0.65,0.12015503875968991
2024-11-01 00:30:00,0.05714285714285715,0.0,0.02,0.5666666666666667,0.1124031007751938
2024-11-01 00:45:00,0.04571428571428572,0.014285714285714285,0.0,0.6166666666666667,0.11627906976744184
2024-11-01 01:00:00,0.04571428571428572,0.0,0.0,0.5333333333333333,0.09302325581395349
2024-11-01 01:15:00,0.0,0.014285714285714285,0.02,0.45,0.05038759689922481
2024-11-01 01:30:00,0.04571428571428572,0.014285714285714285,0.04,0.45,0.08527131782945735
2024-11-01 01:45:00,0.05714285714285715,0.014285714285714285,0.0,0.45,0.08527131782945735
2024-11-01 02:00:00,0.02857142857142857,0.014285714285714285,0.0,0.36666666666666664,0.046511627906976744
2024-11-01 02:15:00,0.05714285714285715,0.02857142857142857,0.04,0.65,0.1434108527131783
2024-11-01 02:30:00,0.01142857142857143,0.02857142857142857,0.04,0.5,0.07751937984496124
2024-11-01 02:45:00,0.0,0.0,0.0,0.5833333333333334,0.07364341085271317
2024-11-01 03:00:00,0.05714285714285715,0.014285714285714285,0.02,0.6166666666666667,0.12790697674418602
2024-11-01 03:15:00,0.0,0.0,0.02,0.36666666666666664,0.027131782945736427
2024-11-01 03:30:00,0.01142857142857143,0.02857142857142857,0.02,0.3833333333333333,0.046511627906976744
2024-11-01 03:45:00,0.05714285714285715,0.014285714285714285,0.0,0.4666666666666667,0.08914728682170542
2024-11-01 04:00:00,0.4742857142857143,0.014285714285714285,0.06,0.2833333333333333,0.3410852713178294
2024-11-01 04:15:00,0.37142857142857144,0.11428571428571428,0.12,0.21666666666666667,0.2945736434108527
2024-11-01 04:30:00,0.3771428571428571,0.05714285714285714,0.1,0.3833333333333333,0.3178294573643411
2024-11-01 04:45:00,0.38285714285714284,0.12857142857142856,0.02,0.43333333333333335,0.33720930232558133
2024-11-01 05:00:00,0.30857142857142855,0.02857142857142857,0.0,0.2,0.20155038759689922
2024-11-01 05:15:00,0.26857142857142857,0.09999999999999999,0.0,0.21666666666666667,0.19767441860465115
2024-11-01 05:30:00,0.27999999999999997,0.09999999999999999,0.04,0.5,0.2790697674418604
2024-11-01 05:45:00,0.44,0.42857142857142855,0.42,0.16666666666666666,0.4728682170542635
2024-11-01 06:00:00,0.6799999999999999,0.3857142857142857,0.5,0.25,0.6589147286821705
2024-11-01 06:15:00,0.7885714285714286,0.3142857142857143,0.42,0.08333333333333333,0.6589147286821705
2024-11-01 06:30:00,0.5828571428571429,0.3,0.3,0.18333333333333332,0.5155038759689922
2024-11-01 06:45:00,0.5142857142857142,0.42857142857142855,0.48,0.1,0.5193798449612402
2024-11-01 07:00:00,0.5771428571428572,0.41428571428571426,0.46,0.18333333333333332,0.5736434108527131
2024-11-01 07:15:00,0.8,0.3142857142857143,0.48,0.23333333333333334,0.7131782945736433
2024-11-01 07:30:00,0.6057142857142856,0.24285714285714285,0.3,0.2,0.5193798449612402
2024-11-01 07:45:00,0.7828571428571428,0.18571428571428572,0.28,0.1,0.5968992248062015
2024-11-01 08:00:00,0.6114285714285714,0.3142857142857143,0.34,0.25,0.562015503875969
2024-11-01 08:15:00,0.7371428571428571,0.3857142857142857,0.38,0.13333333333333333,0.6472868217054263
2024-11-01 08:30:00,0.46285714285714286,0.21428571428571427,0.46,0.1,0.42248062015503873
2024-11-01 08:45:00,0.5599999999999999,0.2714285714285714,0.3,0.15,0.4844961240310077
2024-11-01 09:00:00,0.2857142857142857,0.15714285714285714,0.5,0.23333333333333334,0.32558139534883723
2024-11-01 09:15:00,0.3257142857142857,0.11428571428571428,0.42,0.16666666666666666,0.31007751937984496
2024-11-01 09:30:00,0.2057142857142857,0.11428571428571428,0.1,0.2833333333333333,0.19379844961240308
2024-11-01 09:45:00,0.3028571428571428,0.14285714285714285,0.28,0.11666666666666667,0.26356589147286824
2024-11-01 10:00:00,0.41714285714285715,0.19999999999999998,0.26,0.11666666666666667,0.3527131782945736
2024-11-01 10:15:00,0.25142857142857145,0.17142857142857143,0.26,0.2,0.25193798449612403
2024-11-01 10:30:00,0.3314285714285714,0.14285714285714285,0.2,0.3333333333333333,0.3178294573643411
2024-11-01 10:45:00,0.22857142857142854,0.0,0.24,0.5,0.2558139534883721
2024-11-01 11:00:00,0.3657142857142857,0.09999999999999999,0.12,0.45,0.3410852713178294
2024-11-01 11:15:00,0.2571428571428571,0.08571428571428572,0.2,0.5833333333333334,0.31007751937984496
2024-11-01 11:30:00,0.3485714285714286,0.08571428571428572,0.24,0.4166666666666667,0.3410852713178294
2024-11-01 11:45:00,0.24,0.14285714285714285,0.04,0.5666666666666667,0.2790697674418604
2024-11-01 12:00:00,0.32,0.02857142857142857,0.18,0.45,0.3023255813953488
2024-11-01 12:15:00,0.29714285714285715,0.14285714285714285,0.0,0.45,0.2829457364341085
2024-11-01 12:30:00,0.12000000000000001,0.04285714285714286,0.06,0.48333333333333334,0.15503875968992248
2024-11-01 12:45:00,0.14285714285714285,0.05714285714285714,0.04,0.5333333333333333,0.18217054263565893
2024-11-01 13:00:00,0.022857142857142857,0.18571428571428572,0.04,0.31666666666666665,0.08527131782945735
2024-11-01 13:15:00,0.23428571428571426,0.14285714285714285,0.68,0.35,0.34883720930232553
2024-11-01 13:30:00,0.034285714285714294,0.22857142857142856,0.56,0.3833333333333333,0.2209302325581395
2024-11-01 13:45:00,0.52,0.014285714285714285,0.1,0.4166666666666667,0.4108527131782945
2024-11-01 14:00:00,0.13714285714285712,0.17142857142857143,0.36,0.3,0.21705426356589144
2024-11-01 14:15:00,0.2571428571428571,0.11428571428571428,0.68,0.43333333333333335,0.375968992248062
2024-11-01 14:30:00,0.45714285714285713,0.09999999999999999,0.1,0.3333333333333333,0.37209302325581395
2024-11-01 14:45:00,0.4114285714285714,0.17142857142857143,0.44,0.3833333333333333,0.437984496124031
2024-11-01 15:00:00,0.06285714285714286,0.05714285714285714,0.04,0.23333333333333334,0.05813953488372092
2024-11-01 15:15:00,0.18857142857142856,0.24285714285714285,0.1,0.23333333333333334,0.2054263565891473
2024-11-01 15:30:00,0.034285714285714294,0.14285714285714285,0.46,0.2833333333333333,0.15503875968992248
2024-11-01 15:45:00,0.6514285714285715,0.2571428571428571,0.34,0.23333333333333334,0.5697674418604651
2024-11-01 16:00:00,0.6057142857142856,0.11428571428571428,0.74,0.16666666666666666,0.562015503875969
2024-11-01 16:15:00,0.6457142857142857,0.14285714285714285,0.26,0.26666666666666666,0.5271317829457364
2024-11-01 16:30:00,0.6514285714285715,0.18571428571428572,0.56,0.21666666666666667,0.5891472868217054
2024-11-01 16:45:00,0.7942857142857143,0.2571428571428571,0.56,0.21666666666666667,0.7054263565891472
2024-11-01 17:00:00,0.7314285714285714,0.41428571428571426,0.28,0.18333333333333332,0.6434108527131782
2024-11-01 17:15:00,0.7371428571428571,0.07142857142857142,0.42,0.25,0.5968992248062015
2024-11-01 17:30:00,0.7714285714285715,0.2857142857142857,0.54,0.21666666666666667,0.6937984496124031
2024-11-01 17:45:00,0.6342857142857142,0.3857142857142857,0.68,0.3333333333333333,0.6821705426356589
2024-11-01 18:00:00,0.6628571428571428,0.21428571428571427,0.38,0.3333333333333333,0.5968992248062015
2024-11-01 18:15:00,0.6742857142857143,0.42857142857142855,0.64,0.2,0.6821705426356589
2024-11-01 18:30:00,0.3257142857142857,0.0,0.38,0.5666666666666667,0.3643410852713178
2024-11-01 18:45:00,0.49142857142857144,0.24285714285714285,0.28,0.25,0.4496124031007751
2024-11-01 19:00:00,0.5828571428571429,0.2857142857142857,0.4,0.31666666666666665,0.562015503875969
2024-11-01 19:15:00,0.39999999999999997,0.19999999999999998,0.1,0.5833333333333334,0.41860465116279066
2024-11-01 19:30:00,0.52,0.04285714285714286,0.2,0.55,0.46899224806201545
2024-11-01 19:45:00,0.3485714285714286,0.02857142857142857,0.22,0.4,0.3178294573643411
2024-11-01 20:00:00,0.48,0.21428571428571427,0.26,0.5166666666666666,0.49224806201550386
2024-11-01 20:15:00,0.3657142857142857,0.18571428571428572,0.14,0.36666666666666664,0.34883720930232553
2024-11-01 20:30:00,0.5942857142857143,0.22857142857142856,0.38,0.21666666666666667,0.5271317829457364
2024-11-01 20:45:00,0.27999999999999997,0.0,0.4,0.18333333333333332,0.24806201550387594
2024-11-01 21:00:00,0.4228571428571428,0.0,0.16,0.4166666666666667,0.3527131782945736
2024-11-01 21:15:00,0.41714285714285715,0.24285714285714285,0.4,0.18333333333333332,0.40697674418604646
2024-11-01 21:30:00,0.5028571428571429,0.0,0.2,0.3,0.3875968992248062
2024-11-01 21:45:00,0.022857142857142857,0.014285714285714285,0.02,0.6,0.1007751937984496
2024-11-01 22:00:00,0.04571428571428572,0.0,0.0,0.48333333333333334,0.08139534883720931
2024-11-01 22:15:00,0.04571428571428572,0.02857142857142857,0.02,0.4666666666666667,0.08914728682170542
2024-11-01 22:30:00,0.051428571428571435,0.0,0.0,0.6666666666666666,0.12790697674418602
2024-11-01 22:45:00,0.034285714285714294,0.014285714285714285,0.02,0.5833333333333334,0.10465116279069767
2024-11-01 23:00:00,0.034285714285714294,0.02857142857142857,0.02,0.6333333333333333,0.12015503875968991
2024-11-01 23:15:00,0.05714285714285715,0.014285714285714285,0.04,0.5833333333333334,0.12403100775193798
2024-11-01 23:30:00,0.01142857142857143,0.014285714285714285,0.0,0.6333333333333333,0.09689922480620153
2024-11-01 23:45:00,0.02857142857142857,0.0,0.0,0.5333333333333333,0.08139534883720931
2024-11-02 00:00:00,0.005714285714285717,0.02857142857142857,0.02,0.5833333333333334,0.08914728682170542
2024-11-02 00:15:00,0.04571428571428572,0.02857142857142857,0.02,0.55,0.10852713178294573
2024-11-02 00:30:00,0.017142857142857144,0.0,0.0,0.65,0.1007751937984496
2024-11-02 00:45:00,0.022857142857142857,0.0,0.0,0.5833333333333334,0.08914728682170542
2024-11-02 01:00:00,0.005714285714285717,0.02857142857142857,0.04,0.5833333333333334,0.09302325581395349
2024-11-02 01:15:00,0.04571428571428572,0.02857142857142857,0.02,0.4166666666666667,0.07751937984496124
2024-11-02 01:30:00,0.04000000000000001,0.0,0.0,0.55,0.09302325581395349
2024-11-02 01:45:00,0.04000000000000001,0.014285714285714285,0.02,0.55,0.1007751937984496
2024-11-02 02:00:00,0.034285714285714294,0.02857142857142857,0.0,0.3333333333333333,0.046511627906976744
2024-11-02 02:15:00,0.034285714285714294,0.02857142857142857,0.04,0.45,0.08139534883720931
2024-11-02 02:30:00,0.022857142857142857,0.014285714285714285,0.0,0.43333333333333335,0.05813953488372092
2024-11-02 02:45:00,0.04000000000000001,0.02857142857142857,0.0,0.55,0.1007751937984496
2024-11-02 03:00:00,0.034285714285714294,0.0,0.02,0.6666666666666666,0.12015503875968991
2024-11-02 03:15:00,0.017142857142857144,0.02857142857142857,0.04,0.3833333333333333,0.054263565891472854
2024-11-02 03:30:00,0.005714285714285717,0.02857142857142857,0.02,0.5333333333333333,0.07751937984496124
2024-11-02 03:45:00,0.017142857142857144,0.014285714285714285,0.04,0.5166666666666666,0.08139534883720931
2024-11-02 04:00:00,0.2571428571428571,0.12857142857142856,0.08,0.2,0.20930232558139536
2024-11-02 04:15:00,0.48571428571428565,0.0,0.08,0.35,0.3643410852713178
2024-11-02 04:30:00,0.26285714285714284,0.09999999999999999,0.1,0.18333333333333332,0.2054263565891473
2024-11-02 04:45:00,0.44571428571428573,0.0,0.08,0.21666666666666667,0.3062015503875969
2024-11-02 05:00:00,0.46285714285714286,0.07142857142857142,0.0,0.35,0.3527131782945736
2024-11-02 05:15:00,0.4057142857142857,0.0,0.06,0.36666666666666664,0.31007751937984496
2024-11-02 05:30:00,0.38285714285714284,0.05714285714285714,0.1,0.26666666666666666,0.2945736434108527
2024-11-02 05:45:00,0.5485714285714286,0.2857142857142857,0.36,0.21666666666666667,0.507751937984496
2024-11-02 06:00:00,0.7657142857142857,0.18571428571428572,0.42,0.13333333333333333,0.6201550387596899
2024-11-02 06:15:00,0.6171428571428571,0.3857142857142857,0.24,0.13333333333333333,0.5387596899224806
2024-11-02 06:30:00,0.6857142857142857,0.37142857142857144,0.24,0.25,0.6085271317829457
2024-11-02 06:45:00,0.7142857142857143,0.2571428571428571,0.34,0.21666666666666667,0.6085271317829457
2024-11-02 07:00:00,0.7085714285714285,0.24285714285714285,0.42,0.08333333333333333,0.5852713178294573
2024-11-02 07:15:00,0.5657142857142857,0.39999999999999997,0.2,0.13333333333333333,0.5
2024-11-02 07:30:00,0.45714285714285713,0.3857142857142857,0.42,0.21666666666666667,0.4844961240310077
2024-11-02 07:45:00,0.5142857142857142,0.17142857142857143,0.5,0.25,0.4883720930232558
2024-11-02 08:00:00,0.5714285714285714,0.2857142857142857,0.22,0.13333333333333333,0.4767441860465116
2024-11-02 08:15:00,0.7085714285714285,0.3857142857142857,0.42,0.15,0.6395348837209301
2024-11-02 08:30:00,0.6685714285714286,0.37142857142857144,0.42,0.16666666666666666,0.6124031007751938
2024-11-02 08:45:00,0.42857142857142855,0.19999999999999998,0.44,0.1,0.3914728682170543
2024-11-02 09:00:00,0.35428571428571426,0.11428571428571428,0.5,0.3333333333333333,0.38372093023255816
2024-11-02 09:15:00,0.3942857142857143,0.09999999999999999,0.34,0.16666666666666666,0.33720930232558133
2024-11-02 09:30:00,0.14285714285714285,0.11428571428571428,0.5,0.16666666666666666,0.20155038759689922
2024-11-02 09:45:00,0.3028571428571428,0.11428571428571428,0.46,0.31666666666666665,0.33720930232558133
2024-11-02 10:00:00,0.29714285714285715,0.18571428571428572,0.2,0.15,0.26356589147286824
2024-11-02 10:15:00,0.2857142857142857,0.17142857142857143,0.6,0.08333333333333333,0.313953488372093
2024-11-02 10:30:00,0.22285714285714286,0.07142857142857142,0.22,0.3,0.2209302325581395
2024-11-02 10:45:00,0.30857142857142855,0.07142857142857142,0.2,0.5166666666666666,0.32558139534883723
2024-11-02 11:00:00,0.29714285714285715,0.014285714285714285,0.24,0.4666666666666667,0.29844961240310075
2024-11-02 11:15:00,0.35428571428571426,0.08571428571428572,0.12,0.48333333333333334,0.33720930232558133
2024-11-02 11:30:00,0.23428571428571426,0.08571428571428572,0.22,0.5833333333333334,0.29844961240310075
2024-11-02 11:45:00,0.19428571428571428,0.07142857142857142,0.2,0.45,0.23255813953488372
2024-11-02 12:00:00,0.19428571428571428,0.11428571428571428,0.1,0.5333333333333333,0.24418604651162792
2024-11-02 12:15:00,0.08571428571428572,0.05714285714285714,0.18,0.5166666666666666,0.16666666666666666
2024-11-02 12:30:00,0.37142857142857144,0.014285714285714285,0.16,0.4166666666666667,0.32170542635658916
2024-11-02 12:45:00,0.14857142857142855,0.11428571428571428,0.26,0.4166666666666667,0.21705426356589144
2024-11-02 13:00:00,0.02857142857142857,0.05714285714285714,0.06,0.3,0.054263565891472854
2024-11-02 13:15:00,0.2857142857142857,0.09999999999999999,0.48,0.25,0.31007751937984496
2024-11-02 13:30:00,0.38285714285714284,0.17142857142857143,0.36,0.3833333333333333,0.4031007751937984
2024-11-02 13:45:00,0.18857142857142856,0.09999999999999999,0.54,0.21666666666666667,0.24806201550387594
2024-11-02 14:00:00,0.4228571428571428,0.17142857142857143,0.44,0.23333333333333334,0.4108527131782945
2024-11-02 14:15:00,0.19999999999999998,0.12857142857142856,0.12,0.16666666666666666,0.17054263565891473
2024-11-02 14:30:00,0.13142857142857142,0.02857142857142857,0.02,0.18333333333333332,0.08139534883720931
2024-11-02 14:45:00,0.5371428571428571,0.08571428571428572,0.2,0.3833333333333333,0.4534883720930232
2024-11-02 15:00:00,0.22285714285714286,0.2714285714285714,0.56,0.43333333333333335,0.37209302325581395
2024-11-02 15:15:00,0.49142857142857144,0.0,0.22,0.4166666666666667,0.4108527131782945
2024-11-02 15:30:00,0.13142857142857142,0.21428571428571427,0.34,0.3333333333333333,0.22868217054263565
2024-11-02 15:45:00,0.6057142857142856,0.3857142857142857,0.4,0.3333333333333333,0.6085271317829457
2024-11-02 16:00:00,0.6171428571428571,0.14285714285714285,0.66,0.16666666666666666,0.562015503875969
2024-11-02 16:15:00,0.6514285714285715,0.3857142857142857,0.34,0.2833333333333333,0.6162790697674418
2024-11-02 16:30:00,0.8057142857142857,0.39999999999999997,0.24,0.18333333333333332,0.6821705426356589
2024-11-02 16:45:00,0.6971428571428572,0.42857142857142855,0.4,0.21666666666666667,0.6550387596899224
2024-11-02 17:00:00,0.76,0.14285714285714285,0.2,0.3333333333333333,0.6085271317829457
2024-11-02 17:15:00,0.5828571428571429,0.3857142857142857,0.38,0.3,0.5813953488372092
2024-11-02 17:30:00,0.5542857142857143,0.19999999999999998,0.32,0.3333333333333333,0.507751937984496
2024-11-02 17:45:00,0.6857142857142857,0.41428571428571426,0.24,0.23333333333333334,0.6162790697674418
2024-11-02 18:00:00,0.6114285714285714,0.17142857142857143,0.6,0.16666666666666666,0.5542635658914729
2024-11-02 18:15:00,0.6742857142857143,0.2714285714285714,0.28,0.31666666666666665,0.5968992248062015
2024-11-02 18:30:00,0.5771428571428572,0.2714285714285714,0.14,0.25,0.4883720930232558
2024-11-02 18:45:00,0.4057142857142857,0.22857142857142856,0.26,0.3333333333333333,0.4031007751937984
2024-11-02 19:00:00,0.34285714285714286,0.07142857142857142,0.12,0.31666666666666665,0.28682170542635654
2024-11-02 19:15:00,0.30857142857142855,0.2571428571428571,0.16,0.4,0.3410852713178294
2024-11-02 19:30:00,0.5371428571428571,0.0,0.1,0.5,0.437984496124031
2024-11-02 19:45:00,0.3942857142857143,0.014285714285714285,0.16,0.4166666666666667,0.33720930232558133
2024-11-02 20:00:00,0.5714285714285714,0.22857142857142856,0.3,0.55,0.5736434108527131
2024-11-02 20:15:00,0.29714285714285715,0.11428571428571428,0.22,0.26666666666666666,0.27519379844961234
2024-11-02 20:30:00,0.5428571428571428,0.22857142857142856,0.26,0.3333333333333333,0.49612403100775193
2024-11-02 20:45:00,0.49142857142857144,0.22857142857142856,0.32,0.36666666666666664,0.48062015503875966
2024-11-02 21:00:00,0.3771428571428571,0.05714285714285714,0.3,0.5666666666666667,0.3992248062015503
2024-11-02 21:15:00,0.37142857142857144,0.17142857142857143,0.38,0.25,0.3682170542635659
2024-11-02 21:30:00,0.36,0.0,0.14,0.23333333333333334,0.26356589147286824
2024-11-02 21:45:00,0.04000000000000001,0.014285714285714285,0.02,0.5,0.08914728682170542
2024-11-02 22:00:00,0.051428571428571435,0.014285714285714285,0.02,0.5833333333333334,0.11627906976744184
2024-11-02 22:15:00,0.017142857142857144,0.0,0.02,0.4166666666666667,0.05038759689922481
2024-11-02 22:30:00,0.01142857142857143,0.02857142857142857,0.04,0.3333333333333333,0.038759689922480606
2024-11-02 22:45:00,0.017142857142857144,0.0,0.02,0.5,0.0697674418604651
2024-11-02 23:00:00,0.04571428571428572,0.0,0.02,0.5,0.08914728682170542
2024-11-02 23:15:00,0.05714285714285715,0.014285714285714285,0.04,0.5,0.10465116279069767
2024-11-02 23:30:00,0.022857142857142857,0.014285714285714285,0.02,0.5333333333333333,0.08527131782945735
2024-11-02 23:45:00,0.0,0.014285714285714285,0.0,0.6,0.08139534883720931
2024-11-03 00:00:00,0.04571428571428572,0.014285714285714285,0.0,0.6166666666666667,0.11627906976744184
2024-11-03 00:15:00,0.051428571428571435,0.0,0.04,0.5,0.09689922480620153
2024-11-03 00:30:00,0.04571428571428572,0.014285714285714285,0.04,0.43333333333333335,0.08139534883720931
2024-11-03 00:45:00,0.017142857142857144,0.0,0.02,0.5333333333333333,0.07751937984496124
2024-11-03 01:00:00,0.02857142857142857,0.0,0.02,0.6166666666666667,0.10465116279069767
2024-11-03 01:15:00,0.05714285714285715,0.014285714285714285,0.0,0.45,0.08527131782945735
2024-11-03 01:30:00,0.01142857142857143,0.02857142857142857,0.04,0.6666666666666666,0.11627906976744184
2024-11-03 01:45:00,0.04000000000000001,0.0,0.0,0.5333333333333333,0.08914728682170542
2024-11-03 02:00:00,0.051428571428571435,0.014285714285714285,0.02,0.35,0.06201550387596899
2024-11-03 02:15:00,0.0,0.014285714285714285,0.04,0.5,0.06589147286821703
2024-11-03 02:30:00,0.017142857142857144,0.014285714285714285,0.0,0.4,0.046511627906976744
2024-11-03 02:45:00,0.05714285714285715,0.0,0.0,0.45,0.08139534883720931
2024-11-03 03:00:00,0.051428571428571435,0.014285714285714285,0.02,0.43333333333333335,0.08139534883720931
2024-11-03 03:15:00,0.04000000000000001,0.014285714285714285,0.04,0.6,0.11627906976744184
2024-11-03 03:30:00,0.04571428571428572,0.014285714285714285,0.02,0.4166666666666667,0.07364341085271317
2024-11-03 03:45:00,0.051428571428571435,0.02857142857142857,0.0,0.6333333333333333,0.12790697674418602
2024-11-03 04:00:00,0.21714285714285714,0.11428571428571428,0.0,0.4666666666666667,0.22480620155038758
2024-11-03 04:15:00,0.12000000000000001,0.014285714285714285,0.04,0.5666666666666667,0.1627906976744186
2024-11-03 04:30:00,0.25142857142857145,0.014285714285714285,0.1,0.5333333333333333,0.2558139534883721
2024-11-03 04:45:00,0.34285714285714286,0.12857142857142856,0.04,0.8833333333333333,0.41860465116279066
2024-11-03 05:00:00,0.23428571428571426,0.05714285714285714,0.04,0.9833333333333333,0.34883720930232553
2024-11-03 05:15:00,0.4228571428571428,0.05714285714285714,0.06,0.43333333333333335,0.3527131782945736
2024-11-03 05:30:00,0.15428571428571428,0.12857142857142856,0.08,0.9666666666666667,0.3178294573643411
2024-11-03 05:45:00,0.29714285714285715,0.04285714285714286,0.06,0.6333333333333333,0.31007751937984496
2024-11-03 06:00:00,0.38857142857142857,0.05714285714285714,0.0,0.65,0.3682170542635659
2024-11-03 06:15:00,0.13714285714285712,0.014285714285714285,0.0,0.65,0.18604651162790695
2024-11-03 06:30:00,0.4228571428571428,0.14285714285714285,0.02,0.4666666666666667,0.375968992248062
2024-11-03 06:45:00,0.30857142857142855,0.11428571428571428,0.1,0.7333333333333333,0.3682170542635659
2024-11-03 07:00:00,0.3771428571428571,0.014285714285714285,0.08,0.7333333333333333,0.38372093023255816
2024-11-03 07:15:00,0.2571428571428571,0.14285714285714285,0.04,0.9333333333333333,0.375968992248062
2024-11-03 07:30:00,0.3257142857142857,0.09999999999999999,0.04,0.5833333333333334,0.3294573643410853
2024-11-03 07:45:00,0.38285714285714284,0.0,0.08,0.45,0.3178294573643411
2024-11-03 08:00:00,0.27999999999999997,0.14285714285714285,0.1,0.5666666666666667,0.3178294573643411
2024-11-03 08:15:00,0.14857142857142855,0.04285714285714286,0.06,0.43333333333333335,0.1627906976744186
2024-11-03 08:30:00,0.38285714285714284,0.08571428571428572,0.08,0.6,0.375968992248062
2024-11-03 08:45:00,0.36,0.08571428571428572,0.02,0.4666666666666667,0.3178294573643411
2024-11-03 09:00:00,0.6342857142857142,0.4857142857142857,0.1,0.11666666666666667,0.5465116279069767
2024-11-03 09:15:00,0.8228571428571428,0.5285714285714286,0.28,0.16666666666666666,0.7325581395348837
2024-11-03 09:30:00,0.7885714285714286,0.6857142857142857,0.38,0.08333333333333333,0.751937984496124
2024-11-03 09:45:00,0.7885714285714286,0.3,0.12,0.1,0.6007751937984496
2024-11-03 10:00:00,0.5428571428571428,0.37142857142857144,0.28,0.1,0.4844961240310077
2024-11-03 10:15:00,0.7657142857142857,0.42857142857142855,0.26,0.16666666666666666,0.6627906976744186
2024-11-03 10:30:00,0.5599999999999999,0.32857142857142857,0.12,0.11666666666666667,0.45736434108527124
2024-11-03 10:45:00,0.7485714285714286,0.5428571428571428,0.26,0.1,0.6666666666666666
2024-11-03 11:00:00,0.5485714285714286,0.6,0.26,0.1,0.5465116279069767
2024-11-03 11:15:00,0.7942857142857143,0.6142857142857142,0.26,0.13333333333333333,0.7248062015503876
2024-11-03 11:30:00,0.5485714285714286,0.4857142857142857,0.24,0.11666666666666667,0.5155038759689922
2024-11-03 11:45:00,0.5942857142857143,0.44285714285714284,0.16,0.13333333333333333,0.5232558139534883
2024-11-03 12:00:00,0.6857142857142857,0.3142857142857143,0.36,0.13333333333333333,0.5891472868217054
2024-11-03 12:15:00,0.5885714285714285,0.39999999999999997,0.32,0.15,0.5426356589147286
2024-11-03 12:30:00,0.8114285714285714,0.5,0.38,0.13333333333333333,0.7286821705426356
2024-11-03 12:45:00,0.7028571428571428,0.7,0.14,0.15,0.6666666666666666
2024-11-03 13:00:00,0.7142857142857143,0.6142857142857142,0.3,0.1,0.6705426356589147
2024-11-03 13:15:00,0.5542857142857143,0.32857142857142857,0.16,0.1,0.45736434108527124
2024-11-03 13:30:00,0.6171428571428571,0.5428571428571428,0.34,0.16666666666666666,0.6085271317829457
2024-11-03 13:45:00,0.8114285714285714,0.5428571428571428,0.1,0.13333333333333333,0.686046511627907
2024-11-03 14:00:00,0.5942857142857143,0.42857142857142855,0.14,0.15,0.5193798449612402
2024-11-03 14:15:00,0.6742857142857143,0.41428571428571426,0.32,0.16666666666666666,0.6085271317829457
2024-11-03 14:30:00,0.6628571428571428,0.5857142857142857,0.28,0.08333333333333333,0.6201550387596899
2024-11-03 14:45:00,0.7485714285714286,0.6571428571428571,0.18,0.16666666666666666,0.6976744186046511
2024-11-03 15:00:00,0.3028571428571428,0.19999999999999998,0.28,0.25,0.31007751937984496
2024-11-03 15:15:00,0.3257142857142857,0.08571428571428572,0.14,0.2,0.2558139534883721
2024-11-03 15:30:00,0.3257142857142857,0.09999999999999999,0.18,0.11666666666666667,0.24806201550387594
2024-11-03 15:45:00,0.2857142857142857,0.08571428571428572,0.04,0.3,0.23255813953488372
2024-11-03 16:00:00,0.4685714285714286,0.21428571428571427,0.3,0.26666666666666666,0.43410852713178294
2024-11-03 16:15:00,0.3257142857142857,0.07142857142857142,0.28,0.15,0.2674418604651163
2024-11-03 16:30:00,0.44,0.07142857142857142,0.1,0.08333333333333333,0.2945736434108527
2024-11-03 16:45:00,0.36,0.07142857142857142,0.0,0.26666666666666666,0.26356589147286824
2024-11-03 17:00:00,0.3485714285714286,0.15714285714285714,0.18,0.08333333333333333,0.2713178294573644
2024-11-03 17:15:00,0.4057142857142857,0.19999999999999998,0.3,0.18333333333333332,0.3682170542635659
2024-11-03 17:30:00,0.48,0.11428571428571428,0.08,0.25,0.3682170542635659
2024-11-03 17:45:00,0.4342857142857143,0.18571428571428572,0.0,0.23333333333333334,0.33720930232558133
2024-11-03 18:00:00,0.2914285714285714,0.07142857142857142,0.18,0.2833333333333333,0.2558139534883721
2024-11-03 18:15:00,0.26857142857142857,0.08571428571428572,0.1,0.1,0.18604651162790695
2024-11-03 18:30:00,0.42857142857142855,0.08571428571428572,0.28,0.21666666666666667,0.3565891472868217
2024-11-03 18:45:00,0.4342857142857143,0.21428571428571427,0.22,0.3333333333333333,0.4108527131782945
2024-11-03 19:00:00,0.18285714285714286,0.02857142857142857,0.08,0.5166666666666666,0.2054263565891473
2024-11-03 19:15:00,0.10857142857142858,0.014285714285714285,0.06,0.5833333333333334,0.1627906976744186
2024-11-03 19:30:00,0.12000000000000001,0.02857142857142857,0.08,0.5833333333333334,0.17829457364341086
2024-11-03 19:45:00,0.13142857142857142,0.02857142857142857,0.04,0.6833333333333333,0.20155038759689922
2024-11-03 20:00:00,0.25142857142857145,0.014285714285714285,0.1,0.5666666666666667,0.26356589147286824
2024-11-03 20:15:00,0.18857142857142856,0.014285714285714285,0.04,0.6666666666666666,0.23255813953488372
2024-11-03 20:30:00,0.08571428571428572,0.04285714285714286,0.08,0.6666666666666666,0.17829457364341086
2024-11-03 20:45:00,0.13142857142857142,0.0,0.06,0.7,0.20155038759689922
2024-11-03 21:00:00,0.1257142857142857,0.07142857142857142,0.02,0.4166666666666667,0.1434108527131783
2024-11-03 21:15:00,0.13142857142857142,0.02857142857142857,0.08,0.7333333333333333,0.2209302325581395
2024-11-03 21:30:00,0.09142857142857143,0.05714285714285714,0.1,0.5166666666666666,0.15503875968992248
2024-11-03 21:45:00,0.0,0.014285714285714285,0.04,0.55,0.07751937984496124
2024-11-03 22:00:00,0.01142857142857143,0.014285714285714285,0.0,0.36666666666666664,0.03488372093023255
2024-11-03 22:15:00,0.04571428571428572,0.0,0.04,0.48333333333333334,0.08914728682170542
2024-11-03 22:30:00,0.05714285714285715,0.0,0.02,0.4666666666666667,0.08914728682170542
2024-11-03 22:45:00,0.05714285714285715,0.0,0.02,0.6333333333333333,0.12790697674418602
2024-11-03 23:00:00,0.05714285714285715,0.0,0.0,0.5666666666666667,0.10852713178294573
2024-11-03 23:15:00,0.04571428571428572,0.0,0.02,0.5666666666666667,0.10465116279069767
2024-11-03 23:30:00,0.034285714285714294,0.02857142857142857,0.02,0.48333333333333334,0.08527131782945735
2024-11-03 23:45:00,0.04571428571428572,0.014285714285714285,0.04,0.43333333333333335,0.08139534883720931
2024-11-04 00:00:00,0.05714285714285715,0.0,0.02,0.35,0.06201550387596899
2024-11-04 00:15:00,0.005714285714285717,0.0,0.04,0.35,0.031007751937984496
2024-11-04 00:30:00,0.04000000000000001,0.0,0.04,0.6166666666666667,0.11627906976744184
2024-11-04 00:45:00,0.005714285714285717,0.0,0.04,0.3833333333333333,0.038759689922480606
2024-11-04 01:00:00,0.04000000000000001,0.02857142857142857,0.0,0.5666666666666667,0.10465116279069767
2024-11-04 01:15:00,0.017142857142857144,0.0,0.02,0.5833333333333334,0.08914728682170542
2024-11-04 01:30:00,0.005714285714285717,0.02857142857142857,0.0,0.4,0.042635658914728675
2024-11-04 01:45:00,0.051428571428571435,0.014285714285714285,0.02,0.5833333333333334,0.11627906976744184
2024-11-04 02:00:00,0.051428571428571435,0.0,0.02,0.45,0.08139534883720931
2024-11-04 02:15:00,0.051428571428571435,0.014285714285714285,0.02,0.6166666666666667,0.12403100775193798
2024-11-04 02:30:00,0.034285714285714294,0.02857142857142857,0.04,0.55,0.10465116279069767
2024-11-04 02:45:00,0.017142857142857144,0.0,0.02,0.3333333333333333,0.031007751937984496
2024-11-04 03:00:00,0.022857142857142857,0.014285714285714285,0.04,0.45,0.0697674418604651
2024-11-04 03:15:00,0.017142857142857144,0.014285714285714285,0.02,0.45,0.06201550387596899
2024-11-04 03:30:00,0.005714285714285717,0.02857142857142857,0.02,0.5,0.0697674418604651
2024-11-04 03:45:00,0.01142857142857143,0.02857142857142857,0.04,0.45,0.06589147286821703
2024-11-04 04:00:00,0.2571428571428571,0.07142857142857142,0.08,0.26666666666666666,0.20930232558139536
2024-11-04 04:15:00,0.30857142857142855,0.11428571428571428,0.14,0.2833333333333333,0.2713178294573644
2024-11-04 04:30:00,0.37142857142857144,0.11428571428571428,0.0,0.4,0.313953488372093
2024-11-04 04:45:00,0.32,0.08571428571428572,0.1,0.2,0.24418604651162792
2024-11-04 05:00:00,0.35428571428571426,0.05714285714285714,0.06,0.26666666666666666,0.2674418604651163
2024-11-04 05:15:00,0.3314285714285714,0.09999999999999999,0.0,0.3833333333333333,0.2790697674418604
2024-11-04 05:30:00,0.2742857142857143,0.014285714285714285,0.02,0.3833333333333333,0.2209302325581395
2024-11-04 05:45:00,0.5771428571428572,0.3142857142857143,0.34,0.13333333333333333,0.5116279069767441
2024-11-04 06:00:00,0.6228571428571429,0.2571428571428571,0.48,0.1,0.5465116279069767
2024-11-04 06:15:00,0.5599999999999999,0.19999999999999998,0.28,0.16666666666666666,0.4651162790697674
2024-11-04 06:30:00,0.6457142857142857,0.3857142857142857,0.2,0.2,0.5658914728682171
2024-11-04 06:45:00,0.6571428571428571,0.15714285714285714,0.24,0.15,0.507751937984496
2024-11-04 07:00:00,0.7942857142857143,0.3142857142857143,0.24,0.16666666666666666,0.6472868217054263
2024-11-04 07:15:00,0.6742857142857143,0.2857142857142857,0.42,0.1,0.5775193798449612
2024-11-04 07:30:00,0.49142857142857144,0.37142857142857144,0.22,0.25,0.4728682170542635
2024-11-04 07:45:00,0.7885714285714286,0.37142857142857144,0.44,0.16666666666666666,0.6976744186046511
2024-11-04 08:00:00,0.6571428571428571,0.18571428571428572,0.22,0.08333333333333333,0.49612403100775193
2024-11-04 08:15:00,0.42857142857142855,0.18571428571428572,0.22,0.08333333333333333,0.3410852713178294
2024-11-04 08:30:00,0.6742857142857143,0.42857142857142855,0.26,0.2,0.6085271317829457
2024-11-04 08:45:00,0.7885714285714286,0.35714285714285715,0.28,0.2,0.6705426356589147
2024-11-04 09:00:00,0.19428571428571428,0.07142857142857142,0.34,0.23333333333333334,0.20930232558139536
2024-11-04 09:15:00,0.38857142857142857,0.17142857142857143,0.5,0.26666666666666666,0.40697674418604646
2024-11-04 09:30:00,0.39999999999999997,0.19999999999999998,0.48,0.3,0.4263565891472868
2024-11-04 09:45:00,0.18857142857142856,0.21428571428571427,0.12,0.1,0.17054263565891473
2024-11-04 10:00:00,0.3485714285714286,0.08571428571428572,0.14,0.26666666666666666,0.28682170542635654
2024-11-04 10:15:00,0.22857142857142854,0.19999999999999998,0.36,0.23333333333333334,0.2713178294573644
2024-11-04 10:30:00,0.4114285714285714,0.15714285714285714,0.26,0.1,0.33333333333333337
2024-11-04 10:45:00,0.3028571428571428,0.09999999999999999,0.04,0.4166666666666667,0.27519379844961234
2024-11-04 11:00:00,0.32,0.11428571428571428,0.14,0.5666666666666667,0.34496124031007747
2024-11-04 11:15:00,0.23428571428571426,0.02857142857142857,0.0,0.4166666666666667,0.20155038759689922
2024-11-04 11:30:00,0.2857142857142857,0.04285714285714286,0.08,0.4166666666666667,0.2558139534883721
2024-11-04 11:45:00,0.17714285714285713,0.11428571428571428,0.06,0.48333333333333334,0.21317829457364337
2024-11-04 12:00:00,0.26857142857142857,0.014285714285714285,0.16,0.48333333333333334,0.2674418604651163
2024-11-04 12:15:00,0.15428571428571428,0.07142857142857142,0.08,0.43333333333333335,0.17829457364341086
2024-11-04 12:30:00,0.18857142857142856,0.07142857142857142,0.14,0.45,0.21705426356589144
2024-11-04 12:45:00,0.10857142857142858,0.02857142857142857,0.24,0.5333333333333333,0.18992248062015502
2024-11-04 13:00:00,0.48571428571428565,0.21428571428571427,0.48,0.48333333333333334,0.5310077519379844
2024-11-04 13:15:00,0.06857142857142857,0.05714285714285714,0.08,0.18333333333333332,0.05813953488372092
2024-11-04 13:30:00,0.45714285714285713,0.07142857142857142,0.02,0.43333333333333335,0.37209302325581395
2024-11-04 13:45:00,0.1657142857142857,0.24285714285714285,0.38,0.3333333333333333,0.2674418604651163
2024-11-04 14:00:00,0.2857142857142857,0.22857142857142856,0.34,0.26666666666666666,0.32170542635658916
2024-11-04 14:15:00,0.11428571428571428,0.04285714285714286,0.56,0.2833333333333333,0.20155038759689922
2024-11-04 14:30:00,0.33714285714285713,0.18571428571428572,0.18,0.2,0.29844961240310075
2024-11-04 14:45:00,0.30857142857142855,0.19999999999999998,0.48,0.35,0.375968992248062
2024-11-04 15:00:00,0.034285714285714294,0.04285714285714286,0.04,0.23333333333333334,0.03488372093023255
2024-11-04 15:15:00,0.4742857142857143,0.04285714285714286,0.62,0.3833333333333333,0.48062015503875966
2024-11-04 15:30:00,0.5428571428571428,0.2714285714285714,0.46,0.36666666666666664,0.5542635658914729
2024-11-04 15:45:00,0.7942857142857143,0.22857142857142856,0.5,0.3,0.7054263565891472
2024-11-04 16:00:00,0.6342857142857142,0.32857142857142857,0.74,0.18333333333333332,0.6434108527131782
2024-11-04 16:15:00,0.6228571428571429,0.08571428571428572,0.76,0.18333333333333332,0.5736434108527131
2024-11-04 16:30:00,0.7142857142857143,0.14285714285714285,0.38,0.16666666666666666,0.5736434108527131
2024-11-04 16:45:00,0.7942857142857143,0.2714285714285714,0.36,0.25,0.6782945736434108
2024-11-04 17:00:00,0.6514285714285715,0.18571428571428572,0.76,0.3,0.6472868217054263
2024-11-04 17:15:00,0.72,0.08571428571428572,0.34,0.2,0.562015503875969
2024-11-04 17:30:00,0.6742857142857143,0.2571428571428571,0.36,0.2,0.5813953488372092
2024-11-04 17:45:00,0.8114285714285714,0.19999999999999998,0.64,0.16666666666666666,0.7054263565891472
2024-11-04 18:00:00,0.6228571428571429,0.3857142857142857,0.64,0.16666666666666666,0.627906976744186
2024-11-04 18:15:00,0.6171428571428571,0.3857142857142857,0.7000000000000001,0.16666666666666666,0.6356589147286821
2024-11-04 18:30:00,0.5314285714285715,0.11428571428571428,0.18,0.23333333333333334,0.41860465116279066
2024-11-04 18:45:00,0.4057142857142857,0.04285714285714286,0.16,0.21666666666666667,0.3062015503875969
2024-11-04 19:00:00,0.5885714285714285,0.11428571428571428,0.12,0.35,0.4728682170542635
2024-11-04 19:15:00,0.3314285714285714,0.15714285714285714,0.1,0.43333333333333335,0.32558139534883723
2024-11-04 19:30:00,0.38285714285714284,0.2857142857142857,0.1,0.3,0.3643410852713178
2024-11-04 19:45:00,0.42857142857142855,0.0,0.24,0.21666666666666667,0.32558139534883723
2024-11-04 20:00:00,0.30857142857142855,0.09999999999999999,0.28,0.26666666666666666,0.2906976744186046
2024-11-04 20:15:00,0.5371428571428571,0.17142857142857143,0.28,0.5666666666666667,0.5348837209302325
2024-11-04 20:30:00,0.34285714285714286,0.22857142857142856,0.18,0.23333333333333334,0.32170542635658916
2024-11-04 20:45:00,0.4342857142857143,0.2571428571428571,0.32,0.55,0.49224806201550386
2024-11-04 21:00:00,0.5599999999999999,0.19999999999999998,0.22,0.18333333333333332,0.45736434108527124
2024-11-04 21:15:00,0.4342857142857143,0.2571428571428571,0.1,0.2833333333333333,0.3875968992248062
2024-11-04 21:30:00,0.26857142857142857,0.12857142857142856,0.1,0.5666666666666667,0.3062015503875969
2024-11-04 21:45:00,0.005714285714285717,0.0,0.04,0.6666666666666666,0.10465116279069767
2024-11-04 22:00:00,0.005714285714285717,0.02857142857142857,0.0,0.6666666666666666,0.10465116279069767
2024-11-04 22:15:00,0.022857142857142857,0.014285714285714285,0.0,0.36666666666666664,0.042635658914728675
2024-11-04 22:30:00,0.034285714285714294,0.014285714285714285,0.0,0.43333333333333335,0.06589147286821703
2024-11-04 22:45:00,0.051428571428571435,0.02857142857142857,0.02,0.65,0.13565891472868216
2024-11-04 23:00:00,0.01142857142857143,0.014285714285714285,0.02,0.5,0.0697674418604651
2024-11-04 23:15:00,0.017142857142857144,0.02857142857142857,0.04,0.5833333333333334,0.1007751937984496
2024-11-04 23:30:00,0.0,0.02857142857142857,0.04,0.55,0.08139534883720931
2024-11-04 23:45:00,0.005714285714285717,0.014285714285714285,0.04,0.3833333333333333,0.042635658914728675
2024-11-05 00:00:00,0.05714285714285715,0.0,0.04,0.5333333333333333,0.10852713178294573
2024-11-05 00:15:00,0.05714285714285715,0.0,0.04,0.48333333333333334,0.09689922480620153
2024-11-05 00:30:00,0.01142857142857143,0.02857142857142857,0.04,0.55,0.08914728682170542
2024-11-05 00:45:00,0.051428571428571435,0.02857142857142857,0.0,0.55,0.10852713178294573
2024-11-05 01:00:00,0.005714285714285717,0.014285714285714285,0.02,0.6333333333333333,0.09689922480620153
2024-11-05 01:15:00,0.034285714285714294,0.0,0.0,0.43333333333333335,0.06201550387596899
2024-11-05 01:30:00,0.005714285714285717,0.02857142857142857,0.02,0.5666666666666667,0.08527131782945735
2024-11-05 01:45:00,0.01142857142857143,0.0,0.04,0.36666666666666664,0.038759689922480606
2024-11-05 02:00:00,0.04571428571428572,0.02857142857142857,0.0,0.4,0.0697674418604651
2024-11-05 02:15:00,0.0,0.02857142857142857,0.02,0.55,0.07751937984496124
2024-11-05 02:30:00,0.02857142857142857,0.0,0.02,0.6666666666666666,0.11627906976744184
2024-11-05 02:45:00,0.04000000000000001,0.014285714285714285,0.04,0.43333333333333335,0.07751937984496124
2024-11-05 03:00:00,0.017142857142857144,0.0,0.0,0.4666666666666667,0.05813953488372092
2024-11-05 03:15:00,0.01142857142857143,0.0,0.04,0.6,0.09302325581395349
2024-11-05 03:30:00,0.051428571428571435,0.0,0.0,0.5333333333333333,0.09689922480620153
2024-11-05 03:45:00,0.051428571428571435,0.02857142857142857,0.04,0.65,0.13953488372093023
2024-11-05 04:00:00,0.29714285714285715,0.08571428571428572,0.02,0.5,0.2829457364341085
2024-11-05 04:15:00,0.33714285714285713,0.05714285714285714,0.14,0.25,0.2674418604651163
2024-11-05 04:30:00,0.42857142857142855,0.12857142857142856,0.14,0.48333333333333334,0.4031007751937984
2024-11-05 04:45:00,0.42857142857142855,0.02857142857142857,0.04,0.3,0.313953488372093
2024-11-05 05:00:00,0.41714285714285715,0.05714285714285714,0.0,0.18333333333333332,0.2790697674418604
2024-11-05 05:15:00,0.26285714285714284,0.11428571428571428,0.0,0.48333333333333334,0.2596899224806202
2024-11-05 05:30:00,0.3485714285714286,0.04285714285714286,0.0,0.45,0.2906976744186046
2024-11-05 05:45:00,0.8057142857142857,0.2714285714285714,0.5,0.13333333333333333,0.686046511627907
2024-11-05 06:00:00,0.5657142857142857,0.3142857142857143,0.3,0.13333333333333333,0.49612403100775193
2024-11-05 06:15:00,0.7542857142857142,0.3142857142857143,0.28,0.16666666666666666,0.627906976744186
2024-11-05 06:30:00,0.8285714285714285,0.37142857142857144,0.36,0.16666666666666666,0.7093023255813953
2024-11-05 06:45:00,0.8171428571428572,0.21428571428571427,0.44,0.13333333333333333,0.6666666666666666
2024-11-05 07:00:00,0.44571428571428573,0.42857142857142855,0.24,0.16666666666666666,0.4418604651162791
2024-11-05 07:15:00,0.52,0.3142857142857143,0.46,0.13333333333333333,0.49612403100775193
2024-11-05 07:30:00,0.6114285714285714,0.14285714285714285,0.46,0.18333333333333332,0.5232558139534883
2024-11-05 07:45:00,0.8,0.2857142857142857,0.48,0.21666666666666667,0.7015503875968991
2024-11-05 08:00:00,0.46285714285714286,0.39999999999999997,0.38,0.15,0.46899224806201545
2024-11-05 08:15:00,0.6971428571428572,0.3857142857142857,0.34,0.25,0.6395348837209301
2024-11-05 08:30:00,0.4742857142857143,0.17142857142857143,0.38,0.16666666666666666,0.41860465116279066
2024-11-05 08:45:00,0.5599999999999999,0.15714285714285714,0.38,0.08333333333333333,0.4534883720930232
2024-11-05 09:00:00,0.3942857142857143,0.19999999999999998,0.56,0.25,0.4263565891472868
2024-11-05 09:15:00,0.2114285714285714,0.14285714285714285,0.4,0.08333333333333333,0.21705426356589144
2024-11-05 09:30:00,0.2857142857142857,0.15714285714285714,0.4,0.31666666666666665,0.32558139534883723
2024-11-05 09:45:00,0.3771428571428571,0.11428571428571428,0.56,0.18333333333333332,0.375968992248062
2024-11-05 10:00:00,0.2857142857142857,0.07142857142857142,0.46,0.26666666666666666,0.3023255813953488
2024-11-05 10:15:00,0.21714285714285714,0.11428571428571428,0.44,0.3333333333333333,0.2790697674418604
2024-11-05 10:30:00,0.27999999999999997,0.15714285714285714,0.22,0.18333333333333332,0.2558139534883721
2024-11-05 10:45:00,0.3028571428571428,0.12857142857142856,0.06,0.5333333333333333,0.313953488372093
2024-11-05 11:00:00,0.23428571428571426,0.014285714285714285,0.22,0.5833333333333334,0.2790697674418604
2024-11-05 11:15:00,0.33714285714285713,0.08571428571428572,0.14,0.5,0.33333333333333337
2024-11-05 11:30:00,0.21714285714285714,0.07142857142857142,0.06,0.5166666666666666,0.2364341085271318
2024-11-05 11:45:00,0.19428571428571428,0.14285714285714285,0.04,0.55,0.24418604651162792
2024-11-05 12:00:00,0.30857142857142855,0.02857142857142857,0.18,0.55,0.3178294573643411
2024-11-05 12:15:00,0.2914285714285714,0.07142857142857142,0.12,0.55,0.3062015503875969
2024-11-05 12:30:00,0.19999999999999998,0.07142857142857142,0.24,0.43333333333333335,0.24031007751937986
2024-11-05 12:45:00,0.3657142857142857,0.05714285714285714,0.14,0.43333333333333335,0.3294573643410853
2024-11-05 13:00:00,0.2742857142857143,0.02857142857142857,0.28,0.2,0.23255813953488372
2024-11-05 13:15:00,0.09714285714285716,0.09999999999999999,0.16,0.45,0.16666666666666666
2024-11-05 13:30:00,0.16,0.22857142857142856,0.1,0.5,0.24418604651162792
2024-11-05 13:45:00,0.17142857142857143,0.19999999999999998,0.32,0.3333333333333333,0.24806201550387594
2024-11-05 14:00:00,0.04000000000000001,0.04285714285714286,0.22,0.25,0.07751937984496124
2024-11-05 14:15:00,0.44571428571428573,0.17142857142857143,0.16,0.3833333333333333,0.40697674418604646
2024-11-05 14:30:00,0.19428571428571428,0.09999999999999999,0.22,0.31666666666666665,0.21317829457364337
2024-11-05 14:45:00,0.22285714285714286,0.17142857142857143,0.5,0.2,0.2790697674418604
2024-11-05 15:00:00,0.29714285714285715,0.2714285714285714,0.22,0.26666666666666666,0.3178294573643411
2024-11-05 15:15:00,0.04571428571428572,0.2714285714285714,0.14,0.2,0.11627906976744184
2024-11-05 15:30:00,0.4228571428571428,0.24285714285714285,0.24,0.21666666666666667,0.3875968992248062
2024-11-05 15:45:00,0.6971428571428572,0.2857142857142857,0.32,0.2833333333333333,0.6162790697674418
2024-11-05 16:00:00,0.6114285714285714,0.2714285714285714,0.3,0.3,0.5542635658914729
2024-11-05 16:15:00,0.6685714285714286,0.17142857142857143,0.4,0.31666666666666665,0.5891472868217054
2024-11-05 16:30:00,0.7771428571428571,0.3142857142857143,0.58,0.2,0.7093023255813953
2024-11-05 16:45:00,0.72,0.41428571428571426,0.66,0.2,0.7131782945736433
2024-11-05 17:00:00,0.6914285714285714,0.08571428571428572,0.44,0.25,0.5736434108527131
2024-11-05 17:15:00,0.7028571428571428,0.19999999999999998,0.22,0.3,0.5813953488372092
2024-11-05 17:30:00,0.7542857142857142,0.41428571428571426,0.72,0.3,0.7713178294573643
2024-11-05 17:45:00,0.7085714285714285,0.2571428571428571,0.2,0.3,0.5968992248062015
2024-11-05 18:00:00,0.5428571428571428,0.42857142857142855,0.62,0.3333333333333333,0.6201550387596899
2024-11-05 18:15:00,0.7485714285714286,0.22857142857142856,0.34,0.18333333333333332,0.6162790697674418
2024-11-05 18:30:00,0.5085714285714286,0.11428571428571428,0.28,0.31666666666666665,0.4418604651162791
2024-11-05 18:45:00,0.46285714285714286,0.19999999999999998,0.26,0.55,0.4844961240310077
2024-11-05 19:00:00,0.4342857142857143,0.0,0.14,0.25,0.3178294573643411
2024-11-05 19:15:00,0.4514285714285714,0.014285714285714285,0.32,0.31666666666666665,0.38372093023255816
2024-11-05 19:30:00,0.4057142857142857,0.15714285714285714,0.32,0.2833333333333333,0.38372093023255816
2024-11-05 19:45:00,0.4057142857142857,0.15714285714285714,0.38,0.2833333333333333,0.39534883720930236
2024-11-05 20:00:00,0.44571428571428573,0.14285714285714285,0.38,0.3,0.42248062015503873
2024-11-05 20:15:00,0.3142857142857143,0.02857142857142857,0.2,0.3,0.2674418604651163
2024-11-05 20:30:00,0.2857142857142857,0.12857142857142856,0.3,0.4166666666666667,0.32170542635658916
2024-11-05 20:45:00,0.3657142857142857,0.04285714285714286,0.38,0.5333333333333333,0.39534883720930236
2024-11-05 21:00:00,0.26857142857142857,0.02857142857142857,0.18,0.31666666666666665,0.2364341085271318
2024-11-05 21:15:00,0.3942857142857143,0.12857142857142856,0.3,0.55,0.4263565891472868
2024-11-05 21:30:00,0.5542857142857143,0.2571428571428571,0.4,0.5166666666666666,0.5813953488372092
2024-11-05 21:45:00,0.022857142857142857,0.02857142857142857,0.04,0.5166666666666666,0.08914728682170542
2024-11-05 22:00:00,0.051428571428571435,0.014285714285714285,0.02,0.4666666666666667,0.08914728682170542
2024-11-05 22:15:00,0.017142857142857144,0.02857142857142857,0.04,0.5833333333333334,0.1007751937984496
2024-11-05 22:30:00,0.051428571428571435,0.0,0.0,0.4666666666666667,0.08139534883720931
2024-11-05 22:45:00,0.005714285714285717,0.02857142857142857,0.04,0.6666666666666666,0.1124031007751938
2024-11-05 23:00:00,0.04000000000000001,0.02857142857142857,0.02,0.5666666666666667,0.10852713178294573
2024-11-05 23:15:00,0.05714285714285715,0.0,0.02,0.4166666666666667,0.07751937984496124
2024-11-05 23:30:00,0.04571428571428572,0.014285714285714285,0.04,0.6666666666666666,0.13565891472868216
2024-11-05 23:45:00,0.022857142857142857,0.02857142857142857,0.04,0.5333333333333333,0.09302325581395349
2024-11-06 00:00:00,0.022857142857142857,0.02857142857142857,0.0,0.45,0.06589147286821703
2024-11-06 00:15:00,0.051428571428571435,0.014285714285714285,0.0,0.5,0.09302325581395349
2024-11-06 00:30:00,0.05714285714285715,0.02857142857142857,0.0,0.5,0.1007751937984496
2024-11-06 00:45:00,0.01142857142857143,0.02857142857142857,0.0,0.43333333333333335,0.054263565891472854
2024-11-06 01:00:00,0.0,0.0,0.04,0.3833333333333333,0.03488372093023255
2024-11-06 01:15:00,0.022857142857142857,0.014285714285714285,0.0,0.45,0.06201550387596899
2024-11-06 01:30:00,0.005714285714285717,0.02857142857142857,0.04,0.4666666666666667,0.06589147286821703
2024-11-06 01:45:00,0.01142857142857143,0.02857142857142857,0.02,0.65,0.10852713178294573
2024-11-06 02:00:00,0.005714285714285717,0.02857142857142857,0.02,0.45,0.05813953488372092
2024-11-06 02:15:00,0.005714285714285717,0.014285714285714285,0.02,0.6,0.08914728682170542
2024-11-06 02:30:00,0.02857142857142857,0.014285714285714285,0.04,0.4166666666666667,0.06589147286821703
2024-11-06 02:45:00,0.04000000000000001,0.02857142857142857,0.0,0.6666666666666666,0.12790697674418602
2024-11-06 03:00:00,0.02857142857142857,0.0,0.02,0.5666666666666667,0.09302325581395349
2024-11-06 03:15:00,0.017142857142857144,0.0,0.02,0.36666666666666664,0.038759689922480606
2024-11-06 03:30:00,0.02857142857142857,0.0,0.04,0.6166666666666667,0.10852713178294573
2024-11-06 03:45:00,0.04000000000000001,0.014285714285714285,0.04,0.35,0.05813953488372092
2024-11-06 04:00:00,0.38857142857142857,0.09999999999999999,0.04,0.36666666666666664,0.32170542635658916
2024-11-06 04:15:00,0.30857142857142855,0.12857142857142856,0.08,0.3333333333333333,0.27519379844961234
2024-11-06 04:30:00,0.26857142857142857,0.02857142857142857,0.1,0.5,0.26356589147286824
2024-11-06 04:45:00,0.3314285714285714,0.08571428571428572,0.06,0.4666666666666667,0.3062015503875969
2024-11-06 05:00:00,0.4114285714285714,0.02857142857142857,0.1,0.31666666666666665,0.3178294573643411
2024-11-06 05:15:00,0.3028571428571428,0.11428571428571428,0.14,0.21666666666666667,0.25193798449612403
2024-11-06 05:30:00,0.38285714285714284,0.014285714285714285,0.1,0.18333333333333332,0.26356589147286824
2024-11-06 05:45:00,0.6914285714285714,0.19999999999999998,0.28,0.13333333333333333,0.5465116279069767
2024-11-06 06:00:00,0.49142857142857144,0.41428571428571426,0.38,0.25,0.5155038759689922
2024-11-06 06:15:00,0.7371428571428571,0.2571428571428571,0.28,0.1,0.5852713178294573
2024-11-06 06:30:00,0.52,0.2571428571428571,0.32,0.11666666666666667,0.4496124031007751
2024-11-06 06:45:00,0.6114285714285714,0.3142857142857143,0.24,0.08333333333333333,0.5038759689922481
2024-11-06 07:00:00,0.6857142857142857,0.3142857142857143,0.2,0.15,0.562015503875969
2024-11-06 07:15:00,0.7828571428571428,0.35714285714285715,0.44,0.08333333333333333,0.6705426356589147
2024-11-06 07:30:00,0.5542857142857143,0.2714285714285714,0.26,0.16666666666666666,0.4767441860465116
2024-11-06 07:45:00,0.48,0.32857142857142857,0.38,0.2,0.4728682170542635
2024-11-06 08:00:00,0.6514285714285715,0.21428571428571427,0.34,0.2,0.5503875968992248
2024-11-06 08:15:00,0.7542857142857142,0.18571428571428572,0.38,0.23333333333333334,0.627906976744186
2024-11-06 08:30:00,0.7028571428571428,0.3,0.38,0.21666666666666667,0.6201550387596899
2024-11-06 08:45:00,0.4342857142857143,0.2857142857142857,0.36,0.25,0.437984496124031
2024-11-06 09:00:00,0.25142857142857145,0.21428571428571427,0.3,0.08333333333333333,0.24418604651162792
2024-11-06 09:15:00,0.30857142857142855,0.08571428571428572,0.2,0.2833333333333333,0.27519379844961234
2024-11-06 09:30:00,0.3657142857142857,0.07142857142857142,0.52,0.1,0.3294573643410853
2024-11-06 09:45:00,0.38285714285714284,0.14285714285714285,0.14,0.3333333333333333,0.3410852713178294
2024-11-06 10:00:00,0.22285714285714286,0.21428571428571427,0.32,0.26666666666666666,0.2713178294573644
2024-11-06 10:15:00,0.36,0.21428571428571427,0.52,0.18333333333333332,0.38372093023255816
2024-11-06 10:30:00,0.3942857142857143,0.12857142857142856,0.28,0.1,0.3178294573643411
2024-11-06 10:45:00,0.17142857142857143,0.08571428571428572,0.2,0.5833333333333334,0.25193798449612403
2024-11-06 11:00:00,0.3257142857142857,0.12857142857142856,0.24,0.5333333333333333,0.3643410852713178
2024-11-06 11:15:00,0.23428571428571426,0.14285714285714285,0.0,0.5666666666666667,0.2674418604651163
2024-11-06 11:30:00,0.3314285714285714,0.07142857142857142,0.04,0.5166666666666666,0.31007751937984496
2024-11-06 11:45:00,0.3028571428571428,0.14285714285714285,0.04,0.45,0.2945736434108527
2024-11-06 12:00:00,0.36,0.0,0.24,0.5833333333333334,0.3643410852713178
2024-11-06 12:15:00,0.1257142857142857,0.09999999999999999,0.0,0.55,0.17829457364341086
2024-11-06 12:30:00,0.10857142857142858,0.05714285714285714,0.22,0.55,0.19767441860465115
2024-11-06 12:45:00,0.37142857142857144,0.08571428571428572,0.16,0.5833333333333334,0.3798449612403101
2024-11-06 13:00:00,0.051428571428571435,0.2714285714285714,0.44,0.25,0.18992248062015502
2024-11-06 13:15:00,0.38285714285714284,0.11428571428571428,0.34,0.4666666666666667,0.4031007751937984
2024-11-06 13:30:00,0.051428571428571435,0.0,0.52,0.3333333333333333,0.1511627906976744
2024-11-06 13:45:00,0.5257142857142857,0.05714285714285714,0.5,0.3,0.4767441860465116
2024-11-06 14:00:00,0.10285714285714286,0.2714285714285714,0.06,0.31666666666666665,0.16666666666666666
2024-11-06 14:15:00,0.23428571428571426,0.04285714285714286,0.64,0.45,0.33720930232558133
2024-11-06 14:30:00,0.10285714285714286,0.24285714285714285,0.54,0.21666666666666667,0.22868217054263565
2024-11-06 14:45:00,0.24571428571428572,0.05714285714285714,0.16,0.2833333333333333,0.21705426356589144
2024-11-06 15:00:00,0.48,0.18571428571428572,0.14,0.45,0.44573643410852715
2024-11-06 15:15:00,0.24571428571428572,0.14285714285714285,0.46,0.43333333333333335,0.33333333333333337
2024-11-06 15:30:00,0.4114285714285714,0.18571428571428572,0.38,0.18333333333333332,0.38372093023255816
2024-11-06 15:45:00,0.6457142857142857,0.11428571428571428,0.54,0.26666666666666666,0.5736434108527131
2024-11-06 16:00:00,0.8,0.2714285714285714,0.44,0.31666666666666665,0.7131782945736433
2024-11-06 16:15:00,0.5599999999999999,0.32857142857142857,0.36,0.31666666666666665,0.5503875968992248
2024-11-06 16:30:00,0.6914285714285714,0.3142857142857143,0.56,0.26666666666666666,0.6627906976744186
2024-11-06 16:45:00,0.6571428571428571,0.34285714285714286,0.6,0.16666666666666666,0.631782945736434
2024-11-06 17:00:00,0.7028571428571428,0.14285714285714285,0.28,0.3,0.5775193798449612
2024-11-06 17:15:00,0.7828571428571428,0.37142857142857144,0.64,0.16666666666666666,0.7325581395348837
2024-11-06 17:30:00,0.6628571428571428,0.35714285714285715,0.66,0.21666666666666667,0.6627906976744186
2024-11-06 17:45:00,0.7942857142857143,0.08571428571428572,0.36,0.2,0.6162790697674418
2024-11-06 18:00:00,0.6342857142857142,0.37142857142857144,0.28,0.3,0.5930232558139534
2024-11-06 18:15:00,0.76,0.3,0.78,0.2833333333333333,0.751937984496124
2024-11-06 18:30:00,0.5599999999999999,0.07142857142857142,0.14,0.21666666666666667,0.4147286821705426
2024-11-06 18:45:00,0.5428571428571428,0.19999999999999998,0.2,0.36666666666666664,0.4844961240310077
2024-11-06 19:00:00,0.5028571428571429,0.15714285714285714,0.4,0.18333333333333332,0.4418604651162791
2024-11-06 19:15:00,0.5257142857142857,0.24285714285714285,0.38,0.55,0.562015503875969
2024-11-06 19:30:00,0.4342857142857143,0.12857142857142856,0.3,0.4166666666666667,0.42248062015503873
2024-11-06 19:45:00,0.5485714285714286,0.11428571428571428,0.14,0.16666666666666666,0.40697674418604646
2024-11-06 20:00:00,0.5771428571428572,0.09999999999999999,0.14,0.43333333333333335,0.4844961240310077
2024-11-06 20:15:00,0.46285714285714286,0.11428571428571428,0.36,0.21666666666666667,0.4031007751937984
2024-11-06 20:30:00,0.3942857142857143,0.19999999999999998,0.24,0.3333333333333333,0.38372093023255816
2024-11-06 20:45:00,0.33714285714285713,0.18571428571428572,0.26,0.26666666666666666,0.3294573643410853
2024-11-06 21:00:00,0.3142857142857143,0.2857142857142857,0.24,0.5333333333333333,0.3992248062015503
2024-11-06 21:15:00,0.3028571428571428,0.21428571428571427,0.24,0.5166666666666666,0.3682170542635659
2024-11-06 21:30:00,0.5142857142857142,0.09999999999999999,0.36,0.5666666666666667,0.5155038759689922
2024-11-06 21:45:00,0.0,0.02857142857142857,0.04,0.48333333333333334,0.06589147286821703
2024-11-06 22:00:00,0.04571428571428572,0.02857142857142857,0.0,0.6333333333333333,0.12403100775193798
2024-11-06 22:15:00,0.017142857142857144,0.014285714285714285,0.02,0.55,0.08527131782945735
2024-11-06 22:30:00,0.0,0.02857142857142857,0.0,0.5166666666666666,0.06589147286821703
2024-11-06 22:45:00,0.0,0.014285714285714285,0.02,0.4166666666666667,0.042635658914728675
2024-11-06 23:00:00,0.05714285714285715,0.02857142857142857,0.04,0.5333333333333333,0.11627906976744184
2024-11-06 23:15:00,0.04571428571428572,0.014285714285714285,0.04,0.6333333333333333,0.12790697674418602
2024-11-06 23:30:00,0.005714285714285717,0.02857142857142857,0.02,0.36666666666666664,0.038759689922480606
2024-11-06 23:45:00,0.017142857142857144,0.014285714285714285,0.04,0.45,0.06589147286821703
2024-11-07 00:00:00,0.022857142857142857,0.0,0.0,0.65,0.10465116279069767
2024-11-07 00:15:00,0.05714285714285715,0.014285714285714285,0.02,0.5166666666666666,0.10465116279069767
2024-11-07 00:30:00,0.017142857142857144,0.0,0.04,0.4166666666666667,0.054263565891472854
2024-11-07 00:45:00,0.05714285714285715,0.014285714285714285,0.0,0.48333333333333334,0.09302325581395349
2024-11-07 01:00:00,0.005714285714285717,0.014285714285714285,0.02,0.5666666666666667,0.08139534883720931
2024-11-07 01:15:00,0.02857142857142857,0.02857142857142857,0.02,0.55,0.09689922480620153
2024-11-07 01:30:00,0.022857142857142857,0.0,0.02,0.3833333333333333,0.046511627906976744
2024-11-07 01:45:00,0.02857142857142857,0.014285714285714285,0.0,0.4666666666666667,0.0697674418604651
2024-11-07 02:00:00,0.02857142857142857,0.02857142857142857,0.02,0.6333333333333333,0.11627906976744184
2024-11-07 02:15:00,0.022857142857142857,0.0,0.02,0.6333333333333333,0.10465116279069767
2024-11-07 02:30:00,0.005714285714285717,0.02857142857142857,0.04,0.3333333333333333,0.03488372093023255
2024-11-07 02:45:00,0.05714285714285715,0.0,0.0,0.5333333333333333,0.1007751937984496
2024-11-07 03:00:00,0.022857142857142857,0.0,0.0,0.36666666666666664,0.038759689922480606
2024-11-07 03:15:00,0.034285714285714294,0.014285714285714285,0.0,0.43333333333333335,0.06589147286821703
2024-11-07 03:30:00,0.022857142857142857,0.0,0.0,0.4166666666666667,0.05038759689922481
2024-11-07 03:45:00,0.051428571428571435,0.014285714285714285,0.04,0.3333333333333333,0.06201550387596899
2024-11-07 04:00:00,0.33714285714285713,0.0,0.04,0.2,0.2209302325581395
2024-11-07 04:15:00,0.3142857142857143,0.11428571428571428,0.14,0.18333333333333332,0.25193798449612403
2024-11-07 04:30:00,0.4114285714285714,0.07142857142857142,0.0,0.3333333333333333,0.313953488372093
2024-11-07 04:45:00,0.30857142857142855,0.014285714285714285,0.14,0.18333333333333332,0.2209302325581395
2024-11-07 05:00:00,0.38285714285714284,0.02857142857142857,0.12,0.18333333333333332,0.2713178294573644
2024-11-07 05:15:00,0.46285714285714286,0.14285714285714285,0.04,0.2,0.34496124031007747
2024-11-07 05:30:00,0.4228571428571428,0.09999999999999999,0.08,0.16666666666666666,0.3062015503875969
2024-11-07 05:45:00,0.7028571428571428,0.41428571428571426,0.48,0.15,0.6550387596899224
2024-11-07 06:00:00,0.7714285714285715,0.21428571428571427,0.26,0.11666666666666667,0.5968992248062015
2024-11-07 06:15:00,0.8285714285714285,0.39999999999999997,0.24,0.15,0.689922480620155
2024-11-07 06:30:00,0.4342857142857143,0.2714285714285714,0.44,0.08333333333333333,0.4108527131782945
2024-11-07 06:45:00,0.4742857142857143,0.17142857142857143,0.24,0.1,0.375968992248062
2024-11-07 07:00:00,0.5257142857142857,0.14285714285714285,0.32,0.16666666666666666,0.43410852713178294
2024-11-07 07:15:00,0.4971428571428571,0.15714285714285714,0.46,0.18333333333333332,0.4496124031007751
2024-11-07 07:30:00,0.5942857142857143,0.32857142857142857,0.36,0.21666666666666667,0.5503875968992248
2024-11-07 07:45:00,0.5657142857142857,0.41428571428571426,0.42,0.25,0.5736434108527131
2024-11-07 08:00:00,0.7142857142857143,0.24285714285714285,0.34,0.2,0.6007751937984496
2024-11-07 08:15:00,0.48571428571428565,0.2571428571428571,0.5,0.1,0.45736434108527124
2024-11-07 08:30:00,0.6171428571428571,0.17142857142857143,0.24,0.15,0.4844961240310077
2024-11-07 08:45:00,0.5314285714285715,0.41428571428571426,0.48,0.08333333333333333,0.5232558139534883
2024-11-07 09:00:00,0.17142857142857143,0.14285714285714285,0.22,0.2833333333333333,0.20155038759689922
2024-11-07 09:15:00,0.14857142857142855,0.18571428571428572,0.22,0.11666666666666667,0.15891472868217052
2024-11-07 09:30:00,0.42857142857142855,0.12857142857142856,0.18,0.15,0.33333333333333337
2024-11-07 09:45:00,0.3142857142857143,0.14285714285714285,0.16,0.18333333333333332,0.26356589147286824
2024-11-07 10:00:00,0.35428571428571426,0.09999999999999999,0.38,0.2,0.32558139534883723
2024-11-07 10:15:00,0.18857142857142856,0.21428571428571427,0.18,0.31666666666666665,0.23255813953488372
2024-11-07 10:30:00,0.3257142857142857,0.15714285714285714,0.18,0.2,0.2829457364341085
2024-11-07 10:45:00,0.09142857142857143,0.14285714285714285,0.0,0.4166666666666667,0.13565891472868216
2024-11-07 11:00:00,0.2057142857142857,0.0,0.18,0.4166666666666667,0.20930232558139536
2024-11-07 11:15:00,0.29714285714285715,0.014285714285714285,0.12,0.48333333333333334,0.2790697674418604
2024-11-07 11:30:00,0.12000000000000001,0.0,0.22,0.55,0.18992248062015502
2024-11-07 11:45:00,0.2571428571428571,0.12857142857142856,0.2,0.48333333333333334,0.29844961240310075
2024-11-07 12:00:00,0.2914285714285714,0.04285714285714286,0.22,0.4666666666666667,0.29844961240310075
2024-11-07 12:15:00,0.30857142857142855,0.05714285714285714,0.16,0.5,0.31007751937984496
2024-11-07 12:30:00,0.32,0.12857142857142856,0.2,0.43333333333333335,0.3294573643410853
2024-11-07 12:45:00,0.2914285714285714,0.09999999999999999,0.16,0.5166666666666666,0.313953488372093
2024-11-07 13:00:00,0.10285714285714286,0.02857142857142857,0.1,0.36666666666666664,0.12015503875968991
2024-11-07 13:15:00,0.38857142857142857,0.11428571428571428,0.2,0.3833333333333333,0.36046511627906974
2024-11-07 13:30:00,0.5314285714285715,0.11428571428571428,0.52,0.3,0.5
2024-11-07 13:45:00,0.09714285714285716,0.08571428571428572,0.46,0.16666666666666666,0.15503875968992248
2024-11-07 14:00:00,0.18857142857142856,0.09999999999999999,0.54,0.36666666666666664,0.2829457364341085
2024-11-07 14:15:00,0.4057142857142857,0.17142857142857143,0.16,0.25,0.34883720930232553
2024-11-07 14:30:00,0.4228571428571428,0.21428571428571427,0.52,0.5,0.5
2024-11-07 14:45:00,0.4057142857142857,0.08571428571428572,0.12,0.48333333333333334,0.37209302325581395
2024-11-07 15:00:00,0.3257142857142857,0.08571428571428572,0.58,0.3833333333333333,0.38372093023255816
2024-11-07 15:15:00,0.08,0.02857142857142857,0.46,0.4166666666666667,0.18604651162790695
2024-11-07 15:30:00,0.04571428571428572,0.14285714285714285,0.7000000000000001,0.31666666666666665,0.21705426356589144
2024-11-07 15:45:00,0.5714285714285714,0.08571428571428572,0.32,0.3,0.48062015503875966
2024-11-07 16:00:00,0.7942857142857143,0.19999999999999998,0.24,0.26666666666666666,0.6395348837209301
2024-11-07 16:15:00,0.6628571428571428,0.24285714285714285,0.7000000000000001,0.23333333333333334,0.6434108527131782
2024-11-07 16:30:00,0.8,0.07142857142857142,0.4,0.2,0.624031007751938
2024-11-07 16:45:00,0.6971428571428572,0.15714285714285714,0.48,0.26666666666666666,0.6085271317829457
2024-11-07 17:00:00,0.6342857142857142,0.15714285714285714,0.22,0.26666666666666666,0.5155038759689922
2024-11-07 17:15:00,0.7028571428571428,0.12857142857142856,0.58,0.3333333333333333,0.6395348837209301
2024-11-07 17:30:00,0.6342857142857142,0.2571428571428571,0.64,0.3,0.631782945736434
2024-11-07 17:45:00,0.8228571428571428,0.2857142857142857,0.34,0.21666666666666667,0.689922480620155
2024-11-07 18:00:00,0.7942857142857143,0.3857142857142857,0.44,0.26666666666666666,0.7286821705426356
2024-11-07 18:15:00,0.8,0.08571428571428572,0.8,0.21666666666666667,0.7093023255813953
2024-11-07 18:30:00,0.3314285714285714,0.02857142857142857,0.22,0.5333333333333333,0.33720930232558133
2024-11-07 18:45:00,0.6,0.22857142857142856,0.36,0.5666666666666667,0.6085271317829457
2024-11-07 19:00:00,0.3314285714285714,0.15714285714285714,0.2,0.3833333333333333,0.33333333333333337
2024-11-07 19:15:00,0.5771428571428572,0.11428571428571428,0.2,0.5166666666666666,0.5193798449612402
2024-11-07 19:30:00,0.2571428571428571,0.12857142857142856,0.22,0.36666666666666664,0.27519379844961234
2024-11-07 19:45:00,0.2742857142857143,0.18571428571428572,0.24,0.25,0.2790697674418604
2024-11-07 20:00:00,0.4342857142857143,0.0,0.36,0.2,0.34883720930232553
2024-11-07 20:15:00,0.48571428571428565,0.2857142857142857,0.4,0.16666666666666666,0.4612403100775193
2024-11-07 20:30:00,0.2914285714285714,0.17142857142857143,0.18,0.36666666666666664,0.3023255813953488
2024-11-07 20:45:00,0.48571428571428565,0.0,0.22,0.5333333333333333,0.43410852713178294
2024-11-07 21:00:00,0.5542857142857143,0.05714285714285714,0.16,0.4666666666666667,0.46899224806201545
2024-11-07 21:15:00,0.5371428571428571,0.0,0.22,0.35,0.4263565891472868
2024-11-07 21:30:00,0.45714285714285713,0.02857142857142857,0.32,0.4166666666666667,0.4147286821705426
2024-11-07 21:45:00,0.04571428571428572,0.02857142857142857,0.04,0.43333333333333335,0.08527131782945735
2024-11-07 22:00:00,0.04000000000000001,0.014285714285714285,0.02,0.3333333333333333,0.05038759689922481
2024-11-07 22:15:00,0.01142857142857143,0.0,0.02,0.5833333333333334,0.08527131782945735
2024-11-07 22:30:00,0.022857142857142857,0.0,0.04,0.6333333333333333,0.10852713178294573
2024-11-07 22:45:00,0.017142857142857144,0.014285714285714285,0.0,0.43333333333333335,0.054263565891472854
2024-11-07 23:00:00,0.0,0.0,0.0,0.5833333333333334,0.07364341085271317
2024-11-07 23:15:00,0.04571428571428572,0.014285714285714285,0.04,0.5,0.09689922480620153
2024-11-07 23:30:00,0.01142857142857143,0.02857142857142857,0.04,0.6166666666666667,0.10465116279069767
2024-11-07 23:45:00,0.022857142857142857,0.02857142857142857,0.04,0.4666666666666667,0.07751937984496124
2024-11-08 00:00:00,0.005714285714285717,0.014285714285714285,0.02,0.5833333333333334,0.08527131782945735
2024-11-08 00:15:00,0.051428571428571435,0.0,0.02,0.3333333333333333,0.054263565891472854
2024-11-08 00:30:00,0.034285714285714294,0.0,0.04,0.65,0.12015503875968991
2024-11-08 00:45:00,0.022857142857142857,0.02857142857142857,0.0,0.4666666666666667,0.0697674418604651
2024-11-08 01:00:00,0.0,0.0,0.0,0.36666666666666664,0.023255813953488358
2024-11-08 01:15:00,0.022857142857142857,0.0,0.0,0.4,0.046511627906976744
2024-11-08 01:30:00,0.0,0.02857142857142857,0.04,0.5,0.0697674418604651
2024-11-08 01:45:00,0.022857142857142857,0.0,0.02,0.45,0.06201550387596899
2024-11-08 02:00:00,0.022857142857142857,0.014285714285714285,0.0,0.65,0.10852713178294573
2024-11-08 02:15:00,0.005714285714285717,0.0,0.0,0.55,0.0697674418604651
2024-11-08 02:30:00,0.04571428571428572,0.02857142857142857,0.02,0.5,0.09689922480620153
2024-11-08 02:45:00,0.0,0.0,0.02,0.5666666666666667,0.07364341085271317
2024-11-08 03:00:00,0.0,0.0,0.0,0.5666666666666667,0.0697674418604651
2024-11-08 03:15:00,0.022857142857142857,0.02857142857142857,0.04,0.48333333333333334,0.08139534883720931
2024-11-08 03:30:00,0.022857142857142857,0.014285714285714285,0.0,0.5666666666666667,0.08914728682170542
2024-11-08 03:45:00,0.017142857142857144,0.0,0.0,0.6666666666666666,0.10465116279069767
2024-11-08 04:00:00,0.33714285714285713,0.14285714285714285,0.14,0.25,0.2906976744186046
2024-11-08 04:15:00,0.3485714285714286,0.04285714285714286,0.02,0.43333333333333335,0.2906976744186046
2024-11-08 04:30:00,0.29714285714285715,0.14285714285714285,0.04,0.3,0.2558139534883721
2024-11-08 04:45:00,0.4057142857142857,0.09999999999999999,0.08,0.25,0.313953488372093
2024-11-08 05:00:00,0.3771428571428571,0.11428571428571428,0.1,0.35,0.32558139534883723
2024-11-08 05:15:00,0.34285714285714286,0.0,0.12,0.5,0.31007751937984496
2024-11-08 05:30:00,0.27999999999999997,0.02857142857142857,0.06,0.21666666666666667,0.19767441860465115
2024-11-08 05:45:00,0.5828571428571429,0.14285714285714285,0.46,0.08333333333333333,0.48062015503875966
2024-11-08 06:00:00,0.5542857142857143,0.39999999999999997,0.44,0.18333333333333332,0.5503875968992248
2024-11-08 06:15:00,0.6457142857142857,0.22857142857142856,0.38,0.13333333333333333,0.5426356589147286
2024-11-08 06:30:00,0.7942857142857143,0.18571428571428572,0.2,0.08333333333333333,0.5852713178294573
2024-11-08 06:45:00,0.8114285714285714,0.3,0.24,0.18333333333333332,0.6589147286821705
2024-11-08 07:00:00,0.6342857142857142,0.14285714285714285,0.22,0.21666666666666667,0.5
2024-11-08 07:15:00,0.7828571428571428,0.15714285714285714,0.5,0.08333333333333333,0.627906976744186
2024-11-08 07:30:00,0.5714285714285714,0.35714285714285715,0.26,0.15,0.507751937984496
2024-11-08 07:45:00,0.76,0.32857142857142857,0.34,0.2,0.6550387596899224
2024-11-08 08:00:00,0.7942857142857143,0.21428571428571427,0.3,0.23333333333333334,0.6472868217054263
2024-11-08 08:15:00,0.6685714285714286,0.34285714285714286,0.34,0.15,0.5852713178294573
2024-11-08 08:30:00,0.7542857142857142,0.39999999999999997,0.34,0.23333333333333334,0.6782945736434108
2024-11-08 08:45:00,0.6171428571428571,0.22857142857142856,0.24,0.2,0.5116279069767441
2024-11-08 09:00:00,0.41714285714285715,0.11428571428571428,0.22,0.15,0.3294573643410853
2024-11-08 09:15:00,0.22285714285714286,0.17142857142857143,0.54,0.21666666666666667,0.2906976744186046
2024-11-08 09:30:00,0.29714285714285715,0.18571428571428572,0.22,0.23333333333333334,0.28682170542635654
2024-11-08 09:45:00,0.38285714285714284,0.12857142857142856,0.54,0.2,0.38372093023255816
2024-11-08 10:00:00,0.3028571428571428,0.19999999999999998,0.14,0.26666666666666666,0.28682170542635654
2024-11-08 10:15:00,0.42857142857142855,0.12857142857142856,0.52,0.16666666666666666,0.4031007751937984
2024-11-08 10:30:00,0.36,0.17142857142857143,0.2,0.3,0.33720930232558133
2024-11-08 10:45:00,0.29714285714285715,0.11428571428571428,0.26,0.5333333333333333,0.34496124031007747
2024-11-08 11:00:00,0.18285714285714286,0.14285714285714285,0.1,0.55,0.24806201550387594
2024-11-08 11:15:00,0.30857142857142855,0.0,0.02,0.43333333333333335,0.25193798449612403
2024-11-08 11:30:00,0.14857142857142855,0.12857142857142856,0.26,0.55,0.25193798449612403
2024-11-08 11:45:00,0.27999999999999997,0.11428571428571428,0.18,0.5,0.31007751937984496
2024-11-08 12:00:00,0.16,0.08571428571428572,0.0,0.48333333333333334,0.18217054263565893
2024-11-08 12:15:00,0.34285714285714286,0.0,0.26,0.4666666666666667,0.3294573643410853
2024-11-08 12:30:00,0.10857142857142858,0.05714285714285714,0.12,0.48333333333333334,0.1627906976744186
2024-11-08 12:45:00,0.23428571428571426,0.14285714285714285,0.24,0.48333333333333334,0.2945736434108527
2024-11-08 13:00:00,0.18285714285714286,0.22857142857142856,0.06,0.3833333333333333,0.22480620155038758
2024-11-08 13:15:00,0.2114285714285714,0.22857142857142856,0.52,0.2833333333333333,0.31007751937984496
2024-11-08 13:30:00,0.3942857142857143,0.11428571428571428,0.14,0.48333333333333334,0.375968992248062
2024-11-08 13:45:00,0.21714285714285714,0.17142857142857143,0.42,0.18333333333333332,0.2558139534883721
2024-11-08 14:00:00,0.38285714285714284,0.07142857142857142,0.22,0.48333333333333334,0.37209302325581395
2024-11-08 14:15:00,0.3257142857142857,0.19999999999999998,0.44,0.31666666666666665,0.37209302325581395
2024-11-08 14:30:00,0.2857142857142857,0.18571428571428572,0.32,0.16666666666666666,0.2829457364341085
2024-11-08 14:45:00,0.5257142857142857,0.12857142857142856,0.3,0.43333333333333335,0.4883720930232558
2024-11-08 15:00:00,0.2114285714285714,0.24285714285714285,0.04,0.18333333333333332,0.19767441860465115
2024-11-08 15:15:00,0.06285714285714286,0.19999999999999998,0.28,0.3,0.15891472868217052
2024-11-08 15:30:00,0.38857142857142857,0.0,0.66,0.5,0.44573643410852715
2024-11-08 15:45:00,0.5771428571428572,0.07142857142857142,0.58,0.23333333333333334,0.5155038759689922
2024-11-08 16:00:00,0.7828571428571428,0.22857142857142856,0.36,0.16666666666666666,0.6395348837209301
2024-11-08 16:15:00,0.6114285714285714,0.11428571428571428,0.42,0.2833333333333333,0.5310077519379844
2024-11-08 16:30:00,0.7085714285714285,0.09999999999999999,0.52,0.25,0.6046511627906976
2024-11-08 16:45:00,0.72,0.15714285714285714,0.2,0.3,0.5775193798449612
2024-11-08 17:00:00,0.5657142857142857,0.24285714285714285,0.24,0.26666666666666666,0.49612403100775193
2024-11-08 17:15:00,0.7028571428571428,0.2714285714285714,0.64,0.3333333333333333,0.689922480620155
2024-11-08 17:30:00,0.7942857142857143,0.22857142857142856,0.28,0.18333333333333332,0.6356589147286821
2024-11-08 17:45:00,0.8285714285714285,0.07142857142857142,0.22,0.3,0.631782945736434
2024-11-08 18:00:00,0.7028571428571428,0.2857142857142857,0.32,0.26666666666666666,0.6162790697674418
2024-11-08 18:15:00,0.5657142857142857,0.39999999999999997,0.24,0.18333333333333332,0.5193798449612402
2024-11-08 18:30:00,0.3257142857142857,0.18571428571428572,0.12,0.25,0.2906976744186046
2024-11-08 18:45:00,0.3485714285714286,0.22857142857142856,0.34,0.5833333333333334,0.437984496124031
2024-11-08 19:00:00,0.5599999999999999,0.14285714285714285,0.16,0.45,0.49224806201550386
2024-11-08 19:15:00,0.3314285714285714,0.0,0.2,0.3,0.2713178294573644
2024-11-08 19:30:00,0.5428571428571428,0.15714285714285714,0.2,0.5833333333333334,0.5232558139534883
2024-11-08 19:45:00,0.37142857142857144,0.014285714285714285,0.14,0.3333333333333333,0.29844961240310075
2024-11-08 20:00:00,0.44,0.18571428571428572,0.12,0.3,0.3798449612403101
2024-11-08 20:15:00,0.5314285714285715,0.22857142857142856,0.34,0.55,0.5542635658914729
2024-11-08 20:30:00,0.3142857142857143,0.05714285714285714,0.4,0.5166666666666666,0.3643410852713178
2024-11-08 20:45:00,0.48571428571428565,0.2571428571428571,0.3,0.3833333333333333,0.4844961240310077
2024-11-08 21:00:00,0.33714285714285713,0.12857142857142856,0.16,0.4166666666666667,0.3294573643410853
2024-11-08 21:15:00,0.44,0.19999999999999998,0.22,0.3,0.4031007751937984
2024-11-08 21:30:00,0.2857142857142857,0.12857142857142856,0.3,0.2833333333333333,0.2906976744186046
2024-11-08 21:45:00,0.01142857142857143,0.014285714285714285,0.04,0.4,0.05038759689922481
2024-11-08 22:00:00,0.034285714285714294,0.0,0.02,0.4666666666666667,0.07364341085271317
2024-11-08 22:15:00,0.022857142857142857,0.014285714285714285,0.02,0.3333333333333333,0.038759689922480606
2024-11-08 22:30:00,0.05714285714285715,0.0,0.04,0.6666666666666666,0.13953488372093023
2024-11-08 22:45:00,0.04000000000000001,0.014285714285714285,0.02,0.4,0.06589147286821703
2024-11-08 23:00:00,0.017142857142857144,0.0,0.02,0.5333333333333333,0.07751937984496124
2024-11-08 23:15:00,0.01142857142857143,0.02857142857142857,0.0,0.6,0.09302325581395349
2024-11-08 23:30:00,0.017142857142857144,0.014285714285714285,0.04,0.6,0.1007751937984496
2024-11-08 23:45:00,0.005714285714285717,0.02857142857142857,0.0,0.3833333333333333,0.038759689922480606
2024-11-09 00:00:00,0.04000000000000001,0.014285714285714285,0.04,0.55,0.10465116279069767
2024-11-09 00:15:00,0.022857142857142857,0.0,0.02,0.4166666666666667,0.054263565891472854
2024-11-09 00:30:00,0.04571428571428572,0.0,0.04,0.3833333333333333,0.06589147286821703
2024-11-09 00:45:00,0.05714285714285715,0.02857142857142857,0.0,0.4666666666666667,0.09302325581395349
2024-11-09 01:00:00,0.022857142857142857,0.014285714285714285,0.02,0.5166666666666666,0.08139534883720931
2024-11-09 01:15:00,0.02857142857142857,0.014285714285714285,0.02,0.5333333333333333,0.08914728682170542
2024-11-09 01:30:00,0.02857142857142857,0.0,0.0,0.55,0.08527131782945735
2024-11-09 01:45:00,0.04000000000000001,0.014285714285714285,0.0,0.5833333333333334,0.10465116279069767
2024-11-09 02:00:00,0.05714285714285715,0.0,0.04,0.45,0.08914728682170542
2024-11-09 02:15:00,0.04571428571428572,0.014285714285714285,0.04,0.5666666666666667,0.1124031007751938
2024-11-09 02:30:00,0.04000000000000001,0.0,0.02,0.5833333333333334,0.10465116279069767
2024-11-09 02:45:00,0.04571428571428572,0.02857142857142857,0.0,0.4666666666666667,0.08527131782945735
2024-11-09 03:00:00,0.005714285714285717,0.014285714285714285,0.02,0.35,0.031007751937984496
2024-11-09 03:15:00,0.04000000000000001,0.014285714285714285,0.0,0.45,0.07364341085271317
2024-11-09 03:30:00,0.017142857142857144,0.0,0.0,0.3333333333333333,0.027131782945736427
2024-11-09 03:45:00,0.017142857142857144,0.02857142857142857,0.04,0.5833333333333334,0.1007751937984496
2024-11-09 04:00:00,0.34285714285714286,0.014285714285714285,0.12,0.3,0.2674418604651163
2024-11-09 04:15:00,0.3142857142857143,0.11428571428571428,0.12,0.16666666666666666,0.24418604651162792
2024-11-09 04:30:00,0.2914285714285714,0.14285714285714285,0.08,0.18333333333333332,0.23255813953488372
2024-11-09 04:45:00,0.29714285714285715,0.0,0.06,0.35,0.23255813953488372
2024-11-09 05:00:00,0.41714285714285715,0.07142857142857142,0.12,0.2,0.31007751937984496
2024-11-09 05:15:00,0.35428571428571426,0.14285714285714285,0.02,0.4166666666666667,0.3178294573643411
2024-11-09 05:30:00,0.44571428571428573,0.04285714285714286,0.14,0.3333333333333333,0.3565891472868217
2024-11-09 05:45:00,0.5542857142857143,0.35714285714285715,0.3,0.13333333333333333,0.5
2024-11-09 06:00:00,0.52,0.3142857142857143,0.2,0.13333333333333333,0.44573643410852715
2024-11-09 06:15:00,0.5485714285714286,0.3,0.38,0.25,0.5232558139534883
2024-11-09 06:30:00,0.4742857142857143,0.3,0.48,0.21666666666666667,0.4844961240310077
2024-11-09 06:45:00,0.6457142857142857,0.15714285714285714,0.32,0.08333333333333333,0.5
2024-11-09 07:00:00,0.5771428571428572,0.19999999999999998,0.3,0.18333333333333332,0.4844961240310077
2024-11-09 07:15:00,0.8285714285714285,0.42857142857142855,0.28,0.25,0.7286821705426356
2024-11-09 07:30:00,0.42857142857142855,0.2571428571428571,0.46,0.11666666666666667,0.4147286821705426
2024-11-09 07:45:00,0.7828571428571428,0.41428571428571426,0.3,0.08333333333333333,0.6589147286821705
2024-11-09 08:00:00,0.4342857142857143,0.42857142857142855,0.44,0.1,0.45736434108527124
2024-11-09 08:15:00,0.5942857142857143,0.2571428571428571,0.28,0.13333333333333333,0.49612403100775193
2024-11-09 08:30:00,0.7142857142857143,0.19999999999999998,0.26,0.1,0.5503875968992248
2024-11-09 08:45:00,0.8285714285714285,0.2714285714285714,0.46,0.2,0.7093023255813953
2024-11-09 09:00:00,0.3314285714285714,0.07142857142857142,0.28,0.16666666666666666,0.27519379844961234
2024-11-09 09:15:00,0.17714285714285713,0.08571428571428572,0.3,0.1,0.1627906976744186
2024-11-09 09:30:00,0.3142857142857143,0.08571428571428572,0.12,0.18333333333333332,0.24031007751937986
2024-11-09 09:45:00,0.23428571428571426,0.15714285714285714,0.18,0.2833333333333333,0.24031007751937986
2024-11-09 10:00:00,0.41714285714285715,0.21428571428571427,0.52,0.25,0.437984496124031
2024-11-09 10:15:00,0.27999999999999997,0.07142857142857142,0.22,0.11666666666666667,0.21705426356589144
2024-11-09 10:30:00,0.19428571428571428,0.14285714285714285,0.56,0.18333333333333332,0.2596899224806202
2024-11-09 10:45:00,0.3257142857142857,0.014285714285714285,0.22,0.5666666666666667,0.33720930232558133
2024-11-09 11:00:00,0.30857142857142855,0.02857142857142857,0.22,0.55,0.32558139534883723
2024-11-09 11:15:00,0.32,0.05714285714285714,0.16,0.5666666666666667,0.33333333333333337
2024-11-09 11:30:00,0.3257142857142857,0.14285714285714285,0.24,0.5833333333333334,0.3798449612403101
2024-11-09 11:45:00,0.2114285714285714,0.11428571428571428,0.12,0.5833333333333334,0.2713178294573644
2024-11-09 12:00:00,0.33714285714285713,0.07142857142857142,0.02,0.5666666666666667,0.32170542635658916
2024-11-09 12:15:00,0.29714285714285715,0.07142857142857142,0.04,0.48333333333333334,0.2790697674418604
2024-11-09 12:30:00,0.36,0.05714285714285714,0.18,0.43333333333333335,0.33333333333333337
2024-11-09 12:45:00,0.10857142857142858,0.09999999999999999,0.04,0.48333333333333334,0.15891472868217052
2024-11-09 13:00:00,0.04000000000000001,0.014285714285714285,0.66,0.4,0.18992248062015502
2024-11-09 13:15:00,0.45714285714285713,0.02857142857142857,0.6,0.26666666666666666,0.43410852713178294
2024-11-09 13:30:00,0.2057142857142857,0.2571428571428571,0.6,0.23333333333333334,0.3178294573643411
2024-11-09 13:45:00,0.005714285714285717,0.22857142857142856,0.52,0.3,0.1744186046511628
2024-11-09 14:00:00,0.39999999999999997,0.014285714285714285,0.36,0.3333333333333333,0.36046511627906974
2024-11-09 14:15:00,0.4971428571428571,0.21428571428571427,0.34,0.25,0.45736434108527124
2024-11-09 14:30:00,0.3771428571428571,0.02857142857142857,0.1,0.3333333333333333,0.29844961240310075
2024-11-09 14:45:00,0.5314285714285715,0.2857142857142857,0.42,0.23333333333333334,0.5116279069767441
2024-11-09 15:00:00,0.4114285714285714,0.08571428571428572,0.32,0.4666666666666667,0.4108527131782945
2024-11-09 15:15:00,0.32,0.0,0.48,0.31666666666666665,0.32170542635658916
2024-11-09 15:30:00,0.48571428571428565,0.07142857142857142,0.26,0.26666666666666666,0.3992248062015503
2024-11-09 15:45:00,0.6514285714285715,0.11428571428571428,0.68,0.2,0.5891472868217054
2024-11-09 16:00:00,0.6571428571428571,0.24285714285714285,0.74,0.23333333333333334,0.6472868217054263
2024-11-09 16:15:00,0.7771428571428571,0.32857142857142857,0.48,0.25,0.7054263565891472
2024-11-09 16:30:00,0.6457142857142857,0.42857142857142855,0.56,0.18333333333333332,0.6434108527131782
2024-11-09 16:45:00,0.7657142857142857,0.42857142857142855,0.66,0.26666666666666666,0.7635658914728681
2024-11-09 17:00:00,0.7257142857142858,0.22857142857142856,0.26,0.18333333333333332,0.5852713178294573
2024-11-09 17:15:00,0.6285714285714286,0.37142857142857144,0.68,0.3333333333333333,0.6744186046511628
2024-11-09 17:30:00,0.5714285714285714,0.22857142857142856,0.64,0.2833333333333333,0.5775193798449612
2024-11-09 17:45:00,0.6342857142857142,0.14285714285714285,0.54,0.18333333333333332,0.5542635658914729
2024-11-09 18:00:00,0.8114285714285714,0.3142857142857143,0.34,0.3333333333333333,0.7170542635658914
2024-11-09 18:15:00,0.76,0.18571428571428572,0.3,0.21666666666666667,0.6124031007751938
2024-11-09 18:30:00,0.4514285714285714,0.05714285714285714,0.28,0.55,0.4418604651162791
2024-11-09 18:45:00,0.46285714285714286,0.15714285714285714,0.24,0.23333333333333334,0.39534883720930236
2024-11-09 19:00:00,0.39999999999999997,0.02857142857142857,0.34,0.5166666666666666,0.4031007751937984
2024-11-09 19:15:00,0.26285714285714284,0.07142857142857142,0.1,0.2833333333333333,0.2209302325581395
2024-11-09 19:30:00,0.4057142857142857,0.2571428571428571,0.1,0.35,0.38372093023255816
2024-11-09 19:45:00,0.35428571428571426,0.17142857142857143,0.2,0.26666666666666666,0.32558139534883723
2024-11-09 20:00:00,0.5371428571428571,0.05714285714285714,0.18,0.31666666666666665,0.4263565891472868
2024-11-09 20:15:00,0.3485714285714286,0.2714285714285714,0.32,0.5,0.4263565891472868
2024-11-09 20:30:00,0.3657142857142857,0.0,0.16,0.21666666666666667,0.2674418604651163
2024-11-09 20:45:00,0.2571428571428571,0.2571428571428571,0.1,0.5666666666666667,0.33333333333333337
2024-11-09 21:00:00,0.2914285714285714,0.2714285714285714,0.22,0.4,0.34496124031007747
2024-11-09 21:15:00,0.5828571428571429,0.24285714285714285,0.22,0.4666666666666667,0.5503875968992248
2024-11-09 21:30:00,0.6,0.22857142857142856,0.14,0.5666666666666667,0.5658914728682171
2024-11-09 21:45:00,0.0,0.0,0.02,0.4,0.03488372093023255
2024-11-09 22:00:00,0.005714285714285717,0.0,0.02,0.6,0.08527131782945735
2024-11-09 22:15:00,0.0,0.014285714285714285,0.04,0.3333333333333333,0.027131782945736427
2024-11-09 22:30:00,0.005714285714285717,0.02857142857142857,0.02,0.4666666666666667,0.06201550387596899
2024-11-09 22:45:00,0.005714285714285717,0.0,0.04,0.5666666666666667,0.08139534883720931
2024-11-09 23:00:00,0.0,0.0,0.04,0.4,0.038759689922480606
2024-11-09 23:15:00,0.034285714285714294,0.02857142857142857,0.04,0.5333333333333333,0.1007751937984496
2024-11-09 23:30:00,0.0,0.02857142857142857,0.04,0.6166666666666667,0.09689922480620153
2024-11-09 23:45:00,0.02857142857142857,0.014285714285714285,0.0,0.4166666666666667,0.05813953488372092
2024-11-10 00:00:00,0.14857142857142855,0.0,0.08,0.06666666666666667,0.0697674418604651
2024-11-10 00:15:00,0.25142857142857145,0.0,0.06,0.05,0.1317829457364341
2024-11-10 00:30:00,0.23428571428571426,0.0,0.06,0.1,0.1317829457364341
2024-11-10 00:45:00,0.26285714285714284,0.0,0.04,0.08333333333333333,0.1434108527131783
2024-11-10 01:00:00,0.29714285714285715,0.08571428571428572,0.3,0.26666666666666666,0.2829457364341085
2024-11-10 01:15:00,0.22285714285714286,0.0,0.1,0.06666666666666667,0.12403100775193798
2024-11-10 01:30:00,0.18285714285714286,0.0,0.02,0.06666666666666667,0.08139534883720931
2024-11-10 01:45:00,0.2114285714285714,0.05714285714285714,0.08,0.08333333333333333,0.1317829457364341
2024-11-10 02:00:00,0.26285714285714284,0.0,0.18,0.11666666666666667,0.17829457364341086
2024-11-10 02:15:00,0.1657142857142857,0.0,0.08,0.11666666666666667,0.09302325581395349
2024-11-10 02:30:00,0.22857142857142854,0.0,0.02,0.016666666666666666,0.1007751937984496
2024-11-10 02:45:00,0.22857142857142854,0.0,0.02,0.05,0.10852713178294573
2024-11-10 03:00:00,0.2571428571428571,0.0,0.06,0.0,0.12403100775193798
2024-11-10 03:15:00,0.1657142857142857,0.0,0.08,0.06666666666666667,0.08139534883720931
2024-11-10 03:30:00,0.7085714285714285,0.3142857142857143,0.84,0.016666666666666666,0.6705426356589147
2024-11-10 03:45:00,0.7942857142857143,0.22857142857142856,0.98,0.0,0.7286821705426356
2024-11-10 04:00:00,0.6057142857142856,0.39999999999999997,0.4,0.05,0.5465116279069767
2024-11-10 04:15:00,0.35428571428571426,0.15714285714285714,0.2,0.26666666666666666,0.32170542635658916
2024-11-10 04:30:00,0.34285714285714286,0.34285714285714286,0.14,0.26666666666666666,0.3527131782945736
2024-11-10 04:45:00,0.5085714285714286,0.3857142857142857,0.14,0.26666666666666666,0.4767441860465116
2024-11-10 05:00:00,0.5085714285714286,0.2857142857142857,0.16,0.11666666666666667,0.41860465116279066
2024-11-10 05:15:00,0.35428571428571426,0.41428571428571426,0.1,0.16666666666666666,0.34883720930232553
2024-11-10 05:30:00,0.2914285714285714,0.17142857142857143,0.04,0.23333333333333334,0.24418604651162792
2024-11-10 05:45:00,0.29714285714285715,0.18571428571428572,0.06,0.18333333333333332,0.24418604651162792
2024-11-10 06:00:00,0.7085714285714285,0.3142857142857143,0.84,0.016666666666666666,0.6705426356589147
2024-11-10 06:15:00,0.7942857142857143,0.22857142857142856,0.98,0.0,0.7286821705426356
2024-11-10 06:30:00,0.6057142857142856,0.39999999999999997,0.4,0.05,0.5465116279069767
2024-11-10 06:45:00,0.6571428571428571,0.3857142857142857,0.92,0.05,0.6782945736434108
2024-11-10 07:00:00,0.5542857142857143,0.5571428571428572,0.9400000000000001,0.016666666666666666,0.6511627906976744
2024-11-10 07:15:00,0.8,0.32857142857142857,0.54,0.0,0.6744186046511628
2024-11-10 07:30:00,0.6228571428571429,0.5285714285714286,0.42,0.08333333333333333,0.6046511627906976
2024-11-10 07:45:00,0.5885714285714285,0.2571428571428571,0.44,0.016666666666666666,0.49612403100775193
2024-11-10 08:00:00,0.6685714285714286,0.39999999999999997,0.66,0.016666666666666666,0.631782945736434
2024-11-10 08:15:00,0.6228571428571429,0.5571428571428572,0.6,0.05,0.6395348837209301
2024-11-10 08:30:00,0.8285714285714285,0.5142857142857142,0.5,0.016666666666666666,0.7403100775193798
2024-11-10 08:45:00,0.5828571428571429,0.14285714285714285,0.98,0.03333333333333333,0.5697674418604651
2024-11-10 09:00:00,0.6799999999999999,0.34285714285714286,0.44,0.0,0.5775193798449612
2024-11-10 09:15:00,0.4114285714285714,0.22857142857142856,0.78,0.48333333333333334,0.5426356589147286
2024-11-10 09:30:00,0.05714285714285715,0.32857142857142857,0.6,0.35,0.26356589147286824
2024-11-10 09:45:00,0.15428571428571428,0.3142857142857143,0.76,0.35,0.3565891472868217
2024-11-10 10:00:00,0.36,0.18571428571428572,0.58,0.4,0.437984496124031
2024-11-10 10:15:00,0.1257142857142857,0.22857142857142856,0.72,0.5,0.3410852713178294
2024-11-10 10:30:00,0.4057142857142857,0.09999999999999999,0.22,0.25,0.3410852713178294
2024-11-10 10:45:00,0.2057142857142857,0.32857142857142857,0.4,0.2833333333333333,0.31007751937984496
2024-11-10 11:00:00,0.16,0.14285714285714285,0.06,0.48333333333333334,0.20930232558139536
2024-11-10 11:15:00,0.3028571428571428,0.11428571428571428,0.28,0.48333333333333334,0.3410852713178294
2024-11-10 11:30:00,0.34285714285714286,0.09999999999999999,0.22,0.43333333333333335,0.3410852713178294
2024-11-10 11:45:00,0.24,0.12857142857142856,0.12,0.48333333333333334,0.2713178294573644
2024-11-10 12:00:00,0.18857142857142856,0.14285714285714285,0.1,0.4166666666666667,0.2209302325581395
2024-11-10 12:15:00,0.29714285714285715,0.11428571428571428,0.24,0.48333333333333334,0.3294573643410853
2024-11-10 12:30:00,0.08571428571428572,0.08571428571428572,0.08,0.3333333333333333,0.1124031007751938
2024-11-10 12:45:00,0.10857142857142858,0.12857142857142856,0.28,0.3833333333333333,0.18992248062015502
2024-11-10 13:00:00,0.26857142857142857,0.14285714285714285,0.26,0.35,0.2906976744186046
2024-11-10 13:15:00,0.4228571428571428,0.21428571428571427,0.72,0.3,0.49224806201550386
2024-11-10 13:30:00,0.4514285714285714,0.34285714285714286,0.44,0.3,0.49224806201550386
2024-11-10 13:45:00,0.30857142857142855,0.2714285714285714,0.7000000000000001,0.26666666666666666,0.41860465116279066
2024-11-10 14:00:00,0.4742857142857143,0.37142857142857144,0.62,0.31666666666666665,0.5542635658914729
2024-11-10 14:15:00,0.10857142857142858,0.15714285714285714,0.64,0.21666666666666667,0.22868217054263565
2024-11-10 14:30:00,0.6,0.24285714285714285,0.46,0.3333333333333333,0.5775193798449612
2024-11-10 14:45:00,0.13714285714285712,0.37142857142857144,0.1,0.1,0.1744186046511628
2024-11-10 15:00:00,0.21714285714285714,0.37142857142857144,0.22,0.3333333333333333,0.3062015503875969
2024-11-10 15:15:00,0.36,0.39999999999999997,0.18,0.25,0.38372093023255816
2024-11-10 15:30:00,0.5885714285714285,0.22857142857142856,0.16,0.3,0.5
2024-11-10 15:45:00,0.5485714285714286,0.37142857142857144,0.16,0.23333333333333334,0.49612403100775193
2024-11-10 16:00:00,0.7771428571428571,0.44285714285714284,0.72,0.1,0.748062015503876
2024-11-10 16:15:00,0.6571428571428571,0.35714285714285715,0.56,0.08333333333333333,0.6085271317829457
2024-11-10 16:30:00,0.7542857142857142,0.32857142857142857,0.88,0.08333333333333333,0.7286821705426356
2024-11-10 16:45:00,0.6799999999999999,0.15714285714285714,0.6,0.11666666666666667,0.5852713178294573
2024-11-10 17:00:00,0.8,0.35714285714285715,0.98,0.11666666666666667,0.7945736434108527
2024-11-10 17:15:00,0.6685714285714286,0.5285714285714286,0.46,0.13333333333333333,0.6550387596899224
2024-11-10 17:30:00,0.7485714285714286,0.42857142857142855,0.4,0.15,0.6744186046511628
2024-11-10 17:45:00,0.8,0.2571428571428571,0.8,0.15,0.7403100775193798
2024-11-10 18:00:00,0.76,0.4857142857142857,0.56,0.08333333333333333,0.7131782945736433
2024-11-10 18:15:00,0.6742857142857143,0.14285714285714285,0.58,0.13333333333333333,0.5775193798449612
2024-11-10 18:30:00,0.5714285714285714,0.21428571428571427,0.42,0.15,0.5
2024-11-10 18:45:00,0.39999999999999997,0.3142857142857143,0.4,0.18333333333333332,0.4147286821705426
2024-11-10 19:00:00,0.48571428571428565,0.17142857142857143,0.2,0.21666666666666667,0.4031007751937984
2024-11-10 19:15:00,0.5542857142857143,0.3142857142857143,0.4,0.26666666666666666,0.5387596899224806
2024-11-10 19:30:00,0.32,0.2571428571428571,0.3,0.45,0.3875968992248062
2024-11-10 19:45:00,0.37142857142857144,0.11428571428571428,0.28,0.1,0.29844961240310075
2024-11-10 20:00:00,0.42857142857142855,0.24285714285714285,0.24,0.5666666666666667,0.4728682170542635
2024-11-10 20:15:00,0.3257142857142857,0.17142857142857143,0.28,0.31666666666666665,0.33333333333333337
2024-11-10 20:30:00,0.52,0.07142857142857142,0.22,0.21666666666666667,0.4031007751937984
2024-11-10 20:45:00,0.5542857142857143,0.08571428571428572,0.24,0.21666666666666667,0.43410852713178294
2024-11-10 21:00:00,0.49142857142857144,0.19999999999999998,0.3,0.1,0.40697674418604646
2024-11-10 21:15:00,0.5142857142857142,0.11428571428571428,0.34,0.21666666666666667,0.43410852713178294
2024-11-10 21:30:00,0.39999999999999997,0.21428571428571427,0.24,0.35,0.39534883720930236
2024-11-10 21:45:00,0.2742857142857143,0.3,0.4,0.16666666666666666,0.32170542635658916
2024-11-10 22:00:00,0.04571428571428572,0.014285714285714285,0.0,0.31666666666666665,0.046511627906976744
2024-11-10 22:15:00,0.02857142857142857,0.0,0.02,0.4,0.054263565891472854
2024-11-10 22:30:00,0.06285714285714286,0.02857142857142857,0.0,0.55,0.11627906976744184
2024-11-10 22:45:00,0.034285714285714294,0.014285714285714285,0.0,0.48333333333333334,0.07751937984496124
2024-11-10 23:00:00,0.07428571428571429,0.02857142857142857,0.02,0.21666666666666667,0.05038759689922481
2024-11-10 23:15:00,0.05714285714285715,0.0,0.02,0.18333333333333332,0.023255813953488358
2024-11-10 23:30:00,0.051428571428571435,0.014285714285714285,0.0,0.55,0.10465116279069767
2024-11-10 23:45:00,0.06857142857142857,0.02857142857142857,0.0,0.36666666666666664,0.07751937984496124
2024-11-11 00:00:00,0.04000000000000001,0.02857142857142857,0.02,0.2833333333333333,0.042635658914728675
2024-11-11 00:15:00,0.07428571428571429,0.0,0.0,0.48333333333333334,0.1007751937984496
2024-11-11 00:30:00,0.06285714285714286,0.014285714285714285,0.0,0.23333333333333334,0.038759689922480606
2024-11-11 00:45:00,0.08571428571428572,0.0,0.0,0.23333333333333334,0.05038759689922481
2024-11-11 01:00:00,0.08571428571428572,0.014285714285714285,0.02,0.5,0.12015503875968991
2024-11-11 01:15:00,0.05714285714285715,0.0,0.02,0.3833333333333333,0.0697674418604651
2024-11-11 01:30:00,0.06285714285714286,0.0,0.02,0.43333333333333335,0.08527131782945735
2024-11-11 01:45:00,0.07428571428571429,0.05714285714285714,0.0,0.18333333333333332,0.046511627906976744
2024-11-11 02:00:00,0.06857142857142857,0.04285714285714286,0.02,0.6,0.13953488372093023
2024-11-11 02:15:00,0.051428571428571435,0.05714285714285714,0.02,0.16666666666666666,0.031007751937984496
2024-11-11 02:30:00,0.07428571428571429,0.02857142857142857,0.02,0.4166666666666667,0.09689922480620153
2024-11-11 02:45:00,0.04000000000000001,0.02857142857142857,0.0,0.31666666666666665,0.046511627906976744
2024-11-11 03:00:00,0.034285714285714294,0.05714285714285714,0.0,0.5,0.09302325581395349
2024-11-11 03:15:00,0.08,0.014285714285714285,0.02,0.6,0.13953488372093023
2024-11-11 03:30:00,0.02857142857142857,0.05714285714285714,0.0,0.6,0.1124031007751938
2024-11-11 03:45:00,0.08571428571428572,0.014285714285714285,0.02,0.5333333333333333,0.12790697674418602
2024-11-11 04:00:00,0.05714285714285715,0.07142857142857142,0.02,0.6666666666666666,0.15503875968992248
2024-11-11 04:15:00,0.5657142857142857,0.08571428571428572,0.1,0.016666666666666666,0.3682170542635659
2024-11-11 04:30:00,0.5942857142857143,0.35714285714285715,0.06,0.13333333333333333,0.48062015503875966
2024-11-11 04:45:00,0.44,0.32857142857142857,0.16,0.3333333333333333,0.43410852713178294
2024-11-11 05:00:00,0.4342857142857143,0.35714285714285715,0.02,0.3,0.4031007751937984
2024-11-11 05:15:00,0.5142857142857142,0.22857142857142856,0.2,0.016666666666666666,0.3914728682170543
2024-11-11 05:30:00,0.49142857142857144,0.34285714285714286,0.14,0.1,0.4147286821705426
2024-11-11 05:45:00,0.4342857142857143,0.42857142857142855,0.2,0.0,0.3875968992248062
2024-11-11 06:00:00,0.6857142857142857,0.18571428571428572,0.52,0.03333333333333333,0.562015503875969
2024-11-11 06:15:00,0.6857142857142857,0.5571428571428572,0.98,0.05,0.755813953488372
2024-11-11 06:30:00,0.6857142857142857,0.4857142857142857,0.74,0.016666666666666666,0.6821705426356589
2024-11-11 06:45:00,0.6857142857142857,0.2714285714285714,0.5,0.06666666666666667,0.5891472868217054
2024-11-11 07:00:00,0.6857142857142857,0.21428571428571427,0.98,0.0,0.6511627906976744
2024-11-11 07:15:00,0.6857142857142857,0.45714285714285713,1.0,0.08333333333333333,0.7403100775193798
2024-11-11 07:30:00,0.6857142857142857,0.5428571428571428,1.0,0.016666666666666666,0.748062015503876
2024-11-11 07:45:00,0.6857142857142857,0.41428571428571426,0.58,0.05,0.6395348837209301
2024-11-11 08:00:00,0.6857142857142857,0.44285714285714284,0.96,0.06666666666666667,0.7248062015503876
2024-11-11 08:15:00,0.6857142857142857,0.45714285714285713,1.0,0.0,0.7209302325581395
2024-11-11 08:30:00,0.6857142857142857,0.44285714285714284,0.9,0.0,0.6976744186046511
2024-11-11 08:45:00,0.6857142857142857,0.3,0.4,0.016666666666666666,0.5658914728682171
2024-11-11 09:00:00,0.6857142857142857,0.39999999999999997,0.72,0.0,0.6511627906976744
2024-11-11 09:15:00,0.19428571428571428,0.14285714285714285,0.74,0.26666666666666666,0.313953488372093
2024-11-11 09:30:00,0.48,0.11428571428571428,0.24,0.21666666666666667,0.3914728682170543
2024-11-11 09:45:00,0.26285714285714284,0.22857142857142856,0.32,0.21666666666666667,0.2906976744186046
2024-11-11 10:00:00,0.06857142857142857,0.12857142857142856,0.36,0.4666666666666667,0.19767441860465115
2024-11-11 10:15:00,0.24571428571428572,0.35714285714285715,0.72,0.35,0.42248062015503873
2024-11-11 10:30:00,0.5028571428571429,0.09999999999999999,0.6,0.26666666666666666,0.4844961240310077
2024-11-11 10:45:00,0.2857142857142857,0.21428571428571427,0.72,0.25,0.3875968992248062
2024-11-11 11:00:00,0.26285714285714284,0.14285714285714285,0.16,0.36666666666666664,0.2713178294573644
2024-11-11 11:15:00,0.26285714285714284,0.09999999999999999,0.06,0.4,0.24806201550387594
2024-11-11 11:30:00,0.26285714285714284,0.12857142857142856,0.14,0.5,0.2945736434108527
2024-11-11 11:45:00,0.26285714285714284,0.09999999999999999,0.28,0.3333333333333333,0.27519379844961234
2024-11-11 12:00:00,0.26285714285714284,0.14285714285714285,0.28,0.3333333333333333,0.28682170542635654
2024-11-11 12:15:00,0.26285714285714284,0.14285714285714285,0.12,0.36666666666666664,0.26356589147286824
2024-11-11 12:30:00,0.26285714285714284,0.11428571428571428,0.22,0.36666666666666664,0.27519379844961234
2024-11-11 12:45:00,0.26285714285714284,0.08571428571428572,0.2,0.43333333333333335,0.2790697674418604
2024-11-11 13:00:00,0.26285714285714284,0.09999999999999999,0.14,0.45,0.27519379844961234
2024-11-11 13:15:00,0.5657142857142857,0.24285714285714285,0.5,0.3333333333333333,0.562015503875969
2024-11-11 13:30:00,0.005714285714285717,0.39999999999999997,0.54,0.23333333333333334,0.20930232558139536
2024-11-11 13:45:00,0.27999999999999997,0.41428571428571426,0.74,0.15,0.41860465116279066
2024-11-11 14:00:00,0.21714285714285714,0.18571428571428572,0.6,0.3333333333333333,0.3294573643410853
2024-11-11 14:15:00,0.3142857142857143,0.3,0.52,0.18333333333333332,0.375968992248062
2024-11-11 14:30:00,0.5485714285714286,0.32857142857142857,0.16,0.3333333333333333,0.507751937984496
2024-11-11 14:45:00,0.3257142857142857,0.37142857142857144,0.38,0.18333333333333332,0.375968992248062
2024-11-11 15:00:00,0.19428571428571428,0.34285714285714286,0.26,0.18333333333333332,0.2558139534883721
2024-11-11 15:15:00,0.48571428571428565,0.2857142857142857,0.7000000000000001,0.11666666666666667,0.507751937984496
2024-11-11 15:30:00,0.5942857142857143,0.42857142857142855,0.44,0.3333333333333333,0.6201550387596899
2024-11-11 15:45:00,0.36,0.37142857142857144,0.5,0.3333333333333333,0.45736434108527124
2024-11-11 16:00:00,0.7828571428571428,0.3142857142857143,0.74,0.1,0.7209302325581395
2024-11-11 16:15:00,0.6171428571428571,0.19999999999999998,0.4,0.08333333333333333,0.507751937984496
2024-11-11 16:30:00,0.7828571428571428,0.18571428571428572,0.74,0.13333333333333333,0.6937984496124031
2024-11-11 16:45:00,0.5885714285714285,0.32857142857142857,0.52,0.15,0.562015503875969
2024-11-11 17:00:00,0.6685714285714286,0.41428571428571426,0.6,0.11666666666666667,0.6472868217054263
2024-11-11 17:15:00,0.7314285714285714,0.17142857142857143,0.6,0.11666666666666667,0.624031007751938
2024-11-11 17:30:00,0.6457142857142857,0.32857142857142857,0.76,0.16666666666666666,0.6511627906976744
2024-11-11 17:45:00,0.6628571428571428,0.5,0.52,0.13333333333333333,0.6550387596899224
2024-11-11 18:00:00,0.6342857142857142,0.32857142857142857,0.4,0.13333333333333333,0.5658914728682171
2024-11-11 18:15:00,0.7257142857142858,0.17142857142857143,0.54,0.13333333333333333,0.6124031007751938
2024-11-11 18:30:00,0.7942857142857143,0.24285714285714285,0.66,0.11666666666666667,0.6976744186046511
2024-11-11 18:45:00,0.5599999999999999,0.3,0.22,0.18333333333333332,0.4844961240310077
2024-11-11 19:00:00,0.5828571428571429,0.21428571428571427,0.2,0.25,0.4883720930232558
2024-11-11 19:15:00,0.2571428571428571,0.14285714285714285,0.2,0.2833333333333333,0.2558139534883721
2024-11-11 19:30:00,0.5885714285714285,0.21428571428571427,0.2,0.1,0.45736434108527124
2024-11-11 19:45:00,0.5885714285714285,0.34285714285714286,0.3,0.48333333333333334,0.6007751937984496
2024-11-11 20:00:00,0.5485714285714286,0.08571428571428572,0.3,0.21666666666666667,0.4418604651162791
2024-11-11 20:15:00,0.2857142857142857,0.24285714285714285,0.24,0.31666666666666665,0.3178294573643411
2024-11-11 20:30:00,0.4114285714285714,0.09999999999999999,0.4,0.26666666666666666,0.38372093023255816
2024-11-11 20:45:00,0.49142857142857144,0.17142857142857143,0.38,0.13333333333333333,0.42248062015503873
2024-11-11 21:00:00,0.5142857142857142,0.35714285714285715,0.34,0.48333333333333334,0.562015503875969
2024-11-11 21:15:00,0.41714285714285715,0.24285714285714285,0.34,0.45,0.45736434108527124
2024-11-11 21:30:00,0.5314285714285715,0.22857142857142856,0.32,0.35,0.5038759689922481
2024-11-11 21:45:00,0.46285714285714286,0.18571428571428572,0.22,0.5833333333333334,0.48062015503875966
2024-11-11 22:00:00,0.07428571428571429,0.05714285714285714,0.0,0.26666666666666666,0.06589147286821703
2024-11-11 22:15:00,0.07428571428571429,0.07142857142857142,0.0,0.2,0.054263565891472854
2024-11-11 22:30:00,0.07428571428571429,0.02857142857142857,0.02,0.4166666666666667,0.09689922480620153
2024-11-11 22:45:00,0.07428571428571429,0.014285714285714285,0.0,0.2833333333333333,0.05813953488372092
2024-11-11 23:00:00,0.07428571428571429,0.07142857142857142,0.0,0.35,0.08914728682170542
2024-11-11 23:15:00,0.07428571428571429,0.0,0.02,0.2,0.038759689922480606
2024-11-11 23:30:00,0.07428571428571429,0.04285714285714286,0.02,0.4666666666666667,0.1124031007751938
2024-11-11 23:45:00,0.07428571428571429,0.05714285714285714,0.02,0.6666666666666666,0.1627906976744186
2024-11-12 00:00:00,0.07428571428571429,0.014285714285714285,0.02,0.65,0.14728682170542634
2024-11-12 00:15:00,0.07428571428571429,0.05714285714285714,0.0,0.5,0.12015503875968991
2024-11-12 00:30:00,0.07428571428571429,0.07142857142857142,0.02,0.21666666666666667,0.06201550387596899
2024-11-12 00:45:00,0.07428571428571429,0.02857142857142857,0.0,0.6166666666666667,0.13953488372093023
2024-11-12 01:00:00,0.07428571428571429,0.0,0.0,0.21666666666666667,0.038759689922480606
2024-11-12 01:15:00,0.07428571428571429,0.07142857142857142,0.0,0.18333333333333332,0.05038759689922481
2024-11-12 01:30:00,0.07428571428571429,0.07142857142857142,0.02,0.2,0.05813953488372092
2024-11-12 01:45:00,0.07428571428571429,0.014285714285714285,0.02,0.26666666666666666,0.05813953488372092
2024-11-12 02:00:00,0.07428571428571429,0.014285714285714285,0.02,0.5666666666666667,0.12790697674418602
2024-11-12 02:15:00,0.07428571428571429,0.014285714285714285,0.0,0.4,0.08527131782945735
2024-11-12 02:30:00,0.07428571428571429,0.0,0.0,0.3833333333333333,0.07751937984496124
2024-11-12 02:45:00,0.07428571428571429,0.0,0.0,0.45,0.09302325581395349
2024-11-12 03:00:00,0.07428571428571429,0.07142857142857142,0.0,0.4666666666666667,0.11627906976744184
2024-11-12 03:15:00,0.07428571428571429,0.014285714285714285,0.0,0.23333333333333334,0.046511627906976744
2024-11-12 03:30:00,0.07428571428571429,0.07142857142857142,0.0,0.4166666666666667,0.10465116279069767
2024-11-12 03:45:00,0.07428571428571429,0.05714285714285714,0.02,0.5,0.12403100775193798
2024-11-12 04:00:00,0.07428571428571429,0.07142857142857142,0.02,0.5,0.12790697674418602
2024-11-12 04:15:00,0.3257142857142857,0.34285714285714286,0.14,0.03333333333333333,0.28682170542635654
2024-11-12 04:30:00,0.26285714285714284,0.32857142857142857,0.12,0.016666666666666666,0.23255813953488372
2024-11-12 04:45:00,0.6228571428571429,0.32857142857142857,0.2,0.31666666666666665,0.562015503875969
2024-11-12 05:00:00,0.45714285714285713,0.3142857142857143,0.18,0.15,0.4031007751937984
2024-11-12 05:15:00,0.5542857142857143,0.34285714285714286,0.08,0.3333333333333333,0.5
2024-11-12 05:30:00,0.5485714285714286,0.2571428571428571,0.06,0.2833333333333333,0.45736434108527124
2024-11-12 05:45:00,0.6342857142857142,0.2714285714285714,0.0,0.2833333333333333,0.507751937984496
2024-11-12 06:00:00,0.64,0.5428571428571428,1.0,0.08333333333333333,0.7325581395348837
2024-11-12 06:15:00,0.6228571428571429,0.45714285714285713,0.68,0.03333333333333333,0.624031007751938
2024-11-12 06:30:00,0.6571428571428571,0.24285714285714285,0.46,0.016666666666666666,0.5426356589147286
2024-11-12 06:45:00,0.8,0.2857142857142857,0.5,0.03333333333333333,0.6627906976744186
2024-11-12 07:00:00,0.6857142857142857,0.42857142857142855,0.96,0.016666666666666666,0.7093023255813953
2024-11-12 07:15:00,0.5599999999999999,0.3857142857142857,0.9,0.016666666666666666,0.6007751937984496
2024-11-12 07:30:00,0.6228571428571429,0.2857142857142857,0.86,0.016666666666666666,0.6085271317829457
2024-11-12 07:45:00,0.8,0.14285714285714285,0.88,0.016666666666666666,0.6937984496124031
2024-11-12 08:00:00,0.8114285714285714,0.44285714285714284,0.4,0.06666666666666667,0.7015503875968991
2024-11-12 08:15:00,0.5657142857142857,0.34285714285714286,0.8,0.0,0.5697674418604651
2024-11-12 08:30:00,0.6799999999999999,0.15714285714285714,0.44,0.0,0.5271317829457364
2024-11-12 08:45:00,0.5485714285714286,0.5285714285714286,0.62,0.06666666666666667,0.5891472868217054
2024-11-12 09:00:00,0.7942857142857143,0.42857142857142855,0.74,0.016666666666666666,0.7403100775193798
2024-11-12 09:15:00,0.10857142857142858,0.2571428571428571,0.74,0.3,0.2945736434108527
2024-11-12 09:30:00,0.10857142857142858,0.11428571428571428,0.34,0.4166666666666667,0.2054263565891473
2024-11-12 09:45:00,0.06285714285714286,0.3142857142857143,0.24,0.3333333333333333,0.18992248062015502
2024-11-12 10:00:00,0.12000000000000001,0.02857142857142857,0.78,0.43333333333333335,0.2790697674418604
2024-11-12 10:15:00,0.48571428571428565,0.09999999999999999,0.36,0.25,0.42248062015503873
2024-11-12 10:30:00,0.30857142857142855,0.08571428571428572,0.22,0.18333333333333332,0.2558139534883721
2024-11-12 10:45:00,0.13142857142857142,0.09999999999999999,0.44,0.3,0.20930232558139536
2024-11-12 11:00:00,0.3142857142857143,0.07142857142857142,0.28,0.35,0.3062015503875969
2024-11-12 11:15:00,0.3657142857142857,0.12857142857142856,0.16,0.3833333333333333,0.3410852713178294
2024-11-12 11:30:00,0.30857142857142855,0.12857142857142856,0.24,0.43333333333333335,0.3294573643410853
2024-11-12 11:45:00,0.10857142857142858,0.14285714285714285,0.1,0.35,0.1511627906976744
2024-11-12 12:00:00,0.2057142857142857,0.09999999999999999,0.14,0.35,0.21317829457364337
2024-11-12 12:15:00,0.24571428571428572,0.14285714285714285,0.18,0.48333333333333334,0.2906976744186046
2024-11-12 12:30:00,0.30857142857142855,0.14285714285714285,0.28,0.3833333333333333,0.3294573643410853
2024-11-12 12:45:00,0.35428571428571426,0.09999999999999999,0.24,0.4666666666666667,0.36046511627906974
2024-11-12 13:00:00,0.26857142857142857,0.12857142857142856,0.16,0.3333333333333333,0.26356589147286824
2024-11-12 13:15:00,0.22857142857142854,0.37142857142857144,0.58,0.16666666666666666,0.34496124031007747
2024-11-12 13:30:00,0.051428571428571435,0.3,0.14,0.3,0.1511627906976744
2024-11-12 13:45:00,0.2857142857142857,0.3142857142857143,0.48,0.16666666666666666,0.34883720930232553
2024-11-12 14:00:00,0.22857142857142854,0.19999999999999998,0.78,0.08333333333333333,0.3178294573643411
2024-11-12 14:15:00,0.48571428571428565,0.24285714285714285,0.32,0.18333333333333332,0.437984496124031
2024-11-12 14:30:00,0.16,0.3,0.5,0.08333333333333333,0.24418604651162792
2024-11-12 14:45:00,0.6457142857142857,0.35714285714285715,0.62,0.21666666666666667,0.6434108527131782
2024-11-12 15:00:00,0.46285714285714286,0.39999999999999997,0.26,0.08333333333333333,0.43023255813953487
2024-11-12 15:15:00,0.5714285714285714,0.41428571428571426,0.44,0.2,0.5697674418604651
2024-11-12 15:30:00,0.02857142857142857,0.2714285714285714,0.52,0.13333333333333333,0.1627906976744186
2024-11-12 15:45:00,0.23428571428571426,0.3142857142857143,0.36,0.15,0.28682170542635654
2024-11-12 16:00:00,0.5714285714285714,0.5,0.96,0.1,0.6705426356589147
2024-11-12 16:15:00,0.7428571428571429,0.5285714285714286,0.68,0.08333333333333333,0.7364341085271318
2024-11-12 16:30:00,0.5599999999999999,0.41428571428571426,0.88,0.1,0.624031007751938
2024-11-12 16:45:00,0.6171428571428571,0.18571428571428572,0.84,0.16666666666666666,0.6085271317829457
2024-11-12 17:00:00,0.5599999999999999,0.2857142857142857,0.54,0.15,0.5348837209302325
2024-11-12 17:15:00,0.8285714285714285,0.18571428571428572,0.4,0.15,0.6627906976744186
2024-11-12 17:30:00,0.6342857142857142,0.35714285714285715,0.66,0.13333333333333333,0.624031007751938
2024-11-12 17:45:00,0.5942857142857143,0.22857142857142856,0.8200000000000001,0.15,0.5968992248062015
2024-11-12 18:00:00,0.6114285714285714,0.15714285714285714,1.0,0.08333333333333333,0.6085271317829457
2024-11-12 18:15:00,0.5657142857142857,0.44285714285714284,0.6,0.08333333333333333,0.5775193798449612
2024-11-12 18:30:00,0.8057142857142857,0.2571428571428571,0.8,0.1,0.7325581395348837
2024-11-12 18:45:00,0.6,0.34285714285714286,0.2,0.48333333333333334,0.5891472868217054
2024-11-12 19:00:00,0.3142857142857143,0.21428571428571427,0.24,0.4166666666666667,0.3527131782945736
2024-11-12 19:15:00,0.5599999999999999,0.12857142857142856,0.28,0.48333333333333334,0.5193798449612402
2024-11-12 19:30:00,0.5542857142857143,0.08571428571428572,0.3,0.1,0.41860465116279066
2024-11-12 19:45:00,0.26285714285714284,0.24285714285714285,0.32,0.13333333333333333,0.27519379844961234
2024-11-12 20:00:00,0.3257142857142857,0.17142857142857143,0.22,0.3,0.3178294573643411
2024-11-12 20:15:00,0.5599999999999999,0.19999999999999998,0.24,0.08333333333333333,0.437984496124031
2024-11-12 20:30:00,0.2571428571428571,0.09999999999999999,0.22,0.3833333333333333,0.2713178294573644
2024-11-12 20:45:00,0.42857142857142855,0.19999999999999998,0.4,0.1,0.38372093023255816
2024-11-12 21:00:00,0.5314285714285715,0.18571428571428572,0.36,0.35,0.5
2024-11-12 21:15:00,0.2742857142857143,0.35714285714285715,0.4,0.21666666666666667,0.34883720930232553
2024-11-12 21:30:00,0.26857142857142857,0.11428571428571428,0.2,0.45,0.2945736434108527
2024-11-12 21:45:00,0.3771428571428571,0.32857142857142857,0.26,0.35,0.4147286821705426
2024-11-12 22:00:00,0.06857142857142857,0.04285714285714286,0.0,0.48333333333333334,0.10852713178294573
2024-11-12 22:15:00,0.08571428571428572,0.07142857142857142,0.02,0.6,0.15891472868217052
2024-11-12 22:30:00,0.05714285714285715,0.0,0.0,0.5333333333333333,0.1007751937984496
2024-11-12 22:45:00,0.05714285714285715,0.0,0.02,0.3333333333333333,0.05813953488372092
2024-11-12 23:00:00,0.051428571428571435,0.02857142857142857,0.0,0.3833333333333333,0.0697674418604651
2024-11-12 23:15:00,0.04571428571428572,0.014285714285714285,0.0,0.48333333333333334,0.08527131782945735
2024-11-12 23:30:00,0.051428571428571435,0.07142857142857142,0.0,0.5166666666666666,0.1124031007751938
2024-11-12 23:45:00,0.06285714285714286,0.04285714285714286,0.0,0.55,0.12015503875968991
2024-11-13 00:00:00,0.07428571428571429,0.05714285714285714,0.02,0.25,0.06589147286821703
2024-11-13 00:15:00,0.08571428571428572,0.0,0.02,0.3833333333333333,0.08914728682170542
2024-11-13 00:30:00,0.08,0.04285714285714286,0.0,0.26666666666666666,0.06589147286821703
2024-11-13 00:45:00,0.02857142857142857,0.04285714285714286,0.0,0.2,0.015503875968992248
2024-11-13 01:00:00,0.02857142857142857,0.05714285714285714,0.0,0.3833333333333333,0.06201550387596899
2024-11-13 01:15:00,0.04000000000000001,0.07142857142857142,0.0,0.48333333333333334,0.09689922480620153
2024-11-13 01:30:00,0.02857142857142857,0.0,0.0,0.65,0.10852713178294573
2024-11-13 01:45:00,0.06285714285714286,0.02857142857142857,0.02,0.35,0.07364341085271317
2024-11-13 02:00:00,0.07428571428571429,0.05714285714285714,0.02,0.6,0.14728682170542634
2024-11-13 02:15:00,0.05714285714285715,0.014285714285714285,0.0,0.23333333333333334,0.03488372093023255
2024-11-13 02:30:00,0.06857142857142857,0.05714285714285714,0.0,0.21666666666666667,0.05038759689922481
2024-11-13 02:45:00,0.07428571428571429,0.04285714285714286,0.02,0.4,0.09689922480620153
2024-11-13 03:00:00,0.08,0.02857142857142857,0.0,0.18333333333333332,0.042635658914728675
2024-11-13 03:15:00,0.08,0.04285714285714286,0.0,0.35,0.08527131782945735
2024-11-13 03:30:00,0.08,0.04285714285714286,0.02,0.5166666666666666,0.12790697674418602
2024-11-13 03:45:00,0.051428571428571435,0.02857142857142857,0.02,0.31666666666666665,0.05813953488372092
2024-11-13 04:00:00,0.034285714285714294,0.0,0.0,0.45,0.06589147286821703
2024-11-13 04:15:00,0.1257142857142857,0.08571428571428572,0.02,0.18333333333333332,0.09302325581395349
2024-11-13 04:30:00,0.16,0.15714285714285714,0.12,0.21666666666666667,0.1627906976744186
2024-11-13 04:45:00,0.3314285714285714,0.08571428571428572,0.14,0.16666666666666666,0.25193798449612403
2024-11-13 05:00:00,0.3028571428571428,0.18571428571428572,0.08,0.25,0.2674418604651163
2024-11-13 05:15:00,0.29714285714285715,0.15714285714285714,0.14,0.16666666666666666,0.24806201550387594
2024-11-13 05:30:00,0.3314285714285714,0.14285714285714285,0.12,0.2,0.2713178294573644
2024-11-13 05:45:00,0.3942857142857143,0.12857142857142856,0.0,0.25,0.29844961240310075
2024-11-13 06:00:00,0.3771428571428571,0.12857142857142856,0.14,0.16666666666666666,0.2945736434108527
2024-11-13 06:15:00,0.16,0.12857142857142856,0.12,0.21666666666666667,0.15503875968992248
2024-11-13 06:30:00,0.13714285714285712,0.08571428571428572,0.02,0.2,0.10465116279069767
2024-11-13 06:45:00,0.15428571428571428,0.12857142857142856,0.06,0.18333333333333332,0.1317829457364341
2024-11-13 07:00:00,0.29714285714285715,0.19999999999999998,0.06,0.18333333333333332,0.24806201550387594
2024-11-13 07:15:00,0.14857142857142855,0.15714285714285714,0.0,0.23333333333333334,0.13565891472868216
2024-11-13 07:30:00,0.14285714285714285,0.12857142857142856,0.06,0.16666666666666666,0.12015503875968991
2024-11-13 07:45:00,0.32,0.11428571428571428,0.14,0.2,0.2596899224806202
2024-11-13 08:00:00,0.24,0.14285714285714285,0.08,0.16666666666666666,0.19379844961240308
2024-11-13 08:15:00,0.42857142857142855,0.22857142857142856,0.08,0.25,0.3643410852713178
2024-11-13 08:30:00,0.25142857142857145,0.14285714285714285,0.04,0.16666666666666666,0.19379844961240308
2024-11-13 08:45:00,0.3028571428571428,0.09999999999999999,0.1,0.21666666666666667,0.24031007751937986
2024-11-13 09:00:00,0.2742857142857143,0.2714285714285714,0.02,0.16666666666666666,0.24031007751937986
2024-11-13 09:15:00,0.7257142857142858,0.6714285714285714,0.5,0.0,0.7093023255813953
2024-11-13 09:30:00,0.72,0.7428571428571429,0.3,0.0,0.686046511627907
2024-11-13 09:45:00,0.9485714285714285,0.8428571428571429,0.54,0.05,0.9263565891472868
2024-11-13 10:00:00,0.72,0.6142857142857142,0.4,0.05,0.6821705426356589
2024-11-13 10:15:00,0.9828571428571428,0.7999999999999999,0.24,0.06666666666666667,0.883720930232558
2024-11-13 10:30:00,0.8857142857142857,0.6714285714285714,0.6,0.05,0.8488372093023255
2024-11-13 10:45:00,0.9885714285714285,0.9714285714285714,0.56,0.06666666666666667,0.9961240310077518
2024-11-13 11:00:00,0.9371428571428572,1.0,0.4,0.05,0.9341085271317829
2024-11-13 11:15:00,0.7314285714285714,0.7999999999999999,0.5,0.03333333333333333,0.755813953488372
2024-11-13 11:30:00,0.8342857142857143,0.7428571428571429,0.26,0.0,0.755813953488372
2024-11-13 11:45:00,0.9942857142857143,0.6571428571428571,0.54,0.05,0.9069767441860465
2024-11-13 12:00:00,0.7942857142857143,0.9714285714285714,0.4,0.0,0.8178294573643411
2024-11-13 12:15:00,0.8971428571428571,0.6571428571428571,0.38,0.03333333333333333,0.8062015503875969
2024-11-13 12:30:00,0.88,0.6285714285714286,0.46,0.03333333333333333,0.8023255813953488
2024-11-13 12:45:00,0.9657142857142857,0.9571428571428571,0.6,0.016666666666666666,0.9728682170542636
2024-11-13 13:00:00,0.7485714285714286,0.8142857142857143,0.58,0.06666666666666667,0.7945736434108527
2024-11-13 13:15:00,0.8628571428571429,0.6,0.24,0.05,0.7441860465116279
2024-11-13 13:30:00,0.9714285714285714,0.9,0.38,0.05,0.9263565891472868
2024-11-13 13:45:00,0.9542857142857143,0.8857142857142857,0.4,0.03333333333333333,0.9108527131782945
2024-11-13 14:00:00,0.9485714285714285,0.7,0.3,0.0,0.8294573643410852
2024-11-13 14:15:00,0.9542857142857143,0.9285714285714285,0.36,0.03333333333333333,0.9147286821705426
2024-11-13 14:30:00,0.9771428571428572,0.7142857142857143,0.26,0.016666666666666666,0.8488372093023255
2024-11-13 14:45:00,0.8457142857142858,0.7142857142857143,0.46,0.05,0.8062015503875969
2024-11-13 15:00:00,0.8171428571428572,0.9142857142857143,0.54,0.0,0.8449612403100775
2024-11-13 15:15:00,0.2914285714285714,0.39999999999999997,0.12,0.03333333333333333,0.27519379844961234
2024-11-13 15:30:00,0.4742857142857143,0.37142857142857144,0.5,0.0,0.45736434108527124
2024-11-13 15:45:00,0.44,0.32857142857142857,0.28,0.0,0.3798449612403101
2024-11-13 16:00:00,0.4114285714285714,0.2857142857142857,0.14,0.0,0.32170542635658916
2024-11-13 16:15:00,0.3485714285714286,0.34285714285714286,0.02,0.0,0.2713178294573644
2024-11-13 16:30:00,0.38285714285714284,0.3142857142857143,0.16,0.03333333333333333,0.32170542635658916
2024-11-13 16:45:00,0.3257142857142857,0.39999999999999997,0.42,0.03333333333333333,0.3565891472868217
2024-11-13 17:00:00,0.3485714285714286,0.37142857142857144,0.08,0.016666666666666666,0.2945736434108527
2024-11-13 17:15:00,0.45714285714285713,0.2857142857142857,0.08,0.0,0.3410852713178294
2024-11-13 17:30:00,0.4685714285714286,0.34285714285714286,0.22,0.03333333333333333,0.3992248062015503
2024-11-13 17:45:00,0.35428571428571426,0.39999999999999997,0.5,0.0,0.38372093023255816
2024-11-13 18:00:00,0.37142857142857144,0.37142857142857144,0.32,0.03333333333333333,0.36046511627906974
2024-11-13 18:15:00,0.3257142857142857,0.2857142857142857,0.4,0.016666666666666666,0.3178294573643411
2024-11-13 18:30:00,0.35428571428571426,0.41428571428571426,0.02,0.0,0.2945736434108527
2024-11-13 18:45:00,0.34285714285714286,0.35714285714285715,0.02,0.016666666666666666,0.27519379844961234
2024-11-13 19:00:00,0.4057142857142857,0.34285714285714286,0.46,0.0,0.39534883720930236
2024-11-13 19:15:00,0.2114285714285714,0.014285714285714285,0.1,0.18333333333333332,0.14728682170542634
2024-11-13 19:30:00,0.2114285714285714,0.14285714285714285,0.06,0.016666666666666666,0.13565891472868216
2024-11-13 19:45:00,0.14857142857142855,0.15714285714285714,0.02,0.2,0.1317829457364341
2024-11-13 20:00:00,0.24,0.09999999999999999,0.06,0.1,0.1627906976744186
2024-11-13 20:15:00,0.13142857142857142,0.09999999999999999,0.04,0.06666666666666667,0.07751937984496124
2024-11-13 20:30:00,0.09714285714285716,0.04285714285714286,0.12,0.016666666666666666,0.042635658914728675
2024-11-13 20:45:00,0.13714285714285712,0.014285714285714285,0.14,0.08333333333333333,0.08139534883720931
2024-11-13 21:00:00,0.21714285714285714,0.12857142857142856,0.02,0.18333333333333332,0.16666666666666666
2024-11-13 21:15:00,0.10285714285714286,0.04285714285714286,0.06,0.13333333333333333,0.06201550387596899
2024-11-13 21:30:00,0.09142857142857143,0.02857142857142857,0.1,0.25,0.08527131782945735
2024-11-13 21:45:00,0.14857142857142855,0.02857142857142857,0.02,0.15,0.08527131782945735
2024-11-13 22:00:00,0.05714285714285715,0.07142857142857142,0.0,0.3,0.06589147286821703
2024-11-13 22:15:00,0.034285714285714294,0.02857142857142857,0.0,0.25,0.027131782945736427
2024-11-13 22:30:00,0.04000000000000001,0.0,0.02,0.2833333333333333,0.03488372093023255
2024-11-13 22:45:00,0.07428571428571429,0.04285714285714286,0.0,0.3,0.0697674418604651
2024-11-13 23:00:00,0.08,0.014285714285714285,0.0,0.5166666666666666,0.11627906976744184
2024-11-13 23:15:00,0.06857142857142857,0.0,0.0,0.36666666666666664,0.0697674418604651
2024-11-13 23:30:00,0.05714285714285715,0.07142857142857142,0.0,0.23333333333333334,0.05038759689922481
2024-11-13 23:45:00,0.05714285714285715,0.014285714285714285,0.02,0.4,0.07751937984496124
2024-11-14 00:00:00,0.07428571428571429,0.05714285714285714,0.0,0.55,0.1317829457364341
2024-11-14 00:15:00,0.051428571428571435,0.05714285714285714,0.0,0.5666666666666667,0.12015503875968991
2024-11-14 00:30:00,0.051428571428571435,0.0,0.02,0.31666666666666665,0.05038759689922481
2024-11-14 00:45:00,0.08,0.04285714285714286,0.0,0.6,0.1434108527131783
2024-11-14 01:00:00,0.02857142857142857,0.05714285714285714,0.02,0.35,0.05813953488372092
2024-11-14 01:15:00,0.08,0.014285714285714285,0.0,0.31666666666666665,0.0697674418604651
2024-11-14 01:30:00,0.07428571428571429,0.07142857142857142,0.0,0.43333333333333335,0.10852713178294573
2024-11-14 01:45:00,0.06857142857142857,0.014285714285714285,0.02,0.4166666666666667,0.08914728682170542
2024-11-14 02:00:00,0.08571428571428572,0.02857142857142857,0.0,0.2,0.05038759689922481
2024-11-14 02:15:00,0.05714285714285715,0.07142857142857142,0.0,0.25,0.054263565891472854
2024-11-14 02:30:00,0.034285714285714294,0.05714285714285714,0.0,0.23333333333333334,0.031007751937984496
2024-11-14 02:45:00,0.051428571428571435,0.04285714285714286,0.02,0.3,0.05813953488372092
2024-11-14 03:00:00,0.04571428571428572,0.02857142857142857,0.0,0.65,0.12790697674418602
2024-11-14 03:15:00,0.06857142857142857,0.07142857142857142,0.0,0.48333333333333334,0.11627906976744184
2024-11-14 03:30:00,0.04571428571428572,0.07142857142857142,0.0,0.5166666666666666,0.10852713178294573
2024-11-14 03:45:00,0.07428571428571429,0.07142857142857142,0.0,0.5833333333333334,0.1434108527131783
2024-11-14 04:00:00,0.05714285714285715,0.05714285714285714,0.0,0.26666666666666666,0.054263565891472854
2024-11-14 04:15:00,0.2857142857142857,0.21428571428571427,0.1,0.05,0.2209302325581395
2024-11-14 04:30:00,0.4057142857142857,0.14285714285714285,0.14,0.15,0.313953488372093
2024-11-14 04:45:00,0.5314285714285715,0.0,0.18,0.31666666666666665,0.40697674418604646
2024-11-14 05:00:00,0.5314285714285715,0.17142857142857143,0.12,0.1,0.3914728682170543
2024-11-14 05:15:00,0.5599999999999999,0.02857142857142857,0.2,0.3333333333333333,0.4418604651162791
2024-11-14 05:30:00,0.5028571428571429,0.24285714285714285,0.16,0.2,0.42248062015503873
2024-11-14 05:45:00,0.6285714285714286,0.3857142857142857,0.18,0.26666666666666666,0.5658914728682171
2024-11-14 06:00:00,0.6571428571428571,0.17142857142857143,0.44,0.05,0.5271317829457364
2024-11-14 06:15:00,0.7828571428571428,0.2571428571428571,0.54,0.0,0.6434108527131782
2024-11-14 06:30:00,0.64,0.41428571428571426,0.98,0.03333333333333333,0.6821705426356589
2024-11-14 06:45:00,0.6914285714285714,0.5142857142857142,0.48,0.0,0.6395348837209301
2024-11-14 07:00:00,0.6,0.5571428571428572,0.76,0.08333333333333333,0.6627906976744186
2024-11-14 07:15:00,0.8228571428571428,0.2857142857142857,0.78,0.08333333333333333,0.7441860465116279
2024-11-14 07:30:00,0.5942857142857143,0.41428571428571426,0.46,0.08333333333333333,0.562015503875969
2024-11-14 07:45:00,0.6799999999999999,0.4857142857142857,0.48,0.06666666666666667,0.6395348837209301
2024-11-14 08:00:00,0.8228571428571428,0.5,0.64,0.016666666666666666,0.7596899224806201
2024-11-14 08:15:00,0.6857142857142857,0.45714285714285713,0.76,0.06666666666666667,0.689922480620155
2024-11-14 08:30:00,0.5485714285714286,0.32857142857142857,0.76,0.016666666666666666,0.5503875968992248
2024-11-14 08:45:00,0.7542857142857142,0.5142857142857142,0.6,0.0,0.7054263565891472
2024-11-14 09:00:00,0.7657142857142857,0.21428571428571427,0.42,0.05,0.6085271317829457
2024-11-14 09:15:00,0.08,0.04285714285714286,0.58,0.15,0.1511627906976744
2024-11-14 09:30:00,0.04571428571428572,0.15714285714285714,0.78,0.11666666666666667,0.18992248062015502
2024-11-14 09:45:00,0.14857142857142855,0.02857142857142857,0.58,0.45,0.26356589147286824
2024-11-14 10:00:00,0.07428571428571429,0.34285714285714286,0.42,0.36666666666666664,0.24806201550387594
2024-11-14 10:15:00,0.12000000000000001,0.17142857142857143,0.28,0.21666666666666667,0.17054263565891473
2024-11-14 10:30:00,0.14857142857142855,0.21428571428571427,0.26,0.4666666666666667,0.2558139534883721
2024-11-14 10:45:00,0.04000000000000001,0.3142857142857143,0.16,0.18333333333333332,0.12403100775193798
2024-11-14 11:00:00,0.27999999999999997,0.07142857142857142,0.26,0.3833333333333333,0.28682170542635654
2024-11-14 11:15:00,0.30857142857142855,0.09999999999999999,0.26,0.35,0.3062015503875969
2024-11-14 11:30:00,0.3028571428571428,0.11428571428571428,0.12,0.3833333333333333,0.28682170542635654
2024-11-14 11:45:00,0.2742857142857143,0.11428571428571428,0.18,0.4166666666666667,0.28682170542635654
2024-11-14 12:00:00,0.27999999999999997,0.09999999999999999,0.14,0.3333333333333333,0.2596899224806202
2024-11-14 12:15:00,0.19428571428571428,0.14285714285714285,0.08,0.48333333333333334,0.2364341085271318
2024-11-14 12:30:00,0.18857142857142856,0.12857142857142856,0.16,0.36666666666666664,0.21705426356589144
2024-11-14 12:45:00,0.17714285714285713,0.07142857142857142,0.2,0.3833333333333333,0.2054263565891473
2024-11-14 13:00:00,0.36,0.08571428571428572,0.24,0.4,0.34496124031007747
2024-11-14 13:15:00,0.2571428571428571,0.2571428571428571,0.52,0.23333333333333334,0.33720930232558133
2024-11-14 13:30:00,0.6571428571428571,0.39999999999999997,0.44,0.3333333333333333,0.6550387596899224
2024-11-14 13:45:00,0.3142857142857143,0.19999999999999998,0.56,0.15,0.34883720930232553
2024-11-14 14:00:00,0.5714285714285714,0.19999999999999998,0.16,0.31666666666666665,0.4844961240310077
2024-11-14 14:15:00,0.48,0.3857142857142857,0.36,0.13333333333333333,0.46899224806201545
2024-11-14 14:30:00,0.13142857142857142,0.24285714285714285,0.62,0.16666666666666666,0.25193798449612403
2024-11-14 14:45:00,0.4228571428571428,0.19999999999999998,0.46,0.1,0.3914728682170543
2024-11-14 15:00:00,0.05714285714285715,0.15714285714285714,0.6,0.23333333333333334,0.18992248062015502
2024-11-14 15:15:00,0.4114285714285714,0.3857142857142857,0.46,0.3,0.48062015503875966
2024-11-14 15:30:00,0.08,0.19999999999999998,0.48,0.1,0.1627906976744186
2024-11-14 15:45:00,0.4228571428571428,0.18571428571428572,0.56,0.11666666666666667,0.4108527131782945
2024-11-14 16:00:00,0.6228571428571429,0.14285714285714285,0.44,0.15,0.5193798449612402
2024-11-14 16:15:00,0.8285714285714285,0.42857142857142855,0.44,0.08333333333333333,0.7209302325581395
2024-11-14 16:30:00,0.7828571428571428,0.32857142857142857,0.5,0.11666666666666667,0.6821705426356589
2024-11-14 16:45:00,0.6057142857142856,0.5142857142857142,0.5,0.1,0.6085271317829457
2024-11-14 17:00:00,0.7885714285714286,0.5285714285714286,0.76,0.13333333333333333,0.7945736434108527
2024-11-14 17:15:00,0.6571428571428571,0.5285714285714286,0.86,0.16666666666666666,0.7325581395348837
2024-11-14 17:30:00,0.8114285714285714,0.2857142857142857,0.98,0.11666666666666667,0.7829457364341085
2024-11-14 17:45:00,0.7714285714285715,0.3142857142857143,0.54,0.08333333333333333,0.6705426356589147
2024-11-14 18:00:00,0.7028571428571428,0.5285714285714286,0.4,0.15,0.6705426356589147
2024-11-14 18:15:00,0.6228571428571429,0.32857142857142857,0.84,0.16666666666666666,0.6511627906976744
2024-11-14 18:30:00,0.64,0.2857142857142857,0.44,0.15,0.5697674418604651
2024-11-14 18:45:00,0.5028571428571429,0.34285714285714286,0.34,0.3833333333333333,0.5271317829457364
2024-11-14 19:00:00,0.34285714285714286,0.21428571428571427,0.3,0.13333333333333333,0.3178294573643411
2024-11-14 19:15:00,0.5428571428571428,0.3142857142857143,0.28,0.13333333333333333,0.4767441860465116
2024-11-14 19:30:00,0.45714285714285713,0.17142857142857143,0.22,0.3,0.40697674418604646
2024-11-14 19:45:00,0.2914285714285714,0.09999999999999999,0.24,0.2,0.2558139534883721
2024-11-14 20:00:00,0.2571428571428571,0.17142857142857143,0.3,0.3,0.28682170542635654
2024-11-14 20:15:00,0.3942857142857143,0.12857142857142856,0.22,0.2,0.3294573643410853
2024-11-14 20:30:00,0.38857142857142857,0.21428571428571427,0.36,0.11666666666666667,0.3565891472868217
2024-11-14 20:45:00,0.5371428571428571,0.18571428571428572,0.4,0.5,0.5465116279069767
2024-11-14 21:00:00,0.6,0.19999999999999998,0.34,0.13333333333333333,0.49612403100775193
2024-11-14 21:15:00,0.44,0.07142857142857142,0.24,0.5666666666666667,0.43410852713178294
2024-11-14 21:30:00,0.3028571428571428,0.2714285714285714,0.24,0.2833333333333333,0.3294573643410853
2024-11-14 21:45:00,0.37142857142857144,0.14285714285714285,0.28,0.5333333333333333,0.40697674418604646
2024-11-14 22:00:00,0.02857142857142857,0.014285714285714285,0.0,0.55,0.08914728682170542
2024-11-14 22:15:00,0.051428571428571435,0.014285714285714285,0.02,0.6666666666666666,0.13565891472868216
2024-11-14 22:30:00,0.06857142857142857,0.014285714285714285,0.02,0.2833333333333333,0.05813953488372092
2024-11-14 22:45:00,0.04000000000000001,0.05714285714285714,0.02,0.36666666666666664,0.0697674418604651
2024-11-14 23:00:00,0.05714285714285715,0.0,0.0,0.26666666666666666,0.038759689922480606
2024-11-14 23:15:00,0.04571428571428572,0.05714285714285714,0.0,0.4166666666666667,0.08139534883720931
2024-11-14 23:30:00,0.051428571428571435,0.07142857142857142,0.02,0.2,0.042635658914728675
2024-11-14 23:45:00,0.07428571428571429,0.014285714285714285,0.02,0.5833333333333334,0.1317829457364341
2024-11-15 00:00:00,0.07428571428571429,0.07142857142857142,0.02,0.31666666666666665,0.08527131782945735
2024-11-15 00:15:00,0.08,0.04285714285714286,0.0,0.6333333333333333,0.1511627906976744
2024-11-15 00:30:00,0.04571428571428572,0.0,0.02,0.2,0.019379844961240303
2024-11-15 00:45:00,0.08571428571428572,0.0,0.02,0.6333333333333333,0.14728682170542634
2024-11-15 01:00:00,0.08571428571428572,0.014285714285714285,0.02,0.4,0.09689922480620153
2024-11-15 01:15:00,0.06857142857142857,0.04285714285714286,0.02,0.2833333333333333,0.06589147286821703
2024-11-15 01:30:00,0.04000000000000001,0.04285714285714286,0.02,0.5833333333333334,0.11627906976744184
2024-11-15 01:45:00,0.08,0.0,0.02,0.5,0.1124031007751938
2024-11-15 02:00:00,0.08,0.02857142857142857,0.02,0.5,0.12015503875968991
2024-11-15 02:15:00,0.07428571428571429,0.014285714285714285,0.0,0.26666666666666666,0.054263565891472854
2024-11-15 02:30:00,0.034285714285714294,0.0,0.0,0.5166666666666666,0.08139534883720931
2024-11-15 02:45:00,0.02857142857142857,0.014285714285714285,0.02,0.2,0.011627906976744179
2024-11-15 03:00:00,0.06285714285714286,0.014285714285714285,0.0,0.4,0.07751937984496124
2024-11-15 03:15:00,0.07428571428571429,0.04285714285714286,0.0,0.4666666666666667,0.10852713178294573
2024-11-15 03:30:00,0.08571428571428572,0.014285714285714285,0.02,0.65,0.15503875968992248
2024-11-15 03:45:00,0.08,0.04285714285714286,0.02,0.45,0.1124031007751938
2024-11-15 04:00:00,0.051428571428571435,0.014285714285714285,0.02,0.5666666666666667,0.1124031007751938
2024-11-15 04:15:00,0.32,0.37142857142857144,0.02,0.26666666666666666,0.32170542635658916
2024-11-15 04:30:00,0.38285714285714284,0.37142857142857144,0.12,0.06666666666666667,0.33720930232558133
2024-11-15 04:45:00,0.46285714285714286,0.34285714285714286,0.06,0.3,0.4263565891472868
2024-11-15 05:00:00,0.39999999999999997,0.014285714285714285,0.16,0.16666666666666666,0.2829457364341085
2024-11-15 05:15:00,0.39999999999999997,0.014285714285714285,0.14,0.15,0.27519379844961234
2024-11-15 05:30:00,0.5028571428571429,0.07142857142857142,0.08,0.016666666666666666,0.3178294573643411
2024-11-15 05:45:00,0.6057142857142856,0.08571428571428572,0.04,0.08333333333333333,0.3992248062015503
2024-11-15 06:00:00,0.6057142857142856,0.2571428571428571,0.8200000000000001,0.03333333333333333,0.5852713178294573
2024-11-15 06:15:00,0.6228571428571429,0.3857142857142857,0.92,0.0,0.6434108527131782
2024-11-15 06:30:00,0.7657142857142857,0.2714285714285714,1.0,0.03333333333333333,0.7325581395348837
2024-11-15 06:45:00,0.5942857142857143,0.19999999999999998,0.76,0.016666666666666666,0.5465116279069767
2024-11-15 07:00:00,0.5714285714285714,0.22857142857142856,0.44,0.05,0.4844961240310077
2024-11-15 07:15:00,0.8285714285714285,0.18571428571428572,0.62,0.06666666666666667,0.686046511627907
2024-11-15 07:30:00,0.6685714285714286,0.18571428571428572,0.9400000000000001,0.05,0.6356589147286821
2024-11-15 07:45:00,0.6228571428571429,0.34285714285714286,0.92,0.03333333333333333,0.6395348837209301
2024-11-15 08:00:00,0.6514285714285715,0.5142857142857142,0.8200000000000001,0.0,0.6782945736434108
2024-11-15 08:15:00,0.5885714285714285,0.5,0.78,0.0,0.624031007751938
2024-11-15 08:30:00,0.6171428571428571,0.2571428571428571,0.56,0.016666666666666666,0.5387596899224806
2024-11-15 08:45:00,0.6457142857142857,0.5142857142857142,0.74,0.0,0.6589147286821705
2024-11-15 09:00:00,0.6171428571428571,0.5,0.96,0.05,0.689922480620155
2024-11-15 09:15:00,0.3485714285714286,0.09999999999999999,0.44,0.5,0.4031007751937984
2024-11-15 09:30:00,0.33714285714285713,0.17142857142857143,0.54,0.13333333333333333,0.34883720930232553
2024-11-15 09:45:00,0.18285714285714286,0.07142857142857142,0.26,0.18333333333333332,0.1744186046511628
2024-11-15 10:00:00,0.44,0.24285714285714285,0.62,0.3333333333333333,0.5
2024-11-15 10:15:00,0.3314285714285714,0.07142857142857142,0.46,0.2,0.3178294573643411
2024-11-15 10:30:00,0.08571428571428572,0.17142857142857143,0.32,0.4,0.19767441860465115
2024-11-15 10:45:00,0.23428571428571426,0.07142857142857142,0.68,0.15,0.2829457364341085
2024-11-15 11:00:00,0.17142857142857143,0.12857142857142856,0.16,0.48333333333333334,0.23255813953488372
2024-11-15 11:15:00,0.16,0.12857142857142856,0.22,0.35,0.2054263565891473
2024-11-15 11:30:00,0.15428571428571428,0.12857142857142856,0.2,0.5,0.23255813953488372
2024-11-15 11:45:00,0.3257142857142857,0.14285714285714285,0.12,0.36666666666666664,0.3062015503875969
2024-11-15 12:00:00,0.3257142857142857,0.14285714285714285,0.22,0.36666666666666664,0.32558139534883723
2024-11-15 12:15:00,0.27999999999999997,0.14285714285714285,0.24,0.4166666666666667,0.31007751937984496
2024-11-15 12:30:00,0.24571428571428572,0.11428571428571428,0.3,0.3833333333333333,0.2829457364341085
2024-11-15 12:45:00,0.08571428571428572,0.14285714285714285,0.24,0.4,0.1744186046511628
2024-11-15 13:00:00,0.17142857142857143,0.14285714285714285,0.1,0.5,0.22868217054263565
2024-11-15 13:15:00,0.6114285714285714,0.21428571428571427,0.8,0.16666666666666666,0.6046511627906976
2024-11-15 13:30:00,0.26285714285714284,0.3,0.5,0.21666666666666667,0.34496124031007747
2024-11-15 13:45:00,0.2742857142857143,0.17142857142857143,0.46,0.13333333333333333,0.2906976744186046
2024-11-15 14:00:00,0.3314285714285714,0.3142857142857143,0.36,0.25,0.375968992248062
2024-11-15 14:15:00,0.2571428571428571,0.32857142857142857,0.32,0.13333333333333333,0.2945736434108527
2024-11-15 14:30:00,0.5085714285714286,0.2857142857142857,0.7000000000000001,0.2833333333333333,0.562015503875969
2024-11-15 14:45:00,0.01142857142857143,0.3857142857142857,0.78,0.2833333333333333,0.2674418604651163
2024-11-15 15:00:00,0.5942857142857143,0.2571428571428571,0.26,0.1,0.4844961240310077
2024-11-15 15:15:00,0.07428571428571429,0.3857142857142857,0.38,0.1,0.18992248062015502
2024-11-15 15:30:00,0.09142857142857143,0.42857142857142855,0.1,0.08333333333333333,0.15503875968992248
2024-11-15 15:45:00,0.25142857142857145,0.22857142857142856,0.18,0.2,0.25193798449612403
2024-11-15 16:00:00,0.7085714285714285,0.39999999999999997,0.8,0.1,0.7054263565891472
2024-11-15 16:15:00,0.7771428571428571,0.2571428571428571,0.56,0.13333333333333333,0.6744186046511628
2024-11-15 16:30:00,0.72,0.19999999999999998,0.86,0.11666666666666667,0.6744186046511628
2024-11-15 16:45:00,0.5714285714285714,0.5428571428571428,0.46,0.08333333333333333,0.5813953488372092
2024-11-15 17:00:00,0.6857142857142857,0.5,0.74,0.08333333333333333,0.7015503875968991
2024-11-15 17:15:00,0.6971428571428572,0.5142857142857142,0.84,0.15,0.748062015503876
2024-11-15 17:30:00,0.7085714285714285,0.3142857142857143,0.5,0.15,0.6356589147286821
2024-11-15 17:45:00,0.6628571428571428,0.5571428571428572,0.9400000000000001,0.13333333333333333,0.751937984496124
2024-11-15 18:00:00,0.76,0.41428571428571426,0.84,0.15,0.7635658914728681
2024-11-15 18:15:00,0.6514285714285715,0.37142857142857144,0.42,0.08333333333333333,0.5813953488372092
2024-11-15 18:30:00,0.76,0.24285714285714285,0.96,0.13333333333333333,0.7364341085271318
2024-11-15 18:45:00,0.38285714285714284,0.17142857142857143,0.28,0.5333333333333333,0.42248062015503873
2024-11-15 19:00:00,0.4971428571428571,0.32857142857142857,0.4,0.5,0.5581395348837209
2024-11-15 19:15:00,0.5085714285714286,0.24285714285714285,0.22,0.4,0.4844961240310077
2024-11-15 19:30:00,0.5542857142857143,0.35714285714285715,0.24,0.4,0.5503875968992248
2024-11-15 19:45:00,0.3771428571428571,0.32857142857142857,0.34,0.23333333333333334,0.4031007751937984
2024-11-15 20:00:00,0.3028571428571428,0.07142857142857142,0.38,0.4166666666666667,0.33333333333333337
2024-11-15 20:15:00,0.5028571428571429,0.3142857142857143,0.36,0.16666666666666666,0.4728682170542635
2024-11-15 20:30:00,0.30857142857142855,0.32857142857142857,0.2,0.5833333333333334,0.4108527131782945
2024-11-15 20:45:00,0.29714285714285715,0.2857142857142857,0.2,0.3333333333333333,0.33333333333333337
2024-11-15 21:00:00,0.52,0.12857142857142856,0.36,0.4166666666666667,0.49224806201550386
2024-11-15 21:15:00,0.5657142857142857,0.17142857142857143,0.32,0.3333333333333333,0.507751937984496
2024-11-15 21:30:00,0.5657142857142857,0.3142857142857143,0.34,0.3833333333333333,0.562015503875969
2024-11-15 21:45:00,0.4742857142857143,0.11428571428571428,0.22,0.48333333333333334,0.44573643410852715
2024-11-15 22:00:00,0.08571428571428572,0.04285714285714286,0.0,0.26666666666666666,0.0697674418604651
2024-11-15 22:15:00,0.06857142857142857,0.02857142857142857,0.02,0.5,0.1124031007751938
2024-11-15 22:30:00,0.06857142857142857,0.05714285714285714,0.0,0.3833333333333333,0.08914728682170542
2024-11-15 22:45:00,0.05714285714285715,0.07142857142857142,0.0,0.35,0.07751937984496124
2024-11-15 23:00:00,0.02857142857142857,0.0,0.02,0.5166666666666666,0.08139534883720931
2024-11-15 23:15:00,0.034285714285714294,0.014285714285714285,0.02,0.31666666666666665,0.042635658914728675
2024-11-15 23:30:00,0.04000000000000001,0.02857142857142857,0.0,0.48333333333333334,0.08527131782945735
2024-11-15 23:45:00,0.034285714285714294,0.0,0.02,0.18333333333333332,0.00775193798449611
2024-11-16 00:00:00,0.07428571428571429,0.05714285714285714,0.02,0.4666666666666667,0.11627906976744184
2024-11-16 00:15:00,0.04571428571428572,0.04285714285714286,0.0,0.43333333333333335,0.08139534883720931
2024-11-16 00:30:00,0.06285714285714286,0.04285714285714286,0.0,0.5666666666666667,0.12403100775193798
2024-11-16 00:45:00,0.06285714285714286,0.05714285714285714,0.0,0.5833333333333334,0.1317829457364341
2024-11-16 01:00:00,0.08571428571428572,0.02857142857142857,0.02,0.55,0.13565891472868216
2024-11-16 01:15:00,0.051428571428571435,0.05714285714285714,0.02,0.4666666666666667,0.1007751937984496
2024-11-16 01:30:00,0.034285714285714294,0.05714285714285714,0.02,0.31666666666666665,0.054263565891472854
2024-11-16 01:45:00,0.08,0.05714285714285714,0.0,0.2833333333333333,0.07364341085271317
2024-11-16 02:00:00,0.07428571428571429,0.04285714285714286,0.02,0.43333333333333335,0.10465116279069767
2024-11-16 02:15:00,0.02857142857142857,0.014285714285714285,0.02,0.35,0.046511627906976744
2024-11-16 02:30:00,0.08571428571428572,0.07142857142857142,0.02,0.6666666666666666,0.1744186046511628
2024-11-16 02:45:00,0.034285714285714294,0.07142857142857142,0.0,0.6166666666666667,0.12403100775193798
2024-11-16 03:00:00,0.05714285714285715,0.05714285714285714,0.02,0.48333333333333334,0.10852713178294573
2024-11-16 03:15:00,0.06285714285714286,0.02857142857142857,0.02,0.45,0.09689922480620153
2024-11-16 03:30:00,0.02857142857142857,0.04285714285714286,0.02,0.3833333333333333,0.06201550387596899
2024-11-16 03:45:00,0.06285714285714286,0.07142857142857142,0.02,0.5166666666666666,0.12403100775193798
2024-11-16 04:00:00,0.08571428571428572,0.0,0.02,0.5,0.11627906976744184
2024-11-16 04:15:00,0.32,0.05714285714285714,0.1,0.2833333333333333,0.2558139534883721
2024-11-16 04:30:00,0.49142857142857144,0.11428571428571428,0.12,0.03333333333333333,0.33333333333333337
2024-11-16 04:45:00,0.5085714285714286,0.05714285714285714,0.1,0.03333333333333333,0.32558139534883723
2024-11-16 05:00:00,0.64,0.11428571428571428,0.12,0.26666666666666666,0.4883720930232558
2024-11-16 05:15:00,0.6057142857142856,0.19999999999999998,0.2,0.23333333333333334,0.49612403100775193
2024-11-16 05:30:00,0.49142857142857144,0.02857142857142857,0.06,0.08333333333333333,0.31007751937984496
2024-11-16 05:45:00,0.52,0.12857142857142856,0.02,0.26666666666666666,0.3914728682170543
2024-11-16 06:00:00,0.7371428571428571,0.21428571428571427,0.84,0.08333333333333333,0.6782945736434108
2024-11-16 06:15:00,0.6628571428571428,0.5,0.78,0.06666666666666667,0.689922480620155
2024-11-16 06:30:00,0.6457142857142857,0.5714285714285714,0.8,0.05,0.6976744186046511
2024-11-16 06:45:00,0.6285714285714286,0.24285714285714285,0.8,0.016666666666666666,0.5891472868217054
2024-11-16 07:00:00,0.5771428571428572,0.3142857142857143,0.74,0.0,0.5581395348837209
2024-11-16 07:15:00,0.8114285714285714,0.37142857142857144,0.8,0.0,0.7441860465116279
2024-11-16 07:30:00,0.5542857142857143,0.18571428571428572,0.62,0.03333333333333333,0.49224806201550386
2024-11-16 07:45:00,0.5542857142857143,0.17142857142857143,0.48,0.05,0.4651162790697674
2024-11-16 08:00:00,0.7142857142857143,0.5714285714285714,0.62,0.03333333333333333,0.7054263565891472
2024-11-16 08:15:00,0.5542857142857143,0.24285714285714285,0.66,0.0,0.507751937984496
2024-11-16 08:30:00,0.5714285714285714,0.18571428571428572,0.96,0.08333333333333333,0.5813953488372092
2024-11-16 08:45:00,0.7085714285714285,0.34285714285714286,0.5,0.0,0.6085271317829457
2024-11-16 09:00:00,0.64,0.15714285714285714,0.9,0.0,0.5891472868217054
2024-11-16 09:15:00,0.3942857142857143,0.19999999999999998,0.46,0.35,0.43023255813953487
2024-11-16 09:30:00,0.42857142857142855,0.19999999999999998,0.7000000000000001,0.3,0.4883720930232558
2024-11-16 09:45:00,0.14857142857142855,0.09999999999999999,0.68,0.4,0.2906976744186046
2024-11-16 10:00:00,0.07428571428571429,0.21428571428571427,0.18,0.25,0.13953488372093023
2024-11-16 10:15:00,0.05714285714285715,0.14285714285714285,0.46,0.3333333333333333,0.18217054263565893
2024-11-16 10:30:00,0.18285714285714286,0.2571428571428571,0.16,0.26666666666666666,0.22480620155038758
2024-11-16 10:45:00,0.02857142857142857,0.09999999999999999,0.1,0.23333333333333334,0.05813953488372092
2024-11-16 11:00:00,0.27999999999999997,0.08571428571428572,0.3,0.3833333333333333,0.29844961240310075
2024-11-16 11:15:00,0.1657142857142857,0.09999999999999999,0.1,0.4,0.18992248062015502
2024-11-16 11:30:00,0.2571428571428571,0.09999999999999999,0.16,0.35,0.25193798449612403
2024-11-16 11:45:00,0.22285714285714286,0.12857142857142856,0.2,0.4,0.2558139534883721
2024-11-16 12:00:00,0.3314285714285714,0.11428571428571428,0.3,0.4,0.34496124031007747
2024-11-16 12:15:00,0.2914285714285714,0.08571428571428572,0.12,0.48333333333333334,0.2945736434108527
2024-11-16 12:30:00,0.3657142857142857,0.07142857142857142,0.26,0.45,0.36046511627906974
2024-11-16 12:45:00,0.19428571428571428,0.07142857142857142,0.06,0.5,0.21705426356589144
2024-11-16 13:00:00,0.32,0.14285714285714285,0.28,0.4,0.3410852713178294
2024-11-16 13:15:00,0.32,0.42857142857142855,0.1,0.3333333333333333,0.3682170542635659
2024-11-16 13:30:00,0.08571428571428572,0.24285714285714285,0.18,0.08333333333333333,0.11627906976744184
2024-11-16 13:45:00,0.37142857142857144,0.3142857142857143,0.76,0.11666666666666667,0.4496124031007751
2024-11-16 14:00:00,0.11428571428571428,0.42857142857142855,0.62,0.15,0.28682170542635654
2024-11-16 14:15:00,0.10285714285714286,0.18571428571428572,0.24,0.1,0.12790697674418602
2024-11-16 14:30:00,0.5714285714285714,0.42857142857142855,0.48,0.13333333333333333,0.5658914728682171
2024-11-16 14:45:00,0.5828571428571429,0.14285714285714285,0.12,0.1,0.41860465116279066
2024-11-16 15:00:00,0.19999999999999998,0.2857142857142857,0.72,0.11666666666666667,0.3178294573643411
2024-11-16 15:15:00,0.3942857142857143,0.2571428571428571,0.74,0.18333333333333332,0.4612403100775193
2024-11-16 15:30:00,0.3257142857142857,0.21428571428571427,0.16,0.18333333333333332,0.2906976744186046
2024-11-16 15:45:00,0.4342857142857143,0.2857142857142857,0.28,0.2,0.4108527131782945
2024-11-16 16:00:00,0.6057142857142856,0.45714285714285713,0.86,0.08333333333333333,0.6589147286821705
2024-11-16 16:15:00,0.8,0.17142857142857143,0.8200000000000001,0.1,0.7093023255813953
2024-11-16 16:30:00,0.7657142857142857,0.15714285714285714,0.4,0.11666666666666667,0.6046511627906976
2024-11-16 16:45:00,0.7085714285714285,0.5714285714285714,0.62,0.16666666666666666,0.7325581395348837
2024-11-16 17:00:00,0.7028571428571428,0.3142857142857143,0.56,0.13333333333333333,0.6395348837209301
2024-11-16 17:15:00,0.5599999999999999,0.24285714285714285,0.46,0.13333333333333333,0.5038759689922481
2024-11-16 17:30:00,0.6971428571428572,0.45714285714285713,0.58,0.11666666666666667,0.6744186046511628
2024-11-16 17:45:00,0.6571428571428571,0.5,0.88,0.13333333333333333,0.7209302325581395
2024-11-16 18:00:00,0.5771428571428572,0.15714285714285714,0.8200000000000001,0.11666666666666667,0.5581395348837209
2024-11-16 18:15:00,0.6228571428571429,0.5714285714285714,0.62,0.08333333333333333,0.6550387596899224
2024-11-16 18:30:00,0.5485714285714286,0.18571428571428572,0.4,0.11666666666666667,0.4651162790697674
2024-11-16 18:45:00,0.6,0.35714285714285715,0.38,0.5666666666666667,0.6472868217054263
2024-11-16 19:00:00,0.5885714285714285,0.08571428571428572,0.34,0.3833333333333333,0.5155038759689922
2024-11-16 19:15:00,0.5657142857142857,0.17142857142857143,0.2,0.16666666666666666,0.44573643410852715
2024-11-16 19:30:00,0.5542857142857143,0.3142857142857143,0.34,0.3833333333333333,0.5542635658914729
2024-11-16 19:45:00,0.4114285714285714,0.2714285714285714,0.32,0.13333333333333333,0.38372093023255816
2024-11-16 20:00:00,0.37142857142857144,0.22857142857142856,0.38,0.55,0.4534883720930232
2024-11-16 20:15:00,0.39999999999999997,0.12857142857142856,0.26,0.4666666666666667,0.4031007751937984
2024-11-16 20:30:00,0.5142857142857142,0.12857142857142856,0.32,0.48333333333333334,0.49612403100775193
2024-11-16 20:45:00,0.4114285714285714,0.24285714285714285,0.34,0.36666666666666664,0.43410852713178294
2024-11-16 21:00:00,0.38857142857142857,0.22857142857142856,0.28,0.5666666666666667,0.4496124031007751
2024-11-16 21:15:00,0.30857142857142855,0.09999999999999999,0.36,0.2,0.2906976744186046
2024-11-16 21:30:00,0.27999999999999997,0.2857142857142857,0.2,0.15,0.2790697674418604
2024-11-16 21:45:00,0.48571428571428565,0.08571428571428572,0.36,0.5333333333333333,0.4844961240310077
2024-11-16 22:00:00,0.05714285714285715,0.07142857142857142,0.02,0.5333333333333333,0.12403100775193798
2024-11-16 22:15:00,0.04000000000000001,0.014285714285714285,0.0,0.18333333333333332,0.011627906976744179
2024-11-16 22:30:00,0.06857142857142857,0.02857142857142857,0.0,0.4666666666666667,0.1007751937984496
2024-11-16 22:45:00,0.04571428571428572,0.07142857142857142,0.02,0.2,0.038759689922480606
2024-11-16 23:00:00,0.05714285714285715,0.07142857142857142,0.0,0.35,0.07751937984496124
2024-11-16 23:15:00,0.07428571428571429,0.05714285714285714,0.0,0.18333333333333332,0.046511627906976744
2024-11-16 23:30:00,0.04000000000000001,0.05714285714285714,0.0,0.35,0.06201550387596899
2024-11-16 23:45:00,0.02857142857142857,0.05714285714285714,0.02,0.2,0.023255813953488358
2024-11-17 00:00:00,0.05714285714285715,0.02857142857142857,0.0,0.4166666666666667,0.08139534883720931
2024-11-17 00:15:00,0.034285714285714294,0.0,0.0,0.4,0.054263565891472854
2024-11-17 00:30:00,0.05714285714285715,0.02857142857142857,0.02,0.25,0.046511627906976744
2024-11-17 00:45:00,0.08571428571428572,0.04285714285714286,0.02,0.48333333333333334,0.12403100775193798
2024-11-17 01:00:00,0.06857142857142857,0.02857142857142857,0.0,0.4,0.08527131782945735
2024-11-17 01:15:00,0.08,0.07142857142857142,0.02,0.43333333333333335,0.11627906976744184
2024-11-17 01:30:00,0.08571428571428572,0.04285714285714286,0.02,0.5333333333333333,0.13565891472868216
2024-11-17 01:45:00,0.05714285714285715,0.04285714285714286,0.0,0.31666666666666665,0.06201550387596899
2024-11-17 02:00:00,0.04571428571428572,0.07142857142857142,0.0,0.2833333333333333,0.054263565891472854
2024-11-17 02:15:00,0.04000000000000001,0.07142857142857142,0.02,0.31666666666666665,0.06201550387596899
2024-11-17 02:30:00,0.02857142857142857,0.02857142857142857,0.0,0.45,0.0697674418604651
2024-11-17 02:45:00,0.08571428571428572,0.05714285714285714,0.02,0.3833333333333333,0.10465116279069767
2024-11-17 03:00:00,0.051428571428571435,0.0,0.0,0.26666666666666666,0.03488372093023255
2024-11-17 03:15:00,0.04000000000000001,0.05714285714285714,0.02,0.4666666666666667,0.09302325581395349
2024-11-17 03:30:00,0.08,0.02857142857142857,0.0,0.3333333333333333,0.07751937984496124
2024-11-17 03:45:00,0.08571428571428572,0.02857142857142857,0.02,0.31666666666666665,0.08139534883720931
2024-11-17 04:00:00,0.06285714285714286,0.0,0.0,0.6,0.12015503875968991
2024-11-17 04:15:00,0.3257142857142857,0.2857142857142857,0.08,0.3,0.32170542635658916
2024-11-17 04:30:00,0.2571428571428571,0.18571428571428572,0.04,0.23333333333333334,0.22480620155038758
2024-11-17 04:45:00,0.5485714285714286,0.04285714285714286,0.12,0.1,0.3682170542635659
2024-11-17 05:00:00,0.5085714285714286,0.21428571428571427,0.04,0.15,0.38372093023255816
2024-11-17 05:15:00,0.36,0.14285714285714285,0.16,0.016666666666666666,0.2558139534883721
2024-11-17 05:30:00,0.5142857142857142,0.04285714285714286,0.16,0.3333333333333333,0.40697674418604646
2024-11-17 05:45:00,0.6171428571428571,0.09999999999999999,0.2,0.26666666666666666,0.4844961240310077
2024-11-17 06:00:00,0.5771428571428572,0.18571428571428572,0.78,0.016666666666666666,0.5348837209302325
2024-11-17 06:15:00,0.5714285714285714,0.45714285714285713,0.9400000000000001,0.06666666666666667,0.6472868217054263
2024-11-17 06:30:00,0.8285714285714285,0.2714285714285714,0.68,0.06666666666666667,0.7209302325581395
2024-11-17 06:45:00,0.7542857142857142,0.5428571428571428,0.78,0.03333333333333333,0.755813953488372
2024-11-17 07:00:00,0.6171428571428571,0.15714285714285714,0.64,0.016666666666666666,0.5271317829457364
2024-11-17 07:15:00,0.64,0.42857142857142855,0.52,0.08333333333333333,0.6085271317829457
2024-11-17 07:30:00,0.7142857142857143,0.14285714285714285,0.74,0.016666666666666666,0.6085271317829457
2024-11-17 07:45:00,0.8285714285714285,0.45714285714285713,0.62,0.016666666666666666,0.748062015503876
2024-11-17 08:00:00,0.8057142857142857,0.14285714285714285,0.6,0.05,0.6511627906976744
2024-11-17 08:15:00,0.6742857142857143,0.34285714285714286,0.92,0.03333333333333333,0.6744186046511628
2024-11-17 08:30:00,0.6,0.34285714285714286,0.52,0.06666666666666667,0.5542635658914729
2024-11-17 08:45:00,0.6057142857142856,0.4714285714285714,0.62,0.03333333333333333,0.6046511627906976
2024-11-17 09:00:00,0.7257142857142858,0.2571428571428571,0.64,0.03333333333333333,0.631782945736434
2024-11-17 09:15:00,0.3485714285714286,0.22857142857142856,0.44,0.21666666666666667,0.37209302325581395
2024-11-17 09:30:00,0.22857142857142854,0.34285714285714286,0.1,0.3833333333333333,0.2945736434108527
2024-11-17 09:45:00,0.4971428571428571,0.2714285714285714,0.3,0.11666666666666667,0.43410852713178294
2024-11-17 10:00:00,0.41714285714285715,0.3142857142857143,0.32,0.4166666666666667,0.4651162790697674
2024-11-17 10:15:00,0.48571428571428565,0.02857142857142857,0.3,0.3,0.4031007751937984
2024-11-17 10:30:00,0.10285714285714286,0.02857142857142857,0.74,0.15,0.19379844961240308
2024-11-17 10:45:00,0.06857142857142857,0.07142857142857142,0.12,0.3333333333333333,0.10465116279069767
2024-11-17 11:00:00,0.2057142857142857,0.07142857142857142,0.08,0.4,0.2054263565891473
2024-11-17 11:15:00,0.15428571428571428,0.07142857142857142,0.3,0.43333333333333335,0.2209302325581395
2024-11-17 11:30:00,0.34285714285714286,0.09999999999999999,0.14,0.36666666666666664,0.31007751937984496
2024-11-17 11:45:00,0.09714285714285716,0.08571428571428572,0.06,0.4166666666666667,0.13565891472868216
2024-11-17 12:00:00,0.27999999999999997,0.09999999999999999,0.08,0.4666666666666667,0.2790697674418604
2024-11-17 12:15:00,0.18857142857142856,0.07142857142857142,0.16,0.4666666666666667,0.22480620155038758
2024-11-17 12:30:00,0.30857142857142855,0.09999999999999999,0.3,0.3833333333333333,0.32170542635658916
2024-11-17 12:45:00,0.1657142857142857,0.11428571428571428,0.2,0.3833333333333333,0.20930232558139536
2024-11-17 13:00:00,0.13142857142857142,0.08571428571428572,0.06,0.45,0.16666666666666666
2024-11-17 13:15:00,0.01142857142857143,0.22857142857142856,0.22,0.23333333333333334,0.10465116279069767
2024-11-17 13:30:00,0.017142857142857144,0.17142857142857143,0.44,0.13333333333333333,0.1124031007751938
2024-11-17 13:45:00,0.2114285714285714,0.35714285714285715,0.76,0.3,0.39534883720930236
2024-11-17 14:00:00,0.44,0.18571428571428572,0.56,0.08333333333333333,0.4147286821705426
2024-11-17 14:15:00,0.051428571428571435,0.34285714285714286,0.52,0.15,0.20155038759689922
2024-11-17 14:30:00,0.19428571428571428,0.35714285714285715,0.66,0.15,0.3294573643410853
2024-11-17 14:45:00,0.24,0.19999999999999998,0.58,0.1,0.2906976744186046
2024-11-17 15:00:00,0.6571428571428571,0.2857142857142857,0.42,0.3,0.6124031007751938
2024-11-17 15:15:00,0.6228571428571429,0.15714285714285714,0.78,0.16666666666666666,0.5930232558139534
2024-11-17 15:30:00,0.5371428571428571,0.34285714285714286,0.6,0.16666666666666666,0.5503875968992248
2024-11-17 15:45:00,0.41714285714285715,0.2571428571428571,0.6,0.13333333333333333,0.437984496124031
2024-11-17 16:00:00,0.7942857142857143,0.5714285714285714,0.58,0.16666666666666666,0.7829457364341085
2024-11-17 16:15:00,0.5828571428571429,0.39999999999999997,0.76,0.15,0.624031007751938
2024-11-17 16:30:00,0.6742857142857143,0.39999999999999997,0.48,0.16666666666666666,0.6356589147286821
2024-11-17 16:45:00,0.6914285714285714,0.21428571428571427,0.56,0.1,0.5968992248062015
2024-11-17 17:00:00,0.8114285714285714,0.39999999999999997,0.46,0.08333333333333333,0.7054263565891472
2024-11-17 17:15:00,0.5428571428571428,0.3,0.66,0.11666666666666667,0.5426356589147286
2024-11-17 17:30:00,0.6171428571428571,0.17142857142857143,0.44,0.1,0.5116279069767441
2024-11-17 17:45:00,0.7142857142857143,0.4857142857142857,0.6,0.1,0.6937984496124031
2024-11-17 18:00:00,0.6457142857142857,0.5714285714285714,0.58,0.16666666666666666,0.6821705426356589
2024-11-17 18:15:00,0.6171428571428571,0.5428571428571428,0.88,0.15,0.7093023255813953
2024-11-17 18:30:00,0.64,0.41428571428571426,0.58,0.15,0.631782945736434
2024-11-17 18:45:00,0.5771428571428572,0.17142857142857143,0.4,0.5333333333333333,0.5775193798449612
2024-11-17 19:00:00,0.52,0.15714285714285714,0.3,0.23333333333333334,0.44573643410852715
2024-11-17 19:15:00,0.3028571428571428,0.15714285714285714,0.28,0.4,0.33333333333333337
2024-11-17 19:30:00,0.4057142857142857,0.3142857142857143,0.2,0.15,0.37209302325581395
2024-11-17 19:45:00,0.3485714285714286,0.08571428571428572,0.24,0.55,0.37209302325581395
2024-11-17 20:00:00,0.32,0.32857142857142857,0.26,0.3,0.3643410852713178
2024-11-17 20:15:00,0.5028571428571429,0.08571428571428572,0.3,0.2833333333333333,0.4263565891472868
2024-11-17 20:30:00,0.26285714285714284,0.15714285714285714,0.32,0.43333333333333335,0.32170542635658916
2024-11-17 20:45:00,0.46285714285714286,0.08571428571428572,0.24,0.15,0.3565891472868217
2024-11-17 21:00:00,0.4114285714285714,0.21428571428571427,0.24,0.48333333333333334,0.43410852713178294
2024-11-17 21:15:00,0.4514285714285714,0.21428571428571427,0.32,0.13333333333333333,0.39534883720930236
2024-11-17 21:30:00,0.5599999999999999,0.17142857142857143,0.3,0.16666666666666666,0.4612403100775193
2024-11-17 21:45:00,0.3142857142857143,0.12857142857142856,0.22,0.45,0.33333333333333337
2024-11-17 22:00:00,0.051428571428571435,0.014285714285714285,0.02,0.36666666666666664,0.06589147286821703
2024-11-17 22:15:00,0.051428571428571435,0.02857142857142857,0.0,0.5833333333333334,0.11627906976744184
2024-11-17 22:30:00,0.04571428571428572,0.014285714285714285,0.02,0.5166666666666666,0.09689922480620153
2024-11-17 22:45:00,0.08,0.0,0.02,0.36666666666666664,0.08139534883720931
2024-11-17 23:00:00,0.04571428571428572,0.05714285714285714,0.0,0.4666666666666667,0.09302325581395349
2024-11-17 23:15:00,0.04571428571428572,0.014285714285714285,0.0,0.43333333333333335,0.07364341085271317
2024-11-17 23:30:00,0.04000000000000001,0.0,0.02,0.5666666666666667,0.1007751937984496
2024-11-17 23:45:00,0.08571428571428572,0.014285714285714285,0.02,0.6333333333333333,0.1511627906976744
2024-11-18 00:00:00,0.04000000000000001,0.04285714285714286,0.0,0.6333333333333333,0.12403100775193798
2024-11-18 00:15:00,0.04000000000000001,0.014285714285714285,0.0,0.6666666666666666,0.12403100775193798
2024-11-18 00:30:00,0.08571428571428572,0.07142857142857142,0.0,0.16666666666666666,0.054263565891472854
2024-11-18 00:45:00,0.04000000000000001,0.05714285714285714,0.02,0.45,0.08914728682170542
2024-11-18 01:00:00,0.05714285714285715,0.07142857142857142,0.0,0.35,0.07751937984496124
2024-11-18 01:15:00,0.08,0.02857142857142857,0.0,0.5,0.11627906976744184
2024-11-18 01:30:00,0.034285714285714294,0.0,0.02,0.6666666666666666,0.12015503875968991
2024-11-18 01:45:00,0.05714285714285715,0.04285714285714286,0.0,0.5833333333333334,0.12403100775193798
2024-11-18 02:00:00,0.05714285714285715,0.0,0.02,0.6166666666666667,0.12403100775193798
2024-11-18 02:15:00,0.06285714285714286,0.02857142857142857,0.0,0.6166666666666667,0.1317829457364341
2024-11-18 02:30:00,0.02857142857142857,0.0,0.02,0.4,0.054263565891472854
2024-11-18 02:45:00,0.04000000000000001,0.0,0.02,0.5166666666666666,0.08914728682170542
2024-11-18 03:00:00,0.05714285714285715,0.014285714285714285,0.02,0.6,0.12403100775193798
2024-11-18 03:15:00,0.051428571428571435,0.07142857142857142,0.0,0.2833333333333333,0.05813953488372092
2024-11-18 03:30:00,0.06857142857142857,0.04285714285714286,0.02,0.6333333333333333,0.14728682170542634
2024-11-18 03:45:00,0.08,0.0,0.0,0.3,0.06201550387596899
2024-11-18 04:00:00,0.07428571428571429,0.07142857142857142,0.02,0.5,0.12790697674418602
2024-11-18 04:15:00,0.6514285714285715,0.17142857142857143,0.12,0.06666666666666667,0.4651162790697674
2024-11-18 04:30:00,0.3942857142857143,0.39999999999999997,0.02,0.21666666666666667,0.3682170542635659
2024-11-18 04:45:00,0.5485714285714286,0.37142857142857144,0.2,0.0,0.4496124031007751
2024-11-18 05:00:00,0.5371428571428571,0.05714285714285714,0.14,0.31666666666666665,0.41860465116279066
2024-11-18 05:15:00,0.5371428571428571,0.2571428571428571,0.14,0.08333333333333333,0.41860465116279066
2024-11-18 05:30:00,0.5542857142857143,0.34285714285714286,0.04,0.13333333333333333,0.44573643410852715
2024-11-18 05:45:00,0.2571428571428571,0.05714285714285714,0.12,0.21666666666666667,0.20155038759689922
2024-11-18 06:00:00,0.7028571428571428,0.15714285714285714,0.92,0.06666666666666667,0.6511627906976744
2024-11-18 06:15:00,0.7085714285714285,0.5571428571428572,0.86,0.0,0.7364341085271318
2024-11-18 06:30:00,0.7085714285714285,0.3857142857142857,0.76,0.0,0.6705426356589147
2024-11-18 06:45:00,0.6171428571428571,0.34285714285714286,0.44,0.03333333333333333,0.5426356589147286
2024-11-18 07:00:00,0.7771428571428571,0.21428571428571427,0.42,0.08333333333333333,0.624031007751938
2024-11-18 07:15:00,0.6571428571428571,0.3142857142857143,0.58,0.016666666666666666,0.5852713178294573
2024-11-18 07:30:00,0.7771428571428571,0.34285714285714286,0.9400000000000001,0.06666666666666667,0.755813953488372
2024-11-18 07:45:00,0.8228571428571428,0.34285714285714286,0.66,0.016666666666666666,0.7209302325581395
2024-11-18 08:00:00,0.7714285714285715,0.5714285714285714,0.72,0.016666666666666666,0.7596899224806201
2024-11-18 08:15:00,0.7714285714285715,0.2857142857142857,0.72,0.0,0.6782945736434108
2024-11-18 08:30:00,0.5828571428571429,0.18571428571428572,0.62,0.06666666666666667,0.5193798449612402
2024-11-18 08:45:00,0.7771428571428571,0.21428571428571427,0.64,0.06666666666666667,0.6627906976744186
2024-11-18 09:00:00,0.6571428571428571,0.3857142857142857,0.76,0.06666666666666667,0.6511627906976744
2024-11-18 09:15:00,0.37142857142857144,0.19999999999999998,0.42,0.08333333333333333,0.34496124031007747
2024-11-18 09:30:00,0.2857142857142857,0.34285714285714286,0.32,0.35,0.3682170542635659
2024-11-18 09:45:00,0.26857142857142857,0.2571428571428571,0.44,0.26666666666666666,0.33720930232558133
2024-11-18 10:00:00,0.34285714285714286,0.05714285714285714,0.38,0.35,0.3410852713178294
2024-11-18 10:15:00,0.27999999999999997,0.14285714285714285,0.6,0.4666666666666667,0.3914728682170543
2024-11-18 10:30:00,0.18285714285714286,0.04285714285714286,0.64,0.3,0.2674418604651163
2024-11-18 10:45:00,0.10285714285714286,0.04285714285714286,0.74,0.3,0.23255813953488372
2024-11-18 11:00:00,0.21714285714285714,0.09999999999999999,0.14,0.48333333333333334,0.25193798449612403
2024-11-18 11:15:00,0.09714285714285716,0.08571428571428572,0.26,0.4,0.17054263565891473
2024-11-18 11:30:00,0.09142857142857143,0.14285714285714285,0.12,0.5,0.17829457364341086
2024-11-18 11:45:00,0.24571428571428572,0.11428571428571428,0.22,0.36666666666666664,0.26356589147286824
2024-11-18 12:00:00,0.17142857142857143,0.07142857142857142,0.24,0.3333333333333333,0.19767441860465115
2024-11-18 12:15:00,0.3657142857142857,0.07142857142857142,0.26,0.36666666666666664,0.3410852713178294
2024-11-18 12:30:00,0.09714285714285716,0.12857142857142856,0.2,0.35,0.15891472868217052
2024-11-18 12:45:00,0.23428571428571426,0.07142857142857142,0.18,0.3833333333333333,0.24031007751937986
2024-11-18 13:00:00,0.25142857142857145,0.07142857142857142,0.22,0.35,0.25193798449612403
2024-11-18 13:15:00,0.13714285714285712,0.2571428571428571,0.58,0.3333333333333333,0.2906976744186046
2024-11-18 13:30:00,0.52,0.32857142857142857,0.62,0.23333333333333334,0.5542635658914729
2024-11-18 13:45:00,0.5428571428571428,0.3857142857142857,0.46,0.26666666666666666,0.562015503875969
2024-11-18 14:00:00,0.52,0.3142857142857143,0.72,0.08333333333333333,0.5348837209302325
2024-11-18 14:15:00,0.1257142857142857,0.37142857142857144,0.5,0.25,0.2790697674418604
2024-11-18 14:30:00,0.6228571428571429,0.3,0.64,0.08333333333333333,0.5852713178294573
2024-11-18 14:45:00,0.3942857142857143,0.3857142857142857,0.68,0.16666666666666666,0.48062015503875966
2024-11-18 15:00:00,0.051428571428571435,0.22857142857142856,0.18,0.23333333333333334,0.12403100775193798
2024-11-18 15:15:00,0.4514285714285714,0.42857142857142855,0.52,0.16666666666666666,0.5
2024-11-18 15:30:00,0.52,0.2714285714285714,0.28,0.3,0.4883720930232558
2024-11-18 15:45:00,0.19999999999999998,0.21428571428571427,0.56,0.08333333333333333,0.2596899224806202
2024-11-18 16:00:00,0.6,0.21428571428571427,0.92,0.08333333333333333,0.6007751937984496
2024-11-18 16:15:00,0.76,0.5571428571428572,0.62,0.11666666666666667,0.751937984496124
2024-11-18 16:30:00,0.6457142857142857,0.45714285714285713,0.64,0.16666666666666666,0.6627906976744186
2024-11-18 16:45:00,0.7828571428571428,0.4857142857142857,0.76,0.15,0.7829457364341085
2024-11-18 17:00:00,0.6171428571428571,0.18571428571428572,0.72,0.08333333333333333,0.5658914728682171
2024-11-18 17:15:00,0.5657142857142857,0.41428571428571426,0.64,0.11666666666666667,0.5852713178294573
2024-11-18 17:30:00,0.7371428571428571,0.5571428571428572,0.42,0.15,0.7054263565891472
2024-11-18 17:45:00,0.5828571428571429,0.21428571428571427,0.96,0.08333333333333333,0.5968992248062015
2024-11-18 18:00:00,0.7657142857142857,0.35714285714285715,0.86,0.11666666666666667,0.748062015503876
2024-11-18 18:15:00,0.7028571428571428,0.2857142857142857,0.4,0.1,0.5930232558139534
2024-11-18 18:30:00,0.5485714285714286,0.18571428571428572,0.9400000000000001,0.16666666666666666,0.5813953488372092
2024-11-18 18:45:00,0.5714285714285714,0.24285714285714285,0.26,0.3833333333333333,0.5310077519379844
2024-11-18 19:00:00,0.5599999999999999,0.19999999999999998,0.26,0.15,0.45736434108527124
2024-11-18 19:15:00,0.26285714285714284,0.32857142857142857,0.3,0.21666666666666667,0.313953488372093
2024-11-18 19:30:00,0.4514285714285714,0.14285714285714285,0.32,0.3333333333333333,0.42248062015503873
2024-11-18 19:45:00,0.5257142857142857,0.35714285714285715,0.38,0.4,0.5581395348837209
2024-11-18 20:00:00,0.5314285714285715,0.11428571428571428,0.2,0.31666666666666665,0.4418604651162791
2024-11-18 20:15:00,0.5085714285714286,0.18571428571428572,0.38,0.4166666666666667,0.5038759689922481
2024-11-18 20:30:00,0.5714285714285714,0.35714285714285715,0.22,0.5833333333333334,0.6007751937984496
2024-11-18 20:45:00,0.3942857142857143,0.12857142857142856,0.26,0.1,0.313953488372093
2024-11-18 21:00:00,0.29714285714285715,0.2571428571428571,0.26,0.4666666666666667,0.3682170542635659
2024-11-18 21:15:00,0.29714285714285715,0.19999999999999998,0.22,0.55,0.3643410852713178
2024-11-18 21:30:00,0.4514285714285714,0.32857142857142857,0.38,0.25,0.4651162790697674
2024-11-18 21:45:00,0.5714285714285714,0.19999999999999998,0.32,0.55,0.5697674418604651
2024-11-18 22:00:00,0.02857142857142857,0.05714285714285714,0.02,0.6333333333333333,0.12403100775193798
2024-11-18 22:15:00,0.05714285714285715,0.014285714285714285,0.02,0.48333333333333334,0.09689922480620153
2024-11-18 22:30:00,0.051428571428571435,0.014285714285714285,0.02,0.4166666666666667,0.07751937984496124
2024-11-18 22:45:00,0.08571428571428572,0.02857142857142857,0.0,0.6166666666666667,0.14728682170542634
2024-11-18 23:00:00,0.08571428571428572,0.014285714285714285,0.0,0.45,0.10465116279069767
2024-11-18 23:15:00,0.04571428571428572,0.014285714285714285,0.02,0.3,0.046511627906976744
2024-11-18 23:30:00,0.08,0.0,0.0,0.5833333333333334,0.12790697674418602
2024-11-18 23:45:00,0.051428571428571435,0.014285714285714285,0.02,0.45,0.08527131782945735
2024-11-19 00:00:00,0.04571428571428572,0.07142857142857142,0.0,0.2,0.03488372093023255
2024-11-19 00:15:00,0.07428571428571429,0.07142857142857142,0.0,0.2,0.054263565891472854
2024-11-19 00:30:00,0.02857142857142857,0.04285714285714286,0.02,0.5333333333333333,0.09689922480620153
2024-11-19 00:45:00,0.051428571428571435,0.02857142857142857,0.0,0.25,0.038759689922480606
2024-11-19 01:00:00,0.06285714285714286,0.04285714285714286,0.0,0.25,0.05038759689922481
2024-11-19 01:15:00,0.051428571428571435,0.02857142857142857,0.0,0.4166666666666667,0.07751937984496124
2024-11-19 01:30:00,0.06857142857142857,0.07142857142857142,0.0,0.3,0.07364341085271317
2024-11-19 01:45:00,0.04571428571428572,0.014285714285714285,0.0,0.4666666666666667,0.08139534883720931
2024-11-19 02:00:00,0.08,0.0,0.02,0.3333333333333333,0.07364341085271317
2024-11-19 02:15:00,0.05714285714285715,0.05714285714285714,0.0,0.6666666666666666,0.14728682170542634
2024-11-19 02:30:00,0.051428571428571435,0.04285714285714286,0.02,0.43333333333333335,0.08914728682170542
2024-11-19 02:45:00,0.05714285714285715,0.05714285714285714,0.0,0.23333333333333334,0.046511627906976744
2024-11-19 03:00:00,0.04000000000000001,0.04285714285714286,0.02,0.21666666666666667,0.031007751937984496
2024-11-19 03:15:00,0.04000000000000001,0.05714285714285714,0.0,0.5166666666666666,0.1007751937984496
2024-11-19 03:30:00,0.06857142857142857,0.05714285714285714,0.02,0.3333333333333333,0.08139534883720931
2024-11-19 03:45:00,0.04000000000000001,0.0,0.02,0.21666666666666667,0.019379844961240303
2024-11-19 04:00:00,0.07428571428571429,0.02857142857142857,0.0,0.26666666666666666,0.05813953488372092
2024-11-19 04:15:00,0.6285714285714286,0.22857142857142856,0.2,0.21666666666666667,0.5155038759689922
2024-11-19 04:30:00,0.64,0.07142857142857142,0.2,0.25,0.4883720930232558
2024-11-19 04:45:00,0.4971428571428571,0.37142857142857144,0.16,0.11666666666666667,0.43410852713178294
2024-11-19 05:00:00,0.4742857142857143,0.04285714285714286,0.12,0.06666666666666667,0.31007751937984496
2024-11-19 05:15:00,0.5942857142857143,0.15714285714285714,0.08,0.05,0.4108527131782945
2024-11-19 05:30:00,0.4342857142857143,0.05714285714285714,0.0,0.3333333333333333,0.32558139534883723
2024-11-19 05:45:00,0.6457142857142857,0.02857142857142857,0.1,0.31666666666666665,0.4767441860465116
2024-11-19 06:00:00,0.5828571428571429,0.37142857142857144,0.62,0.03333333333333333,0.562015503875969
2024-11-19 06:15:00,0.5599999999999999,0.15714285714285714,0.7000000000000001,0.08333333333333333,0.5155038759689922
2024-11-19 06:30:00,0.8,0.18571428571428572,0.66,0.05,0.6705426356589147
2024-11-19 06:45:00,0.7885714285714286,0.3142857142857143,0.74,0.06666666666666667,0.7170542635658914
2024-11-19 07:00:00,0.6171428571428571,0.5428571428571428,1.0,0.05,0.7093023255813953
2024-11-19 07:15:00,0.8228571428571428,0.14285714285714285,0.9400000000000001,0.05,0.7286821705426356
2024-11-19 07:30:00,0.7257142857142858,0.4714285714285714,0.7000000000000001,0.03333333333333333,0.7015503875968991
2024-11-19 07:45:00,0.6514285714285715,0.5714285714285714,0.8200000000000001,0.03333333333333333,0.7015503875968991
2024-11-19 08:00:00,0.7314285714285714,0.44285714285714284,0.54,0.03333333333333333,0.6666666666666666
2024-11-19 08:15:00,0.7714285714285715,0.2857142857142857,0.88,0.06666666666666667,0.7248062015503876
2024-11-19 08:30:00,0.7714285714285715,0.4857142857142857,0.62,0.016666666666666666,0.7170542635658914
2024-11-19 08:45:00,0.7028571428571428,0.5285714285714286,1.0,0.03333333333333333,0.7596899224806201
2024-11-19 09:00:00,0.7257142857142858,0.15714285714285714,0.48,0.05,0.5775193798449612
2024-11-19 09:15:00,0.10285714285714286,0.11428571428571428,0.8,0.45,0.29844961240310075
2024-11-19 09:30:00,0.39999999999999997,0.02857142857142857,0.36,0.48333333333333334,0.3992248062015503
2024-11-19 09:45:00,0.5371428571428571,0.19999999999999998,0.66,0.23333333333333334,0.5387596899224806
2024-11-19 10:00:00,0.02857142857142857,0.014285714285714285,0.26,0.11666666666666667,0.038759689922480606
2024-11-19 10:15:00,0.3942857142857143,0.3,0.58,0.43333333333333335,0.5
2024-11-19 10:30:00,0.13714285714285712,0.21428571428571427,0.5,0.08333333333333333,0.2054263565891473
2024-11-19 10:45:00,0.2571428571428571,0.24285714285714285,0.76,0.4,0.41860465116279066
2024-11-19 11:00:00,0.33714285714285713,0.12857142857142856,0.28,0.3333333333333333,0.33333333333333337
2024-11-19 11:15:00,0.25142857142857145,0.07142857142857142,0.2,0.35,0.24806201550387594
2024-11-19 11:30:00,0.19428571428571428,0.09999999999999999,0.2,0.5,0.25193798449612403
2024-11-19 11:45:00,0.36,0.07142857142857142,0.1,0.4,0.313953488372093
2024-11-19 12:00:00,0.35428571428571426,0.09999999999999999,0.16,0.36666666666666664,0.32170542635658916
2024-11-19 12:15:00,0.24,0.11428571428571428,0.06,0.4166666666666667,0.24031007751937986
2024-11-19 12:30:00,0.3485714285714286,0.12857142857142856,0.14,0.4,0.3294573643410853
2024-11-19 12:45:00,0.23428571428571426,0.11428571428571428,0.06,0.36666666666666664,0.22480620155038758
2024-11-19 13:00:00,0.27999999999999997,0.08571428571428572,0.24,0.35,0.2790697674418604
2024-11-19 13:15:00,0.07428571428571429,0.22857142857142856,0.64,0.3,0.24418604651162792
2024-11-19 13:30:00,0.10857142857142858,0.2857142857142857,0.14,0.15,0.1511627906976744
2024-11-19 13:45:00,0.6171428571428571,0.24285714285714285,0.32,0.3333333333333333,0.562015503875969
2024-11-19 14:00:00,0.26857142857142857,0.18571428571428572,0.3,0.16666666666666666,0.2674418604651163
2024-11-19 14:15:00,0.3028571428571428,0.37142857142857144,0.5,0.3,0.4108527131782945
2024-11-19 14:30:00,0.22285714285714286,0.2714285714285714,0.44,0.1,0.2713178294573644
2024-11-19 14:45:00,0.017142857142857144,0.37142857142857144,0.68,0.15,0.21705426356589144
2024-11-19 15:00:00,0.14857142857142855,0.14285714285714285,0.54,0.13333333333333333,0.21317829457364337
2024-11-19 15:15:00,0.6285714285714286,0.34285714285714286,0.32,0.08333333333333333,0.5387596899224806
2024-11-19 15:30:00,0.2914285714285714,0.41428571428571426,0.32,0.26666666666666666,0.37209302325581395
2024-11-19 15:45:00,0.01142857142857143,0.17142857142857143,0.66,0.2,0.16666666666666666
2024-11-19 16:00:00,0.7314285714285714,0.14285714285714285,0.92,0.16666666666666666,0.689922480620155
2024-11-19 16:15:00,0.5657142857142857,0.44285714285714284,0.74,0.1,0.6085271317829457
2024-11-19 16:30:00,0.5428571428571428,0.5428571428571428,0.72,0.15,0.627906976744186
2024-11-19 16:45:00,0.6971428571428572,0.35714285714285715,0.74,0.08333333333333333,0.6705426356589147
2024-11-19 17:00:00,0.6457142857142857,0.45714285714285713,0.96,0.1,0.7093023255813953
2024-11-19 17:15:00,0.8114285714285714,0.2714285714285714,0.62,0.13333333333333333,0.7131782945736433
2024-11-19 17:30:00,0.6742857142857143,0.5142857142857142,0.68,0.08333333333333333,0.686046511627907
2024-11-19 17:45:00,0.6057142857142856,0.34285714285714286,0.5,0.08333333333333333,0.5581395348837209
2024-11-19 18:00:00,0.6628571428571428,0.22857142857142856,0.84,0.13333333333333333,0.6434108527131782
2024-11-19 18:15:00,0.6514285714285715,0.5428571428571428,0.9400000000000001,0.11666666666666667,0.7364341085271318
2024-11-19 18:30:00,0.7257142857142858,0.42857142857142855,0.8200000000000001,0.1,0.7286821705426356
2024-11-19 18:45:00,0.26857142857142857,0.08571428571428572,0.24,0.3,0.2596899224806202
2024-11-19 19:00:00,0.5257142857142857,0.3,0.2,0.13333333333333333,0.44573643410852715
2024-11-19 19:15:00,0.2571428571428571,0.22857142857142856,0.4,0.5166666666666666,0.37209302325581395
2024-11-19 19:30:00,0.5085714285714286,0.35714285714285715,0.38,0.13333333333333333,0.4844961240310077
2024-11-19 19:45:00,0.3485714285714286,0.15714285714285714,0.36,0.5666666666666667,0.41860465116279066
2024-11-19 20:00:00,0.5714285714285714,0.22857142857142856,0.3,0.1,0.46899224806201545
2024-11-19 20:15:00,0.2914285714285714,0.32857142857142857,0.2,0.3,0.33333333333333337
2024-11-19 20:30:00,0.5714285714285714,0.2714285714285714,0.2,0.4166666666666667,0.5348837209302325
2024-11-19 20:45:00,0.3142857142857143,0.2571428571428571,0.22,0.26666666666666666,0.32558139534883723
2024-11-19 21:00:00,0.4742857142857143,0.14285714285714285,0.28,0.18333333333333332,0.39534883720930236
2024-11-19 21:15:00,0.6,0.08571428571428572,0.28,0.3833333333333333,0.5116279069767441
2024-11-19 21:30:00,0.41714285714285715,0.2857142857142857,0.22,0.5833333333333334,0.4767441860465116
2024-11-19 21:45:00,0.5714285714285714,0.19999999999999998,0.2,0.11666666666666667,0.44573643410852715
2024-11-19 22:00:00,0.07428571428571429,0.014285714285714285,0.0,0.16666666666666666,0.031007751937984496
2024-11-19 22:15:00,0.07428571428571429,0.014285714285714285,0.0,0.45,0.09689922480620153
2024-11-19 22:30:00,0.04000000000000001,0.05714285714285714,0.02,0.3,0.054263565891472854
2024-11-19 22:45:00,0.05714285714285715,0.05714285714285714,0.02,0.5333333333333333,0.12015503875968991
2024-11-19 23:00:00,0.04571428571428572,0.05714285714285714,0.0,0.5333333333333333,0.10852713178294573
2024-11-19 23:15:00,0.051428571428571435,0.05714285714285714,0.0,0.25,0.046511627906976744
2024-11-19 23:30:00,0.05714285714285715,0.05714285714285714,0.0,0.2833333333333333,0.05813953488372092
2024-11-19 23:45:00,0.051428571428571435,0.0,0.02,0.35,0.05813953488372092
2024-11-20 00:00:00,0.06857142857142857,0.07142857142857142,0.0,0.6166666666666667,0.14728682170542634
2024-11-20 00:15:00,0.051428571428571435,0.05714285714285714,0.02,0.2,0.038759689922480606
2024-11-20 00:30:00,0.06285714285714286,0.02857142857142857,0.0,0.25,0.046511627906976744
2024-11-20 00:45:00,0.04571428571428572,0.05714285714285714,0.02,0.23333333333333334,0.042635658914728675
2024-11-20 01:00:00,0.04000000000000001,0.05714285714285714,0.0,0.48333333333333334,0.09302325581395349
2024-11-20 01:15:00,0.08,0.05714285714285714,0.02,0.5,0.12790697674418602
2024-11-20 01:30:00,0.07428571428571429,0.05714285714285714,0.0,0.3,0.07364341085271317
2024-11-20 01:45:00,0.07428571428571429,0.014285714285714285,0.02,0.2,0.042635658914728675
2024-11-20 02:00:00,0.08571428571428572,0.05714285714285714,0.02,0.35,0.09689922480620153
2024-11-20 02:15:00,0.02857142857142857,0.02857142857142857,0.02,0.3333333333333333,0.046511627906976744
2024-11-20 02:30:00,0.07428571428571429,0.07142857142857142,0.02,0.3833333333333333,0.1007751937984496
2024-11-20 02:45:00,0.06285714285714286,0.07142857142857142,0.02,0.5,0.12015503875968991
2024-11-20 03:00:00,0.04000000000000001,0.04285714285714286,0.0,0.6666666666666666,0.1317829457364341
2024-11-20 03:15:00,0.04000000000000001,0.02857142857142857,0.0,0.6666666666666666,0.12790697674418602
2024-11-20 03:30:00,0.06285714285714286,0.0,0.02,0.6166666666666667,0.12790697674418602
2024-11-20 03:45:00,0.05714285714285715,0.05714285714285714,0.02,0.26666666666666666,0.05813953488372092
2024-11-20 04:00:00,0.04571428571428572,0.0,0.0,0.6333333333333333,0.11627906976744184
2024-11-20 04:15:00,0.32,0.07142857142857142,0.06,0.23333333333333334,0.24031007751937986
2024-11-20 04:30:00,0.1257142857142857,0.21428571428571427,0.12,0.16666666666666666,0.1434108527131783
2024-11-20 04:45:00,0.3942857142857143,0.15714285714285714,0.1,0.25,0.32558139534883723
2024-11-20 05:00:00,0.37142857142857144,0.08571428571428572,0.14,0.23333333333333334,0.2945736434108527
2024-11-20 05:15:00,0.16,0.08571428571428572,0.0,0.18333333333333332,0.1124031007751938
2024-11-20 05:30:00,0.13714285714285712,0.17142857142857143,0.02,0.21666666666666667,0.1317829457364341
2024-11-20 05:45:00,0.3657142857142857,0.07142857142857142,0.14,0.16666666666666666,0.2713178294573644
2024-11-20 06:00:00,0.2057142857142857,0.22857142857142856,0.14,0.25,0.22480620155038758
2024-11-20 06:15:00,0.17142857142857143,0.15714285714285714,0.1,0.18333333333333332,0.15891472868217052
2024-11-20 06:30:00,0.11428571428571428,0.12857142857142856,0.12,0.23333333333333334,0.12790697674418602
2024-11-20 06:45:00,0.34285714285714286,0.21428571428571427,0.02,0.18333333333333332,0.27519379844961234
2024-11-20 07:00:00,0.3485714285714286,0.08571428571428572,0.06,0.23333333333333334,0.26356589147286824
2024-11-20 07:15:00,0.1257142857142857,0.08571428571428572,0.1,0.25,0.12403100775193798
2024-11-20 07:30:00,0.39999999999999997,0.08571428571428572,0.02,0.16666666666666666,0.27519379844961234
2024-11-20 07:45:00,0.27999999999999997,0.15714285714285714,0.08,0.2,0.23255813953488372
2024-11-20 08:00:00,0.27999999999999997,0.2571428571428571,0.06,0.2,0.2558139534883721
2024-11-20 08:15:00,0.3657142857142857,0.11428571428571428,0.0,0.23333333333333334,0.2713178294573644
2024-11-20 08:30:00,0.26857142857142857,0.2714285714285714,0.12,0.16666666666666666,0.2558139534883721
2024-11-20 08:45:00,0.3485714285714286,0.11428571428571428,0.0,0.2,0.25193798449612403
2024-11-20 09:00:00,0.27999999999999997,0.15714285714285714,0.0,0.21666666666666667,0.2209302325581395
2024-11-20 09:15:00,0.8342857142857143,0.6857142857142857,0.3,0.05,0.7596899224806201
2024-11-20 09:30:00,0.9428571428571428,0.8857142857142857,0.36,0.03333333333333333,0.8953488372093023
2024-11-20 09:45:00,0.7371428571428571,0.8428571428571429,0.22,0.05,0.7209302325581395
2024-11-20 10:00:00,0.92,0.9,0.44,0.016666666666666666,0.8953488372093023
2024-11-20 10:15:00,0.96,0.9142857142857143,0.2,0.03333333333333333,0.883720930232558
2024-11-20 10:30:00,0.9771428571428572,0.6428571428571428,0.44,0.03333333333333333,0.8682170542635659
2024-11-20 10:45:00,0.8971428571428571,0.8428571428571429,0.54,0.016666666666666666,0.883720930232558
2024-11-20 11:00:00,0.9485714285714285,0.6571428571428571,0.3,0.05,0.8294573643410852
2024-11-20 11:15:00,0.8742857142857142,0.6285714285714286,0.52,0.03333333333333333,0.810077519379845
2024-11-20 11:30:00,0.8342857142857143,0.9142857142857143,0.32,0.0,0.813953488372093
2024-11-20 11:45:00,0.8971428571428571,0.9285714285714285,0.28,0.05,0.8643410852713178
2024-11-20 12:00:00,0.9942857142857143,0.6285714285714286,0.46,0.016666666666666666,0.875968992248062
2024-11-20 12:15:00,0.9714285714285714,0.8428571428571429,0.22,0.05,0.87984496124031
2024-11-20 12:30:00,0.96,0.9,0.26,0.03333333333333333,0.8914728682170542
2024-11-20 12:45:00,0.7942857142857143,0.9428571428571428,0.22,0.05,0.7868217054263565
2024-11-20 13:00:00,0.7257142857142858,0.9714285714285714,0.44,0.06666666666666667,0.7945736434108527
2024-11-20 13:15:00,0.8914285714285715,0.7142857142857143,0.2,0.0,0.7751937984496123
2024-11-20 13:30:00,0.8342857142857143,0.7999999999999999,0.58,0.016666666666666666,0.8372093023255813
2024-11-20 13:45:00,0.9314285714285714,0.8428571428571429,0.48,0.016666666666666666,0.8953488372093023
2024-11-20 14:00:00,0.7942857142857143,0.9285714285714285,0.4,0.05,0.8178294573643411
2024-11-20 14:15:00,0.9942857142857143,0.9,0.24,0.03333333333333333,0.9108527131782945
2024-11-20 14:30:00,0.8914285714285715,0.7999999999999999,0.24,0.06666666666666667,0.821705426356589
2024-11-20 14:45:00,0.7371428571428571,0.9571428571428571,0.24,0.016666666666666666,0.748062015503876
2024-11-20 15:00:00,0.7714285714285715,1.0,0.46,0.06666666666666667,0.8372093023255813
2024-11-20 15:15:00,0.3485714285714286,0.41428571428571426,0.48,0.016666666666666666,0.38372093023255816
2024-11-20 15:30:00,0.3142857142857143,0.3857142857142857,0.34,0.03333333333333333,0.3294573643410853
2024-11-20 15:45:00,0.48,0.3857142857142857,0.2,0.03333333333333333,0.4147286821705426
2024-11-20 16:00:00,0.4342857142857143,0.41428571428571426,0.1,0.0,0.3643410852713178
2024-11-20 16:15:00,0.41714285714285715,0.3142857142857143,0.24,0.016666666666666666,0.3565891472868217
2024-11-20 16:30:00,0.3771428571428571,0.34285714285714286,0.36,0.03333333333333333,0.3643410852713178
2024-11-20 16:45:00,0.2571428571428571,0.37142857142857144,0.18,0.016666666666666666,0.25193798449612403
2024-11-20 17:00:00,0.2857142857142857,0.39999999999999997,0.1,0.0,0.2596899224806202
2024-11-20 17:15:00,0.32,0.2857142857142857,0.5,0.016666666666666666,0.33333333333333337
2024-11-20 17:30:00,0.4057142857142857,0.3142857142857143,0.28,0.03333333333333333,0.36046511627906974
2024-11-20 17:45:00,0.2571428571428571,0.2857142857142857,0.46,0.016666666666666666,0.2829457364341085
2024-11-20 18:00:00,0.48,0.37142857142857144,0.0,0.03333333333333333,0.37209302325581395
2024-11-20 18:15:00,0.3257142857142857,0.2857142857142857,0.34,0.0,0.3023255813953488
2024-11-20 18:30:00,0.44571428571428573,0.2857142857142857,0.46,0.03333333333333333,0.4147286821705426
2024-11-20 18:45:00,0.34285714285714286,0.2857142857142857,0.04,0.0,0.2558139534883721
2024-11-20 19:00:00,0.3142857142857143,0.3,0.04,0.016666666666666666,0.24418604651162792
2024-11-20 19:15:00,0.17714285714285713,0.11428571428571428,0.06,0.15,0.13565891472868216
2024-11-20 19:30:00,0.19428571428571428,0.07142857142857142,0.08,0.18333333333333332,0.14728682170542634
2024-11-20 19:45:00,0.12000000000000001,0.11428571428571428,0.06,0.0,0.06201550387596899
2024-11-20 20:00:00,0.10285714285714286,0.05714285714285714,0.0,0.08333333333333333,0.042635658914728675
2024-11-20 20:15:00,0.2571428571428571,0.02857142857142857,0.0,0.06666666666666667,0.13565891472868216
2024-11-20 20:30:00,0.14285714285714285,0.02857142857142857,0.06,0.016666666666666666,0.05813953488372092
2024-11-20 20:45:00,0.24571428571428572,0.14285714285714285,0.08,0.03333333333333333,0.16666666666666666
2024-11-20 21:00:00,0.19428571428571428,0.08571428571428572,0.12,0.016666666666666666,0.12015503875968991
2024-11-20 21:15:00,0.24,0.14285714285714285,0.06,0.15,0.18604651162790695
2024-11-20 21:30:00,0.12000000000000001,0.04285714285714286,0.1,0.05,0.06201550387596899
2024-11-20 21:45:00,0.11428571428571428,0.08571428571428572,0.06,0.15,0.08527131782945735
2024-11-20 22:00:00,0.08,0.014285714285714285,0.0,0.18333333333333332,0.038759689922480606
2024-11-20 22:15:00,0.06285714285714286,0.07142857142857142,0.0,0.43333333333333335,0.1007751937984496
2024-11-20 22:30:00,0.05714285714285715,0.02857142857142857,0.02,0.65,0.13953488372093023
2024-11-20 22:45:00,0.051428571428571435,0.07142857142857142,0.0,0.18333333333333332,0.03488372093023255
2024-11-20 23:00:00,0.04000000000000001,0.02857142857142857,0.0,0.3333333333333333,0.05038759689922481
2024-11-20 23:15:00,0.034285714285714294,0.02857142857142857,0.0,0.5833333333333334,0.10465116279069767
2024-11-20 23:30:00,0.07428571428571429,0.07142857142857142,0.02,0.18333333333333332,0.054263565891472854
2024-11-20 23:45:00,0.06857142857142857,0.02857142857142857,0.0,0.3333333333333333,0.0697674418604651
2024-11-21 00:00:00,0.08,0.07142857142857142,0.02,0.5,0.1317829457364341
2024-11-21 00:15:00,0.06857142857142857,0.05714285714285714,0.02,0.4,0.09689922480620153
2024-11-21 00:30:00,0.06285714285714286,0.04285714285714286,0.0,0.23333333333333334,0.046511627906976744
2024-11-21 00:45:00,0.06285714285714286,0.04285714285714286,0.02,0.3833333333333333,0.08527131782945735
2024-11-21 01:00:00,0.08571428571428572,0.0,0.02,0.2833333333333333,0.06589147286821703
2024-11-21 01:15:00,0.08571428571428572,0.0,0.0,0.6166666666666667,0.13953488372093023
2024-11-21 01:30:00,0.07428571428571429,0.0,0.02,0.5,0.10852713178294573
2024-11-21 01:45:00,0.08,0.014285714285714285,0.0,0.23333333333333334,0.05038759689922481
2024-11-21 02:00:00,0.07428571428571429,0.07142857142857142,0.0,0.48333333333333334,0.12015503875968991
2024-11-21 02:15:00,0.034285714285714294,0.014285714285714285,0.0,0.36666666666666664,0.05038759689922481
2024-11-21 02:30:00,0.08571428571428572,0.04285714285714286,0.0,0.4,0.1007751937984496
2024-11-21 02:45:00,0.04000000000000001,0.02857142857142857,0.02,0.16666666666666666,0.015503875968992248
2024-11-21 03:00:00,0.08,0.07142857142857142,0.02,0.5166666666666666,0.13565891472868216
2024-11-21 03:15:00,0.02857142857142857,0.0,0.0,0.5333333333333333,0.08139534883720931
2024-11-21 03:30:00,0.051428571428571435,0.014285714285714285,0.02,0.2,0.027131782945736427
2024-11-21 03:45:00,0.051428571428571435,0.02857142857142857,0.02,0.4,0.07751937984496124
2024-11-21 04:00:00,0.02857142857142857,0.04285714285714286,0.0,0.5333333333333333,0.09302325581395349
2024-11-21 04:15:00,0.5257142857142857,0.32857142857142857,0.12,0.2833333333333333,0.4728682170542635
2024-11-21 04:30:00,0.5657142857142857,0.3142857142857143,0.14,0.18333333333333332,0.4767441860465116
2024-11-21 04:45:00,0.5428571428571428,0.21428571428571427,0.16,0.3333333333333333,0.4728682170542635
2024-11-21 05:00:00,0.4685714285714286,0.09999999999999999,0.14,0.06666666666666667,0.32558139534883723
2024-11-21 05:15:00,0.4114285714285714,0.3857142857142857,0.16,0.16666666666666666,0.3914728682170543
2024-11-21 05:30:00,0.26285714285714284,0.09999999999999999,0.08,0.08333333333333333,0.17829457364341086
2024-11-21 05:45:00,0.4228571428571428,0.014285714285714285,0.2,0.1,0.2906976744186046
2024-11-21 06:00:00,0.5428571428571428,0.5714285714285714,0.58,0.08333333333333333,0.5930232558139534
2024-11-21 06:15:00,0.6114285714285714,0.18571428571428572,0.78,0.0,0.5542635658914729
2024-11-21 06:30:00,0.6571428571428571,0.22857142857142856,0.68,0.03333333333333333,0.5852713178294573
2024-11-21 06:45:00,0.6742857142857143,0.19999999999999998,0.52,0.05,0.562015503875969
2024-11-21 07:00:00,0.7828571428571428,0.3857142857142857,0.54,0.06666666666666667,0.6937984496124031
2024-11-21 07:15:00,0.7657142857142857,0.5428571428571428,0.98,0.03333333333333333,0.8023255813953488
2024-11-21 07:30:00,0.7371428571428571,0.34285714285714286,0.42,0.03333333333333333,0.6201550387596899
2024-11-21 07:45:00,0.5542857142857143,0.18571428571428572,0.62,0.0,0.4844961240310077
2024-11-21 08:00:00,0.5542857142857143,0.22857142857142856,0.86,0.06666666666666667,0.5581395348837209
2024-11-21 08:15:00,0.5771428571428572,0.22857142857142856,0.64,0.016666666666666666,0.5193798449612402
2024-11-21 08:30:00,0.64,0.2714285714285714,0.84,0.05,0.6201550387596899
2024-11-21 08:45:00,0.7657142857142857,0.5142857142857142,0.8,0.05,0.7635658914728681
2024-11-21 09:00:00,0.6628571428571428,0.18571428571428572,0.5,0.03333333333333333,0.5426356589147286
2024-11-21 09:15:00,0.34285714285714286,0.2714285714285714,0.32,0.18333333333333332,0.34883720930232553
2024-11-21 09:30:00,0.04000000000000001,0.35714285714285715,0.78,0.4666666666666667,0.32170542635658916
2024-11-21 09:45:00,0.5314285714285715,0.3,0.2,0.08333333333333333,0.437984496124031
2024-11-21 10:00:00,0.3028571428571428,0.12857142857142856,0.5,0.21666666666666667,0.32558139534883723
2024-11-21 10:15:00,0.4342857142857143,0.14285714285714285,0.78,0.48333333333333334,0.5348837209302325
2024-11-21 10:30:00,0.35428571428571426,0.2857142857142857,0.66,0.48333333333333334,0.49612403100775193
2024-11-21 10:45:00,0.36,0.3142857142857143,0.5,0.26666666666666666,0.4263565891472868
2024-11-21 11:00:00,0.24,0.14285714285714285,0.12,0.36666666666666664,0.24806201550387594
2024-11-21 11:15:00,0.22857142857142854,0.09999999999999999,0.2,0.45,0.26356589147286824
2024-11-21 11:30:00,0.27999999999999997,0.07142857142857142,0.22,0.4,0.2829457364341085
2024-11-21 11:45:00,0.32,0.09999999999999999,0.3,0.4666666666666667,0.34883720930232553
2024-11-21 12:00:00,0.2914285714285714,0.07142857142857142,0.08,0.48333333333333334,0.2829457364341085
2024-11-21 12:15:00,0.10285714285714286,0.07142857142857142,0.08,0.45,0.14728682170542634
2024-11-21 12:30:00,0.14857142857142855,0.08571428571428572,0.16,0.3833333333333333,0.18217054263565893
2024-11-21 12:45:00,0.1257142857142857,0.09999999999999999,0.28,0.4666666666666667,0.21317829457364337
2024-11-21 13:00:00,0.14285714285714285,0.09999999999999999,0.06,0.5,0.18992248062015502
2024-11-21 13:15:00,0.6228571428571429,0.3,0.1,0.23333333333333334,0.5155038759689922
2024-11-21 13:30:00,0.23428571428571426,0.34285714285714286,0.7000000000000001,0.26666666666666666,0.3875968992248062
2024-11-21 13:45:00,0.36,0.41428571428571426,0.58,0.3333333333333333,0.4844961240310077
2024-11-21 14:00:00,0.22857142857142854,0.22857142857142856,0.3,0.08333333333333333,0.23255813953488372
2024-11-21 14:15:00,0.46285714285714286,0.18571428571428572,0.22,0.3333333333333333,0.42248062015503873
2024-11-21 14:30:00,0.22285714285714286,0.15714285714285714,0.38,0.25,0.26356589147286824
2024-11-21 14:45:00,0.22857142857142854,0.24285714285714285,0.26,0.3333333333333333,0.28682170542635654
2024-11-21 15:00:00,0.5771428571428572,0.24285714285714285,0.14,0.2,0.46899224806201545
2024-11-21 15:15:00,0.22285714285714286,0.22857142857142856,0.18,0.21666666666666667,0.2364341085271318
2024-11-21 15:30:00,0.4114285714285714,0.32857142857142857,0.26,0.15,0.3914728682170543
2024-11-21 15:45:00,0.2742857142857143,0.24285714285714285,0.52,0.13333333333333333,0.32170542635658916
2024-11-21 16:00:00,0.76,0.2571428571428571,0.4,0.13333333333333333,0.631782945736434
2024-11-21 16:15:00,0.7828571428571428,0.34285714285714286,0.78,0.15,0.748062015503876
2024-11-21 16:30:00,0.6228571428571429,0.35714285714285715,0.42,0.11666666666666667,0.5658914728682171
2024-11-21 16:45:00,0.6342857142857142,0.5,0.84,0.1,0.689922480620155
2024-11-21 17:00:00,0.8228571428571428,0.3142857142857143,0.74,0.13333333333333333,0.755813953488372
2024-11-21 17:15:00,0.5428571428571428,0.17142857142857143,0.78,0.11666666666666667,0.5310077519379844
2024-11-21 17:30:00,0.5485714285714286,0.32857142857142857,0.9,0.08333333333333333,0.5930232558139534
2024-11-21 17:45:00,0.6685714285714286,0.5714285714285714,0.96,0.16666666666666666,0.7713178294573643
2024-11-21 18:00:00,0.6114285714285714,0.4857142857142857,0.78,0.15,0.6705426356589147
2024-11-21 18:15:00,0.6114285714285714,0.17142857142857143,0.8200000000000001,0.08333333333333333,0.5775193798449612
2024-11-21 18:30:00,0.6342857142857142,0.3142857142857143,0.46,0.11666666666666667,0.5697674418604651
2024-11-21 18:45:00,0.48571428571428565,0.18571428571428572,0.3,0.55,0.5038759689922481
2024-11-21 19:00:00,0.45714285714285713,0.19999999999999998,0.28,0.21666666666666667,0.40697674418604646
2024-11-21 19:15:00,0.30857142857142855,0.35714285714285715,0.26,0.45,0.3992248062015503
2024-11-21 19:30:00,0.5885714285714285,0.07142857142857142,0.3,0.36666666666666664,0.5
2024-11-21 19:45:00,0.39999999999999997,0.11428571428571428,0.32,0.4166666666666667,0.3992248062015503
2024-11-21 20:00:00,0.52,0.21428571428571427,0.24,0.45,0.5
2024-11-21 20:15:00,0.32,0.24285714285714285,0.2,0.13333333333333333,0.2906976744186046
2024-11-21 20:30:00,0.4514285714285714,0.35714285714285715,0.4,0.5,0.5348837209302325
2024-11-21 20:45:00,0.2857142857142857,0.12857142857142856,0.24,0.31666666666666665,0.28682170542635654
2024-11-21 21:00:00,0.34285714285714286,0.22857142857142856,0.24,0.5333333333333333,0.4031007751937984
2024-11-21 21:15:00,0.4685714285714286,0.22857142857142856,0.2,0.26666666666666666,0.41860465116279066
2024-11-21 21:30:00,0.39999999999999997,0.07142857142857142,0.24,0.35,0.3565891472868217
2024-11-21 21:45:00,0.44,0.22857142857142856,0.28,0.5666666666666667,0.4844961240310077
2024-11-21 22:00:00,0.034285714285714294,0.04285714285714286,0.0,0.5666666666666667,0.10465116279069767
2024-11-21 22:15:00,0.05714285714285715,0.07142857142857142,0.0,0.23333333333333334,0.05038759689922481
2024-11-21 22:30:00,0.07428571428571429,0.07142857142857142,0.02,0.21666666666666667,0.06201550387596899
2024-11-21 22:45:00,0.08,0.02857142857142857,0.02,0.5666666666666667,0.13565891472868216
2024-11-21 23:00:00,0.08571428571428572,0.05714285714285714,0.02,0.43333333333333335,0.11627906976744184
2024-11-21 23:15:00,0.051428571428571435,0.05714285714285714,0.0,0.16666666666666666,0.027131782945736427
2024-11-21 23:30:00,0.034285714285714294,0.014285714285714285,0.02,0.6,0.10852713178294573
2024-11-21 23:45:00,0.02857142857142857,0.02857142857142857,0.02,0.25,0.027131782945736427
2024-11-22 00:00:00,0.02857142857142857,0.04285714285714286,0.0,0.55,0.09689922480620153
2024-11-22 00:15:00,0.051428571428571435,0.04285714285714286,0.0,0.3833333333333333,0.07364341085271317
2024-11-22 00:30:00,0.034285714285714294,0.07142857142857142,0.02,0.18333333333333332,0.027131782945736427
2024-11-22 00:45:00,0.02857142857142857,0.014285714285714285,0.02,0.5666666666666667,0.09689922480620153
2024-11-22 01:00:00,0.08571428571428572,0.05714285714285714,0.02,0.2833333333333333,0.08139534883720931
2024-11-22 01:15:00,0.06857142857142857,0.07142857142857142,0.0,0.4,0.09689922480620153
2024-11-22 01:30:00,0.04000000000000001,0.02857142857142857,0.02,0.3,0.046511627906976744
2024-11-22 01:45:00,0.05714285714285715,0.0,0.02,0.26666666666666666,0.042635658914728675
2024-11-22 02:00:00,0.08,0.07142857142857142,0.0,0.25,0.0697674418604651
2024-11-22 02:15:00,0.034285714285714294,0.04285714285714286,0.02,0.65,0.12790697674418602
2024-11-22 02:30:00,0.051428571428571435,0.07142857142857142,0.0,0.16666666666666666,0.031007751937984496
2024-11-22 02:45:00,0.08571428571428572,0.0,0.02,0.55,0.12790697674418602
2024-11-22 03:00:00,0.04571428571428572,0.014285714285714285,0.02,0.55,0.10465116279069767
2024-11-22 03:15:00,0.07428571428571429,0.02857142857142857,0.02,0.2,0.046511627906976744
2024-11-22 03:30:00,0.08,0.02857142857142857,0.02,0.3833333333333333,0.09302325581395349
2024-11-22 03:45:00,0.02857142857142857,0.05714285714285714,0.0,0.6,0.1124031007751938
2024-11-22 04:00:00,0.04571428571428572,0.05714285714285714,0.0,0.2833333333333333,0.05038759689922481
2024-11-22 04:15:00,0.46285714285714286,0.39999999999999997,0.04,0.3,0.437984496124031
2024-11-22 04:30:00,0.30857142857142855,0.41428571428571426,0.18,0.23333333333333334,0.34883720930232553
2024-11-22 04:45:00,0.5542857142857143,0.2857142857142857,0.18,0.21666666666666667,0.4767441860465116
2024-11-22 05:00:00,0.6228571428571429,0.39999999999999997,0.16,0.26666666666666666,0.562015503875969
2024-11-22 05:15:00,0.4685714285714286,0.32857142857142857,0.1,0.0,0.3643410852713178
2024-11-22 05:30:00,0.4742857142857143,0.07142857142857142,0.16,0.21666666666666667,0.36046511627906974
2024-11-22 05:45:00,0.44571428571428573,0.08571428571428572,0.08,0.15,0.313953488372093
2024-11-22 06:00:00,0.8285714285714285,0.2714285714285714,0.48,0.05,0.6782945736434108
2024-11-22 06:15:00,0.8171428571428572,0.5,0.92,0.016666666666666666,0.810077519379845
2024-11-22 06:30:00,0.8057142857142857,0.32857142857142857,0.46,0.06666666666666667,0.6782945736434108
2024-11-22 06:45:00,0.7714285714285715,0.3,0.78,0.05,0.7054263565891472
2024-11-22 07:00:00,0.8228571428571428,0.5142857142857142,0.7000000000000001,0.016666666666666666,0.7751937984496123
2024-11-22 07:15:00,0.6857142857142857,0.4857142857142857,0.84,0.0,0.6976744186046511
2024-11-22 07:30:00,0.8114285714285714,0.4857142857142857,0.4,0.08333333333333333,0.7170542635658914
2024-11-22 07:45:00,0.7028571428571428,0.4714285714285714,0.42,0.06666666666666667,0.6395348837209301
2024-11-22 08:00:00,0.6057142857142856,0.5428571428571428,1.0,0.08333333333333333,0.7093023255813953
2024-11-22 08:15:00,0.7942857142857143,0.2857142857142857,0.64,0.06666666666666667,0.6937984496124031
2024-11-22 08:30:00,0.6628571428571428,0.19999999999999998,0.46,0.016666666666666666,0.5348837209302325
2024-11-22 08:45:00,0.7485714285714286,0.5142857142857142,0.8,0.06666666666666667,0.755813953488372
2024-11-22 09:00:00,0.6228571428571429,0.3,0.46,0.016666666666666666,0.5348837209302325
2024-11-22 09:15:00,0.39999999999999997,0.24285714285714285,0.74,0.48333333333333334,0.5310077519379844
2024-11-22 09:30:00,0.1657142857142857,0.07142857142857142,0.54,0.36666666666666664,0.2596899224806202
2024-11-22 09:45:00,0.22857142857142854,0.08571428571428572,0.14,0.25,0.20155038759689922
2024-11-22 10:00:00,0.34285714285714286,0.14285714285714285,0.12,0.45,0.33720930232558133
2024-11-22 10:15:00,0.35428571428571426,0.35714285714285715,0.4,0.3,0.42248062015503873
2024-11-22 10:30:00,0.2571428571428571,0.35714285714285715,0.5,0.4666666666666667,0.4147286821705426
2024-11-22 10:45:00,0.18285714285714286,0.2714285714285714,0.76,0.2,0.3294573643410853
2024-11-22 11:00:00,0.17714285714285713,0.11428571428571428,0.06,0.48333333333333334,0.21317829457364337
2024-11-22 11:15:00,0.3314285714285714,0.07142857142857142,0.16,0.3833333333333333,0.3023255813953488
2024-11-22 11:30:00,0.35428571428571426,0.07142857142857142,0.14,0.36666666666666664,0.31007751937984496
2024-11-22 11:45:00,0.17714285714285713,0.12857142857142856,0.28,0.36666666666666664,0.23255813953488372
2024-11-22 12:00:00,0.29714285714285715,0.11428571428571428,0.2,0.36666666666666664,0.2945736434108527
2024-11-22 12:15:00,0.34285714285714286,0.09999999999999999,0.28,0.4166666666666667,0.34883720930232553
2024-11-22 12:30:00,0.27999999999999997,0.14285714285714285,0.06,0.48333333333333334,0.2906976744186046
2024-11-22 12:45:00,0.2057142857142857,0.07142857142857142,0.08,0.4166666666666667,0.20930232558139536
2024-11-22 13:00:00,0.21714285714285714,0.12857142857142856,0.06,0.4166666666666667,0.22868217054263565
2024-11-22 13:15:00,0.022857142857142857,0.3857142857142857,0.64,0.2833333333333333,0.24806201550387594
2024-11-22 13:30:00,0.5485714285714286,0.39999999999999997,0.36,0.3333333333333333,0.5658914728682171
2024-11-22 13:45:00,0.5371428571428571,0.22857142857142856,0.32,0.3,0.49612403100775193
2024-11-22 14:00:00,0.08571428571428572,0.3857142857142857,0.64,0.2,0.2713178294573644
2024-11-22 14:15:00,0.52,0.22857142857142856,0.78,0.2833333333333333,0.5697674418604651
2024-11-22 14:30:00,0.3257142857142857,0.39999999999999997,0.36,0.3333333333333333,0.4147286821705426
2024-11-22 14:45:00,0.3028571428571428,0.3857142857142857,0.34,0.08333333333333333,0.33333333333333337
2024-11-22 15:00:00,0.3142857142857143,0.2571428571428571,0.56,0.2,0.375968992248062
2024-11-22 15:15:00,0.4342857142857143,0.37142857142857144,0.26,0.2833333333333333,0.4496124031007751
2024-11-22 15:30:00,0.6457142857142857,0.21428571428571427,0.54,0.21666666666666667,0.5891472868217054
2024-11-22 15:45:00,0.2742857142857143,0.17142857142857143,0.5,0.3333333333333333,0.34496124031007747
2024-11-22 16:00:00,0.7257142857142858,0.17142857142857143,0.54,0.15,0.6162790697674418
2024-11-22 16:15:00,0.8228571428571428,0.19999999999999998,1.0,0.08333333333333333,0.7635658914728681
2024-11-22 16:30:00,0.5771428571428572,0.5,0.8200000000000001,0.08333333333333333,0.6434108527131782
2024-11-22 16:45:00,0.8285714285714285,0.41428571428571426,0.54,0.11666666666666667,0.7441860465116279
2024-11-22 17:00:00,0.6,0.42857142857142855,0.92,0.08333333333333333,0.6589147286821705
2024-11-22 17:15:00,0.7085714285714285,0.5,0.68,0.08333333333333333,0.7054263565891472
2024-11-22 17:30:00,0.7314285714285714,0.3,0.52,0.08333333333333333,0.6356589147286821
2024-11-22 17:45:00,0.8171428571428572,0.4857142857142857,0.9,0.11666666666666667,0.8255813953488371
2024-11-22 18:00:00,0.7942857142857143,0.5571428571428572,0.86,0.13333333333333333,0.8255813953488371
2024-11-22 18:15:00,0.6914285714285714,0.3857142857142857,0.88,0.13333333333333333,0.7131782945736433
2024-11-22 18:30:00,0.5599999999999999,0.4857142857142857,0.98,0.08333333333333333,0.6589147286821705
2024-11-22 18:45:00,0.52,0.09999999999999999,0.26,0.5,0.4844961240310077
2024-11-22 19:00:00,0.27999999999999997,0.24285714285714285,0.34,0.31666666666666665,0.33333333333333337
2024-11-22 19:15:00,0.5314285714285715,0.22857142857142856,0.34,0.25,0.4844961240310077
2024-11-22 19:30:00,0.38285714285714284,0.08571428571428572,0.38,0.13333333333333333,0.32558139534883723
2024-11-22 19:45:00,0.3657142857142857,0.32857142857142857,0.24,0.5166666666666666,0.4418604651162791
2024-11-22 20:00:00,0.45714285714285713,0.18571428571428572,0.32,0.4,0.4534883720930232
2024-11-22 20:15:00,0.5542857142857143,0.3142857142857143,0.24,0.15,0.48062015503875966
2024-11-22 20:30:00,0.5599999999999999,0.19999999999999998,0.4,0.23333333333333334,0.5038759689922481
2024-11-22 20:45:00,0.42857142857142855,0.17142857142857143,0.2,0.36666666666666664,0.3992248062015503
2024-11-22 21:00:00,0.3314285714285714,0.2571428571428571,0.22,0.08333333333333333,0.2945736434108527
2024-11-22 21:15:00,0.4514285714285714,0.3,0.26,0.15,0.4108527131782945
2024-11-22 21:30:00,0.38285714285714284,0.14285714285714285,0.2,0.48333333333333334,0.3875968992248062
2024-11-22 21:45:00,0.4228571428571428,0.3142857142857143,0.34,0.21666666666666667,0.4263565891472868
2024-11-22 22:00:00,0.04000000000000001,0.07142857142857142,0.0,0.45,0.08914728682170542
2024-11-22 22:15:00,0.08,0.014285714285714285,0.02,0.6333333333333333,0.14728682170542634
2024-11-22 22:30:00,0.051428571428571435,0.04285714285714286,0.0,0.55,0.1124031007751938
2024-11-22 22:45:00,0.06285714285714286,0.04285714285714286,0.02,0.6166666666666667,0.13953488372093023
2024-11-22 23:00:00,0.051428571428571435,0.07142857142857142,0.0,0.6166666666666667,0.13565891472868216
2024-11-22 23:15:00,0.034285714285714294,0.02857142857142857,0.02,0.3333333333333333,0.05038759689922481
2024-11-22 23:30:00,0.08571428571428572,0.04285714285714286,0.0,0.4166666666666667,0.10465116279069767
2024-11-22 23:45:00,0.08571428571428572,0.0,0.02,0.5,0.11627906976744184
2024-11-23 00:00:00,0.04571428571428572,0.02857142857142857,0.02,0.2833333333333333,0.046511627906976744
2024-11-23 00:15:00,0.08571428571428572,0.014285714285714285,0.02,0.31666666666666665,0.07751937984496124
2024-11-23 00:30:00,0.02857142857142857,0.02857142857142857,0.02,0.2,0.015503875968992248
2024-11-23 00:45:00,0.051428571428571435,0.02857142857142857,0.0,0.4166666666666667,0.07751937984496124
2024-11-23 01:00:00,0.04000000000000001,0.0,0.02,0.26666666666666666,0.031007751937984496
2024-11-23 01:15:00,0.034285714285714294,0.07142857142857142,0.02,0.5166666666666666,0.10465116279069767
2024-11-23 01:30:00,0.04571428571428572,0.014285714285714285,0.02,0.26666666666666666,0.038759689922480606
2024-11-23 01:45:00,0.06857142857142857,0.04285714285714286,0.0,0.16666666666666666,0.03488372093023255
2024-11-23 02:00:00,0.034285714285714294,0.014285714285714285,0.0,0.36666666666666664,0.05038759689922481
2024-11-23 02:15:00,0.02857142857142857,0.05714285714285714,0.02,0.26666666666666666,0.038759689922480606
2024-11-23 02:30:00,0.05714285714285715,0.04285714285714286,0.02,0.5333333333333333,0.11627906976744184
2024-11-23 02:45:00,0.02857142857142857,0.0,0.0,0.36666666666666664,0.042635658914728675
2024-11-23 03:00:00,0.08571428571428572,0.014285714285714285,0.02,0.26666666666666666,0.06589147286821703
2024-11-23 03:15:00,0.06285714285714286,0.014285714285714285,0.02,0.25,0.046511627906976744
2024-11-23 03:30:00,0.051428571428571435,0.05714285714285714,0.02,0.5333333333333333,0.11627906976744184
2024-11-23 03:45:00,0.06285714285714286,0.014285714285714285,0.02,0.6166666666666667,0.1317829457364341
2024-11-23 04:00:00,0.02857142857142857,0.02857142857142857,0.02,0.6,0.10852713178294573
2024-11-23 04:15:00,0.52,0.2571428571428571,0.14,0.03333333333333333,0.39534883720930236
2024-11-23 04:30:00,0.26285714285714284,0.19999999999999998,0.0,0.08333333333333333,0.18992248062015502
2024-11-23 04:45:00,0.3314285714285714,0.35714285714285715,0.04,0.13333333333333333,0.29844961240310075
2024-11-23 05:00:00,0.38285714285714284,0.09999999999999999,0.02,0.06666666666666667,0.24418604651162792
2024-11-23 05:15:00,0.46285714285714286,0.2571428571428571,0.12,0.016666666666666666,0.34883720930232553
2024-11-23 05:30:00,0.5714285714285714,0.05714285714285714,0.08,0.3333333333333333,0.43410852713178294
2024-11-23 05:45:00,0.64,0.14285714285714285,0.2,0.3,0.5193798449612402
2024-11-23 06:00:00,0.6571428571428571,0.5142857142857142,0.64,0.0,0.6472868217054263
2024-11-23 06:15:00,0.7428571428571429,0.2857142857142857,0.62,0.0,0.6395348837209301
2024-11-23 06:30:00,0.6114285714285714,0.5714285714285714,0.84,0.05,0.6821705426356589
2024-11-23 06:45:00,0.7428571428571429,0.18571428571428572,0.4,0.05,0.5813953488372092
2024-11-23 07:00:00,0.5714285714285714,0.5,0.48,0.03333333333333333,0.562015503875969
2024-11-23 07:15:00,0.8285714285714285,0.35714285714285715,0.72,0.0,0.7364341085271318
2024-11-23 07:30:00,0.5885714285714285,0.3857142857142857,0.46,0.03333333333333333,0.5387596899224806
2024-11-23 07:45:00,0.5885714285714285,0.5714285714285714,0.9,0.016666666666666666,0.6705426356589147
2024-11-23 08:00:00,0.6457142857142857,0.2714285714285714,0.42,0.016666666666666666,0.5348837209302325
2024-11-23 08:15:00,0.72,0.2571428571428571,0.8200000000000001,0.016666666666666666,0.6589147286821705
2024-11-23 08:30:00,0.8171428571428572,0.44285714285714284,0.4,0.06666666666666667,0.7054263565891472
2024-11-23 08:45:00,0.6571428571428571,0.37142857142857144,0.44,0.016666666666666666,0.5736434108527131
2024-11-23 09:00:00,0.8114285714285714,0.17142857142857143,0.64,0.0,0.6589147286821705
2024-11-23 09:15:00,0.38857142857142857,0.12857142857142856,0.7000000000000001,0.2,0.41860465116279066
2024-11-23 09:30:00,0.5028571428571429,0.3,0.44,0.48333333333333334,0.5581395348837209
2024-11-23 09:45:00,0.3485714285714286,0.02857142857142857,0.2,0.4666666666666667,0.3294573643410853
2024-11-23 10:00:00,0.07428571428571429,0.08571428571428572,0.12,0.1,0.05813953488372092
2024-11-23 10:15:00,0.41714285714285715,0.014285714285714285,0.32,0.5,0.4031007751937984
2024-11-23 10:30:00,0.3657142857142857,0.21428571428571427,0.48,0.3333333333333333,0.4147286821705426
2024-11-23 10:45:00,0.44,0.02857142857142857,0.8,0.2833333333333333,0.4651162790697674
2024-11-23 11:00:00,0.29714285714285715,0.12857142857142856,0.1,0.3833333333333333,0.2829457364341085
2024-11-23 11:15:00,0.11428571428571428,0.07142857142857142,0.28,0.43333333333333335,0.18992248062015502
2024-11-23 11:30:00,0.19999999999999998,0.12857142857142856,0.3,0.4666666666666667,0.27519379844961234
2024-11-23 11:45:00,0.26857142857142857,0.08571428571428572,0.26,0.35,0.27519379844961234
2024-11-23 12:00:00,0.22857142857142854,0.11428571428571428,0.26,0.48333333333333334,0.28682170542635654
2024-11-23 12:15:00,0.35428571428571426,0.14285714285714285,0.14,0.4166666666666667,0.3410852713178294
2024-11-23 12:30:00,0.08571428571428572,0.11428571428571428,0.28,0.5,0.19767441860465115
2024-11-23 12:45:00,0.22285714285714286,0.11428571428571428,0.08,0.48333333333333334,0.24806201550387594
2024-11-23 13:00:00,0.3314285714285714,0.07142857142857142,0.16,0.48333333333333334,0.32558139534883723
2024-11-23 13:15:00,0.6514285714285715,0.21428571428571427,0.4,0.21666666666666667,0.5658914728682171
2024-11-23 13:30:00,0.5599999999999999,0.14285714285714285,0.46,0.11666666666666667,0.4728682170542635
2024-11-23 13:45:00,0.2114285714285714,0.19999999999999998,0.3,0.23333333333333334,0.24806201550387594
2024-11-23 14:00:00,0.35428571428571426,0.2857142857142857,0.48,0.2,0.39534883720930236
2024-11-23 14:15:00,0.2914285714285714,0.2571428571428571,0.58,0.2833333333333333,0.38372093023255816
2024-11-23 14:30:00,0.34285714285714286,0.22857142857142856,0.64,0.25,0.4147286821705426
2024-11-23 14:45:00,0.5828571428571429,0.15714285714285714,0.52,0.31666666666666665,0.5503875968992248
2024-11-23 15:00:00,0.034285714285714294,0.2571428571428571,0.44,0.16666666666666666,0.15503875968992248
2024-11-23 15:15:00,0.13142857142857142,0.21428571428571427,0.54,0.2,0.2364341085271318
2024-11-23 15:30:00,0.22857142857142854,0.24285714285714285,0.14,0.1,0.20930232558139536
2024-11-23 15:45:00,0.3485714285714286,0.17142857142857143,0.54,0.1,0.34883720930232553
2024-11-23 16:00:00,0.5657142857142857,0.5714285714285714,0.44,0.15,0.5968992248062015
2024-11-23 16:15:00,0.6171428571428571,0.3,0.52,0.08333333333333333,0.5581395348837209
2024-11-23 16:30:00,0.6571428571428571,0.41428571428571426,0.74,0.1,0.6627906976744186
2024-11-23 16:45:00,0.7085714285714285,0.14285714285714285,0.78,0.1,0.631782945736434
2024-11-23 17:00:00,0.6514285714285715,0.41428571428571426,0.8,0.16666666666666666,0.686046511627907
2024-11-23 17:15:00,0.6514285714285715,0.35714285714285715,0.64,0.15,0.6356589147286821
2024-11-23 17:30:00,0.6742857142857143,0.14285714285714285,0.6,0.11666666666666667,0.5775193798449612
2024-11-23 17:45:00,0.6057142857142856,0.4714285714285714,0.56,0.08333333333333333,0.6046511627906976
2024-11-23 18:00:00,0.6,0.17142857142857143,0.9400000000000001,0.13333333333333333,0.6046511627906976
2024-11-23 18:15:00,0.7657142857142857,0.21428571428571427,0.86,0.15,0.7170542635658914
2024-11-23 18:30:00,0.7257142857142858,0.41428571428571426,0.5,0.11666666666666667,0.6666666666666666
2024-11-23 18:45:00,0.26285714285714284,0.11428571428571428,0.36,0.3,0.28682170542635654
2024-11-23 19:00:00,0.4057142857142857,0.07142857142857142,0.28,0.3333333333333333,0.3643410852713178
2024-11-23 19:15:00,0.2742857142857143,0.21428571428571427,0.26,0.3833333333333333,0.32170542635658916
2024-11-23 19:30:00,0.2571428571428571,0.35714285714285715,0.38,0.15,0.3178294573643411
2024-11-23 19:45:00,0.46285714285714286,0.34285714285714286,0.4,0.5666666666666667,0.5542635658914729
2024-11-23 20:00:00,0.35428571428571426,0.32857142857142857,0.28,0.21666666666666667,0.37209302325581395
2024-11-23 20:15:00,0.27999999999999997,0.12857142857142856,0.3,0.11666666666666667,0.24806201550387594
2024-11-23 20:30:00,0.30857142857142855,0.17142857142857143,0.32,0.5833333333333334,0.3914728682170543
2024-11-23 20:45:00,0.5942857142857143,0.35714285714285715,0.3,0.08333333333333333,0.5155038759689922
2024-11-23 21:00:00,0.38857142857142857,0.2571428571428571,0.2,0.5833333333333334,0.44573643410852715
2024-11-23 21:15:00,0.34285714285714286,0.34285714285714286,0.28,0.31666666666666665,0.3914728682170543
2024-11-23 21:30:00,0.5085714285714286,0.14285714285714285,0.22,0.36666666666666664,0.4496124031007751
2024-11-23 21:45:00,0.5771428571428572,0.12857142857142856,0.24,0.5166666666666666,0.5310077519379844
2024-11-23 22:00:00,0.07428571428571429,0.04285714285714286,0.0,0.18333333333333332,0.042635658914728675
2024-11-23 22:15:00,0.06857142857142857,0.014285714285714285,0.02,0.6,0.1317829457364341
2024-11-23 22:30:00,0.04000000000000001,0.0,0.0,0.36666666666666664,0.05038759689922481
2024-11-23 22:45:00,0.034285714285714294,0.014285714285714285,0.0,0.31666666666666665,0.038759689922480606
2024-11-23 23:00:00,0.06285714285714286,0.014285714285714285,0.0,0.5333333333333333,0.10852713178294573
2024-11-23 23:15:00,0.04000000000000001,0.04285714285714286,0.02,0.21666666666666667,0.031007751937984496
2024-11-23 23:30:00,0.051428571428571435,0.05714285714285714,0.02,0.45,0.09689922480620153
2024-11-23 23:45:00,0.034285714285714294,0.04285714285714286,0.02,0.6166666666666667,0.12015503875968991
2024-11-24 00:00:00,0.06857142857142857,0.02857142857142857,0.0,0.3,0.06201550387596899
2024-11-24 00:15:00,0.07428571428571429,0.05714285714285714,0.02,0.65,0.15891472868217052
2024-11-24 00:30:00,0.08571428571428572,0.05714285714285714,0.0,0.5333333333333333,0.13565891472868216
2024-11-24 00:45:00,0.05714285714285715,0.0,0.0,0.4666666666666667,0.08527131782945735
2024-11-24 01:00:00,0.034285714285714294,0.05714285714285714,0.0,0.2,0.023255813953488358
2024-11-24 01:15:00,0.08,0.07142857142857142,0.02,0.5833333333333334,0.1511627906976744
2024-11-24 01:30:00,0.05714285714285715,0.0,0.02,0.43333333333333335,0.08139534883720931
2024-11-24 01:45:00,0.034285714285714294,0.05714285714285714,0.0,0.5166666666666666,0.09689922480620153
2024-11-24 02:00:00,0.08,0.02857142857142857,0.02,0.55,0.1317829457364341
2024-11-24 02:15:00,0.04000000000000001,0.05714285714285714,0.02,0.48333333333333334,0.09689922480620153
2024-11-24 02:30:00,0.05714285714285715,0.07142857142857142,0.02,0.26666666666666666,0.06201550387596899
2024-11-24 02:45:00,0.051428571428571435,0.05714285714285714,0.02,0.35,0.07364341085271317
2024-11-24 03:00:00,0.08,0.05714285714285714,0.02,0.2833333333333333,0.07751937984496124
2024-11-24 03:15:00,0.02857142857142857,0.02857142857142857,0.02,0.2,0.015503875968992248
2024-11-24 03:30:00,0.02857142857142857,0.0,0.0,0.18333333333333332,0.0
2024-11-24 03:45:00,0.08571428571428572,0.05714285714285714,0.02,0.55,0.1434108527131783
2024-11-24 04:00:00,0.02857142857142857,0.014285714285714285,0.0,0.2,0.00775193798449611
2024-11-24 04:15:00,0.38857142857142857,0.17142857142857143,0.1,0.08333333333333333,0.28682170542635654
2024-11-24 04:30:00,0.5142857142857142,0.21428571428571427,0.08,0.31666666666666665,0.43410852713178294
2024-11-24 04:45:00,0.4342857142857143,0.2714285714285714,0.06,0.21666666666666667,0.3682170542635659
2024-11-24 05:00:00,0.6514285714285715,0.35714285714285715,0.2,0.15,0.5503875968992248
2024-11-24 05:15:00,0.42857142857142855,0.14285714285714285,0.08,0.25,0.3410852713178294
2024-11-24 05:30:00,0.5542857142857143,0.34285714285714286,0.06,0.26666666666666666,0.48062015503875966
2024-11-24 05:45:00,0.36,0.24285714285714285,0.12,0.16666666666666666,0.31007751937984496
2024-11-24 06:00:00,0.5942857142857143,0.5714285714285714,0.76,0.0,0.6434108527131782
2024-11-24 06:15:00,0.6799999999999999,0.35714285714285715,0.62,0.016666666666666666,0.6201550387596899
2024-11-24 06:30:00,0.6914285714285714,0.3142857142857143,0.42,0.016666666666666666,0.5775193798449612
2024-11-24 06:45:00,0.6571428571428571,0.44285714285714284,0.58,0.08333333333333333,0.6356589147286821
2024-11-24 07:00:00,0.5485714285714286,0.2857142857142857,0.9400000000000001,0.08333333333333333,0.5891472868217054
2024-11-24 07:15:00,0.7657142857142857,0.5714285714285714,0.96,0.03333333333333333,0.8062015503875969
2024-11-24 07:30:00,0.6342857142857142,0.32857142857142857,0.46,0.06666666666666667,0.562015503875969
2024-11-24 07:45:00,0.5485714285714286,0.19999999999999998,0.48,0.0,0.45736434108527124
2024-11-24 08:00:00,0.7542857142857142,0.5714285714285714,0.42,0.08333333333333333,0.7054263565891472
2024-11-24 08:15:00,0.72,0.37142857142857144,0.72,0.0,0.6666666666666666
2024-11-24 08:30:00,0.6228571428571429,0.3857142857142857,0.9,0.06666666666666667,0.6550387596899224
2024-11-24 08:45:00,0.5542857142857143,0.19999999999999998,0.92,0.016666666666666666,0.5503875968992248
2024-11-24 09:00:00,0.6342857142857142,0.34285714285714286,0.64,0.08333333333333333,0.6046511627906976
2024-11-24 09:15:00,0.13714285714285712,0.14285714285714285,0.42,0.2,0.19767441860465115
2024-11-24 09:30:00,0.2057142857142857,0.17142857142857143,0.3,0.16666666666666666,0.2209302325581395
2024-11-24 09:45:00,0.2057142857142857,0.12857142857142856,0.14,0.45,0.24418604651162792
2024-11-24 10:00:00,0.48571428571428565,0.35714285714285715,0.52,0.16666666666666666,0.5038759689922481
2024-11-24 10:15:00,0.33714285714285713,0.35714285714285715,0.34,0.3333333333333333,0.40697674418604646
2024-11-24 10:30:00,0.33714285714285713,0.14285714285714285,0.34,0.3833333333333333,0.36046511627906974
2024-11-24 10:45:00,0.3657142857142857,0.24285714285714285,0.1,0.4666666666666667,0.3798449612403101
2024-11-24 11:00:00,0.30857142857142855,0.12857142857142856,0.18,0.35,0.29844961240310075
2024-11-24 11:15:00,0.22285714285714286,0.14285714285714285,0.24,0.48333333333333334,0.28682170542635654
2024-11-24 11:30:00,0.21714285714285714,0.07142857142857142,0.12,0.43333333333333335,0.22868217054263565
2024-11-24 11:45:00,0.34285714285714286,0.09999999999999999,0.2,0.35,0.3178294573643411
2024-11-24 12:00:00,0.13714285714285712,0.07142857142857142,0.24,0.35,0.17829457364341086
2024-11-24 12:15:00,0.10857142857142858,0.12857142857142856,0.16,0.3333333333333333,0.15503875968992248
2024-11-24 12:30:00,0.22285714285714286,0.08571428571428572,0.08,0.43333333333333335,0.22868217054263565
2024-11-24 12:45:00,0.17142857142857143,0.14285714285714285,0.24,0.4,0.23255813953488372
2024-11-24 13:00:00,0.21714285714285714,0.14285714285714285,0.3,0.35,0.26356589147286824
2024-11-24 13:15:00,0.22857142857142854,0.24285714285714285,0.48,0.18333333333333332,0.2945736434108527
2024-11-24 13:30:00,0.5885714285714285,0.3,0.74,0.23333333333333334,0.6162790697674418
2024-11-24 13:45:00,0.2742857142857143,0.2714285714285714,0.66,0.15,0.36046511627906974
2024-11-24 14:00:00,0.39999999999999997,0.32857142857142857,0.62,0.21666666666666667,0.46899224806201545
2024-11-24 14:15:00,0.37142857142857144,0.2571428571428571,0.1,0.31666666666666665,0.3527131782945736
2024-11-24 14:30:00,0.26857142857142857,0.35714285714285715,0.3,0.31666666666666665,0.34883720930232553
2024-11-24 14:45:00,0.022857142857142857,0.2571428571428571,0.48,0.15,0.1511627906976744
2024-11-24 15:00:00,0.24,0.3,0.18,0.3,0.28682170542635654
2024-11-24 15:15:00,0.6342857142857142,0.2857142857142857,0.34,0.31666666666666665,0.5852713178294573
2024-11-24 15:30:00,0.34285714285714286,0.19999999999999998,0.12,0.15,0.2829457364341085
2024-11-24 15:45:00,0.5028571428571429,0.17142857142857143,0.26,0.21666666666666667,0.4263565891472868
2024-11-24 16:00:00,0.5428571428571428,0.3,0.9,0.15,0.5968992248062015
2024-11-24 16:15:00,0.6628571428571428,0.34285714285714286,0.62,0.1,0.624031007751938
2024-11-24 16:30:00,0.6,0.21428571428571427,1.0,0.08333333333333333,0.6162790697674418
2024-11-24 16:45:00,0.5599999999999999,0.24285714285714285,0.56,0.08333333333333333,0.5116279069767441
2024-11-24 17:00:00,0.7485714285714286,0.5428571428571428,0.4,0.08333333333333333,0.689922480620155
2024-11-24 17:15:00,0.6514285714285715,0.3142857142857143,0.64,0.15,0.624031007751938
2024-11-24 17:30:00,0.7257142857142858,0.24285714285714285,0.72,0.08333333333333333,0.6550387596899224
2024-11-24 17:45:00,0.8114285714285714,0.14285714285714285,0.8200000000000001,0.08333333333333333,0.7054263565891472
2024-11-24 18:00:00,0.6057142857142856,0.17142857142857143,0.88,0.1,0.5891472868217054
2024-11-24 18:15:00,0.5542857142857143,0.3857142857142857,0.64,0.08333333333333333,0.562015503875969
2024-11-24 18:30:00,0.7542857142857142,0.35714285714285715,0.58,0.11666666666666667,0.686046511627907
2024-11-24 18:45:00,0.3771428571428571,0.24285714285714285,0.3,0.5166666666666666,0.437984496124031
2024-11-24 19:00:00,0.33714285714285713,0.35714285714285715,0.22,0.25,0.3643410852713178
2024-11-24 19:15:00,0.37142857142857144,0.22857142857142856,0.3,0.48333333333333334,0.42248062015503873
2024-11-24 19:30:00,0.49142857142857144,0.12857142857142856,0.22,0.5333333333333333,0.4728682170542635
2024-11-24 19:45:00,0.5142857142857142,0.08571428571428572,0.22,0.5833333333333334,0.4883720930232558
2024-11-24 20:00:00,0.4057142857142857,0.22857142857142856,0.2,0.5166666666666666,0.43410852713178294
2024-11-24 20:15:00,0.4685714285714286,0.24285714285714285,0.36,0.11666666666666667,0.41860465116279066
2024-11-24 20:30:00,0.3314285714285714,0.3142857142857143,0.24,0.48333333333333334,0.40697674418604646
2024-11-24 20:45:00,0.2914285714285714,0.24285714285714285,0.4,0.13333333333333333,0.31007751937984496
2024-11-24 21:00:00,0.5542857142857143,0.2571428571428571,0.38,0.48333333333333334,0.5697674418604651
2024-11-24 21:15:00,0.3142857142857143,0.32857142857142857,0.2,0.21666666666666667,0.3294573643410853
2024-11-24 21:30:00,0.4742857142857143,0.08571428571428572,0.36,0.4166666666666667,0.4496124031007751
2024-11-24 21:45:00,0.5657142857142857,0.21428571428571427,0.2,0.5333333333333333,0.5426356589147286
2024-11-24 22:00:00,0.06285714285714286,0.014285714285714285,0.02,0.43333333333333335,0.08914728682170542
2024-11-24 22:15:00,0.04000000000000001,0.014285714285714285,0.0,0.2,0.015503875968992248
2024-11-24 22:30:00,0.06285714285714286,0.014285714285714285,0.0,0.48333333333333334,0.09689922480620153
2024-11-24 22:45:00,0.04571428571428572,0.07142857142857142,0.0,0.5166666666666666,0.10852713178294573
2024-11-24 23:00:00,0.08571428571428572,0.014285714285714285,0.02,0.45,0.10852713178294573
2024-11-24 23:15:00,0.07428571428571429,0.0,0.0,0.48333333333333334,0.1007751937984496
2024-11-24 23:30:00,0.06285714285714286,0.04285714285714286,0.02,0.43333333333333335,0.09689922480620153
2024-11-24 23:45:00,0.07428571428571429,0.0,0.0,0.35,0.0697674418604651
2024-11-25 00:00:00,0.034285714285714294,0.07142857142857142,0.0,0.4,0.07364341085271317
2024-11-25 00:15:00,0.04571428571428572,0.014285714285714285,0.0,0.16666666666666666,0.011627906976744179
2024-11-25 00:30:00,0.02857142857142857,0.014285714285714285,0.0,0.43333333333333335,0.06201550387596899
2024-11-25 00:45:00,0.08,0.07142857142857142,0.02,0.36666666666666664,0.1007751937984496
2024-11-25 01:00:00,0.08571428571428572,0.0,0.0,0.16666666666666666,0.03488372093023255
2024-11-25 01:15:00,0.06285714285714286,0.05714285714285714,0.02,0.65,0.1511627906976744
2024-11-25 01:30:00,0.08,0.014285714285714285,0.02,0.18333333333333332,0.042635658914728675
2024-11-25 01:45:00,0.08571428571428572,0.05714285714285714,0.0,0.6333333333333333,0.15891472868217052
2024-11-25 02:00:00,0.05714285714285715,0.014285714285714285,0.02,0.25,0.042635658914728675
2024-11-25 02:15:00,0.02857142857142857,0.0,0.0,0.55,0.08527131782945735
2024-11-25 02:30:00,0.08571428571428572,0.07142857142857142,0.0,0.4,0.10852713178294573
2024-11-25 02:45:00,0.04000000000000001,0.02857142857142857,0.02,0.5833333333333334,0.1124031007751938
2024-11-25 03:00:00,0.02857142857142857,0.05714285714285714,0.02,0.6166666666666667,0.12015503875968991
2024-11-25 03:15:00,0.05714285714285715,0.05714285714285714,0.0,0.6333333333333333,0.13953488372093023
2024-11-25 03:30:00,0.08,0.0,0.02,0.65,0.14728682170542634
2024-11-25 03:45:00,0.06285714285714286,0.05714285714285714,0.0,0.5833333333333334,0.1317829457364341
2024-11-25 04:00:00,0.08571428571428572,0.04285714285714286,0.02,0.5833333333333334,0.14728682170542634
2024-11-25 04:15:00,0.6457142857142857,0.014285714285714285,0.0,0.06666666666666667,0.39534883720930236
2024-11-25 04:30:00,0.48,0.2857142857142857,0.08,0.2833333333333333,0.42248062015503873
2024-11-25 04:45:00,0.6571428571428571,0.2571428571428571,0.12,0.21666666666666667,0.5271317829457364
2024-11-25 05:00:00,0.45714285714285713,0.09999999999999999,0.06,0.3,0.3565891472868217
2024-11-25 05:15:00,0.5371428571428571,0.11428571428571428,0.04,0.23333333333333334,0.39534883720930236
2024-11-25 05:30:00,0.30857142857142855,0.35714285714285715,0.04,0.11666666666666667,0.2790697674418604
2024-11-25 05:45:00,0.3028571428571428,0.35714285714285715,0.04,0.08333333333333333,0.2674418604651163
2024-11-25 06:00:00,0.6171428571428571,0.5714285714285714,0.72,0.06666666666666667,0.6666666666666666
2024-11-25 06:15:00,0.6171428571428571,0.22857142857142856,1.0,0.03333333333333333,0.6201550387596899
2024-11-25 06:30:00,0.6628571428571428,0.3857142857142857,1.0,0.06666666666666667,0.7015503875968991
2024-11-25 06:45:00,0.8285714285714285,0.24285714285714285,0.56,0.0,0.6744186046511628
2024-11-25 07:00:00,0.7485714285714286,0.41428571428571426,0.46,0.0,0.6472868217054263
2024-11-25 07:15:00,0.7828571428571428,0.45714285714285713,0.54,0.03333333333333333,0.7054263565891472
2024-11-25 07:30:00,0.5771428571428572,0.45714285714285713,0.84,0.03333333333333333,0.624031007751938
2024-11-25 07:45:00,0.5599999999999999,0.3,0.4,0.0,0.4767441860465116
2024-11-25 08:00:00,0.72,0.2714285714285714,0.52,0.016666666666666666,0.6046511627906976
2024-11-25 08:15:00,0.7314285714285714,0.32857142857142857,0.42,0.05,0.6162790697674418
2024-11-25 08:30:00,0.6742857142857143,0.24285714285714285,1.0,0.016666666666666666,0.6589147286821705
2024-11-25 08:45:00,0.6799999999999999,0.3,0.7000000000000001,0.03333333333333333,0.624031007751938
2024-11-25 09:00:00,0.7485714285714286,0.37142857142857144,0.4,0.06666666666666667,0.6395348837209301
2024-11-25 09:15:00,0.4971428571428571,0.14285714285714285,0.78,0.31666666666666665,0.5387596899224806
2024-11-25 09:30:00,0.44,0.09999999999999999,0.26,0.31666666666666665,0.3875968992248062
2024-11-25 09:45:00,0.2114285714285714,0.02857142857142857,0.56,0.45,0.3023255813953488
2024-11-25 10:00:00,0.10857142857142858,0.24285714285714285,0.34,0.15,0.17829457364341086
2024-11-25 10:15:00,0.2114285714285714,0.2714285714285714,0.34,0.2,0.2674418604651163
2024-11-25 10:30:00,0.5428571428571428,0.17142857142857143,0.1,0.3833333333333333,0.4612403100775193
2024-11-25 10:45:00,0.034285714285714294,0.35714285714285715,0.6,0.36666666666666664,0.2596899224806202
2024-11-25 11:00:00,0.1257142857142857,0.09999999999999999,0.2,0.36666666666666664,0.1744186046511628
2024-11-25 11:15:00,0.18857142857142856,0.09999999999999999,0.22,0.3333333333333333,0.21317829457364337
2024-11-25 11:30:00,0.25142857142857145,0.14285714285714285,0.12,0.45,0.27519379844961234
2024-11-25 11:45:00,0.3485714285714286,0.12857142857142856,0.14,0.4666666666666667,0.34496124031007747
2024-11-25 12:00:00,0.37142857142857144,0.11428571428571428,0.06,0.36666666666666664,0.3178294573643411
2024-11-25 12:15:00,0.3028571428571428,0.09999999999999999,0.12,0.45,0.29844961240310075
2024-11-25 12:30:00,0.2742857142857143,0.12857142857142856,0.26,0.48333333333333334,0.32170542635658916
2024-11-25 12:45:00,0.09714285714285716,0.07142857142857142,0.12,0.43333333333333335,0.14728682170542634
2024-11-25 13:00:00,0.19999999999999998,0.14285714285714285,0.22,0.4666666666666667,0.26356589147286824
2024-11-25 13:15:00,0.3028571428571428,0.18571428571428572,0.2,0.2,0.2790697674418604
2024-11-25 13:30:00,0.3142857142857143,0.35714285714285715,0.48,0.2833333333333333,0.40697674418604646
2024-11-25 13:45:00,0.11428571428571428,0.15714285714285714,0.48,0.2833333333333333,0.21705426356589144
2024-11-25 14:00:00,0.09714285714285716,0.39999999999999997,0.22,0.3,0.22480620155038758
2024-11-25 14:15:00,0.005714285714285717,0.15714285714285714,0.74,0.25,0.18604651162790695
2024-11-25 14:30:00,0.4971428571428571,0.2571428571428571,0.68,0.3,0.5465116279069767
2024-11-25 14:45:00,0.5257142857142857,0.24285714285714285,0.76,0.3333333333333333,0.5852713178294573
2024-11-25 15:00:00,0.4971428571428571,0.2571428571428571,0.62,0.1,0.4883720930232558
2024-11-25 15:15:00,0.3942857142857143,0.17142857142857143,0.34,0.26666666666666666,0.3798449612403101
2024-11-25 15:30:00,0.35428571428571426,0.3142857142857143,0.14,0.08333333333333333,0.31007751937984496
2024-11-25 15:45:00,0.4514285714285714,0.2857142857142857,0.5,0.25,0.4767441860465116
2024-11-25 16:00:00,0.7942857142857143,0.21428571428571427,0.84,0.13333333333333333,0.7286821705426356
2024-11-25 16:15:00,0.6571428571428571,0.15714285714285714,0.9400000000000001,0.11666666666666667,0.6356589147286821
2024-11-25 16:30:00,0.5885714285714285,0.14285714285714285,0.72,0.1,0.5387596899224806
2024-11-25 16:45:00,0.7771428571428571,0.18571428571428572,1.0,0.1,0.7325581395348837
2024-11-25 17:00:00,0.6628571428571428,0.5285714285714286,0.58,0.13333333333333333,0.6744186046511628
2024-11-25 17:15:00,0.7828571428571428,0.5714285714285714,0.44,0.1,0.7325581395348837
2024-11-25 17:30:00,0.7542857142857142,0.32857142857142857,0.56,0.11666666666666667,0.6744186046511628
2024-11-25 17:45:00,0.64,0.14285714285714285,0.54,0.13333333333333333,0.5465116279069767
2024-11-25 18:00:00,0.5428571428571428,0.22857142857142856,0.74,0.11666666666666667,0.5387596899224806
2024-11-25 18:15:00,0.8171428571428572,0.15714285714285714,0.84,0.13333333333333333,0.7286821705426356
2024-11-25 18:30:00,0.8171428571428572,0.3857142857142857,0.78,0.1,0.7713178294573643
2024-11-25 18:45:00,0.34285714285714286,0.2571428571428571,0.4,0.35,0.3992248062015503
2024-11-25 19:00:00,0.39999999999999997,0.12857142857142856,0.28,0.1,0.32170542635658916
2024-11-25 19:15:00,0.45714285714285713,0.21428571428571427,0.4,0.48333333333333334,0.49612403100775193
2024-11-25 19:30:00,0.29714285714285715,0.3,0.4,0.3,0.3682170542635659
2024-11-25 19:45:00,0.2571428571428571,0.09999999999999999,0.26,0.5,0.3062015503875969
2024-11-25 20:00:00,0.4685714285714286,0.3,0.28,0.5666666666666667,0.5232558139534883
2024-11-25 20:15:00,0.33714285714285713,0.34285714285714286,0.22,0.1,0.32558139534883723
2024-11-25 20:30:00,0.4057142857142857,0.08571428571428572,0.36,0.23333333333333334,0.36046511627906974
2024-11-25 20:45:00,0.3657142857142857,0.15714285714285714,0.24,0.13333333333333333,0.3062015503875969
2024-11-25 21:00:00,0.4057142857142857,0.12857142857142856,0.34,0.23333333333333334,0.3682170542635659
2024-11-25 21:15:00,0.5085714285714286,0.11428571428571428,0.3,0.08333333333333333,0.3914728682170543
2024-11-25 21:30:00,0.5657142857142857,0.14285714285714285,0.32,0.55,0.5503875968992248
2024-11-25 21:45:00,0.5314285714285715,0.18571428571428572,0.26,0.55,0.5271317829457364
2024-11-25 22:00:00,0.04571428571428572,0.07142857142857142,0.0,0.3,0.05813953488372092
2024-11-25 22:15:00,0.06857142857142857,0.014285714285714285,0.0,0.18333333333333332,0.031007751937984496
2024-11-25 22:30:00,0.07428571428571429,0.02857142857142857,0.02,0.5666666666666667,0.1317829457364341
2024-11-25 22:45:00,0.034285714285714294,0.014285714285714285,0.0,0.5833333333333334,0.1007751937984496
2024-11-25 23:00:00,0.06857142857142857,0.05714285714285714,0.0,0.18333333333333332,0.042635658914728675
2024-11-25 23:15:00,0.06857142857142857,0.014285714285714285,0.02,0.3833333333333333,0.08139534883720931
2024-11-25 23:30:00,0.06857142857142857,0.02857142857142857,0.0,0.3833333333333333,0.08139534883720931
2024-11-25 23:45:00,0.06285714285714286,0.05714285714285714,0.02,0.5,0.11627906976744184
2024-11-26 00:00:00,0.05714285714285715,0.07142857142857142,0.02,0.3833333333333333,0.08914728682170542
2024-11-26 00:15:00,0.07428571428571429,0.0,0.0,0.5166666666666666,0.10852713178294573
2024-11-26 00:30:00,0.02857142857142857,0.014285714285714285,0.0,0.2833333333333333,0.027131782945736427
2024-11-26 00:45:00,0.04571428571428572,0.02857142857142857,0.0,0.5333333333333333,0.1007751937984496
2024-11-26 01:00:00,0.06285714285714286,0.014285714285714285,0.0,0.6333333333333333,0.1317829457364341
2024-11-26 01:15:00,0.034285714285714294,0.05714285714285714,0.0,0.5333333333333333,0.1007751937984496
2024-11-26 01:30:00,0.04000000000000001,0.02857142857142857,0.0,0.43333333333333335,0.07364341085271317
2024-11-26 01:45:00,0.051428571428571435,0.02857142857142857,0.02,0.23333333333333334,0.038759689922480606
2024-11-26 02:00:00,0.07428571428571429,0.02857142857142857,0.0,0.6166666666666667,0.13953488372093023
2024-11-26 02:15:00,0.06857142857142857,0.014285714285714285,0.02,0.36666666666666664,0.07751937984496124
2024-11-26 02:30:00,0.04000000000000001,0.04285714285714286,0.0,0.48333333333333334,0.08914728682170542
2024-11-26 02:45:00,0.08571428571428572,0.07142857142857142,0.0,0.5,0.1317829457364341
2024-11-26 03:00:00,0.06857142857142857,0.07142857142857142,0.02,0.31666666666666665,0.08139534883720931
2024-11-26 03:15:00,0.04000000000000001,0.0,0.02,0.55,0.09689922480620153
2024-11-26 03:30:00,0.08,0.014285714285714285,0.0,0.3333333333333333,0.07364341085271317
2024-11-26 03:45:00,0.034285714285714294,0.05714285714285714,0.02,0.6333333333333333,0.12790697674418602
2024-11-26 04:00:00,0.051428571428571435,0.07142857142857142,0.0,0.65,0.1434108527131783
2024-11-26 04:15:00,0.5542857142857143,0.2857142857142857,0.08,0.2,0.4534883720930232
2024-11-26 04:30:00,0.4971428571428571,0.05714285714285714,0.12,0.3,0.38372093023255816
2024-11-26 04:45:00,0.27999999999999997,0.19999999999999998,0.2,0.26666666666666666,0.2829457364341085
2024-11-26 05:00:00,0.2857142857142857,0.21428571428571427,0.02,0.16666666666666666,0.23255813953488372
2024-11-26 05:15:00,0.33714285714285713,0.3857142857142857,0.1,0.08333333333333333,0.31007751937984496
2024-11-26 05:30:00,0.26857142857142857,0.18571428571428572,0.1,0.25,0.24806201550387594
2024-11-26 05:45:00,0.38857142857142857,0.15714285714285714,0.08,0.05,0.2713178294573644
2024-11-26 06:00:00,0.5771428571428572,0.3857142857142857,0.9,0.08333333333333333,0.627906976744186
2024-11-26 06:15:00,0.8,0.3,0.8,0.08333333333333333,0.7364341085271318
2024-11-26 06:30:00,0.7314285714285714,0.2714285714285714,0.56,0.08333333333333333,0.6356589147286821
2024-11-26 06:45:00,0.64,0.44285714285714284,0.98,0.0,0.6821705426356589
2024-11-26 07:00:00,0.8057142857142857,0.24285714285714285,0.68,0.0,0.6821705426356589
2024-11-26 07:15:00,0.5485714285714286,0.5,0.84,0.05,0.6201550387596899
2024-11-26 07:30:00,0.5599999999999999,0.39999999999999997,0.64,0.016666666666666666,0.5542635658914729
2024-11-26 07:45:00,0.8285714285714285,0.14285714285714285,0.52,0.0,0.6395348837209301
2024-11-26 08:00:00,0.7428571428571429,0.32857142857142857,0.96,0.0,0.7170542635658914
2024-11-26 08:15:00,0.5657142857142857,0.14285714285714285,0.96,0.03333333333333333,0.5542635658914729
2024-11-26 08:30:00,0.7942857142857143,0.5571428571428572,1.0,0.016666666666666666,0.8255813953488371
2024-11-26 08:45:00,0.7257142857142858,0.14285714285714285,0.98,0.0,0.6589147286821705
2024-11-26 09:00:00,0.7828571428571428,0.2714285714285714,0.62,0.016666666666666666,0.6666666666666666
2024-11-26 09:15:00,0.22857142857142854,0.05714285714285714,0.6,0.48333333333333334,0.33720930232558133
2024-11-26 09:30:00,0.1257142857142857,0.34285714285714286,0.2,0.08333333333333333,0.1744186046511628
2024-11-26 09:45:00,0.45714285714285713,0.04285714285714286,0.28,0.26666666666666666,0.375968992248062
2024-11-26 10:00:00,0.4514285714285714,0.15714285714285714,0.54,0.43333333333333335,0.49224806201550386
2024-11-26 10:15:00,0.48571428571428565,0.05714285714285714,0.2,0.3333333333333333,0.3992248062015503
2024-11-26 10:30:00,0.04571428571428572,0.2714285714285714,0.78,0.2,0.24031007751937986
2024-11-26 10:45:00,0.034285714285714294,0.014285714285714285,0.74,0.15,0.1434108527131783
2024-11-26 11:00:00,0.29714285714285715,0.14285714285714285,0.08,0.45,0.29844961240310075
2024-11-26 11:15:00,0.26857142857142857,0.14285714285714285,0.18,0.3833333333333333,0.2829457364341085
2024-11-26 11:30:00,0.18857142857142856,0.09999999999999999,0.26,0.35,0.22480620155038758
2024-11-26 11:45:00,0.17142857142857143,0.09999999999999999,0.3,0.4,0.23255813953488372
2024-11-26 12:00:00,0.3142857142857143,0.14285714285714285,0.24,0.35,0.3178294573643411
2024-11-26 12:15:00,0.37142857142857144,0.14285714285714285,0.06,0.5,0.3565891472868217
2024-11-26 12:30:00,0.1657142857142857,0.11428571428571428,0.12,0.5,0.2209302325581395
2024-11-26 12:45:00,0.22285714285714286,0.08571428571428572,0.08,0.45,0.23255813953488372
2024-11-26 13:00:00,0.09142857142857143,0.07142857142857142,0.08,0.4166666666666667,0.1317829457364341
2024-11-26 13:15:00,0.5771428571428572,0.14285714285714285,0.22,0.18333333333333332,0.4534883720930232
2024-11-26 13:30:00,0.44,0.42857142857142855,0.64,0.16666666666666666,0.5155038759689922
2024-11-26 13:45:00,0.29714285714285715,0.17142857142857143,0.18,0.2833333333333333,0.28682170542635654
2024-11-26 14:00:00,0.3142857142857143,0.2571428571428571,0.42,0.16666666666666666,0.3410852713178294
2024-11-26 14:15:00,0.4228571428571428,0.24285714285714285,0.68,0.13333333333333333,0.4534883720930232
2024-11-26 14:30:00,0.41714285714285715,0.41428571428571426,0.44,0.21666666666666667,0.46899224806201545
2024-11-26 14:45:00,0.3657142857142857,0.19999999999999998,0.64,0.3,0.43410852713178294
2024-11-26 15:00:00,0.4514285714285714,0.35714285714285715,0.1,0.15,0.39534883720930236
2024-11-26 15:15:00,0.3257142857142857,0.15714285714285714,0.56,0.08333333333333333,0.3294573643410853
2024-11-26 15:30:00,0.16,0.24285714285714285,0.44,0.3,0.2674418604651163
2024-11-26 15:45:00,0.051428571428571435,0.3,0.46,0.1,0.16666666666666666
2024-11-26 16:00:00,0.6971428571428572,0.3857142857142857,0.8,0.08333333333333333,0.689922480620155
2024-11-26 16:15:00,0.7485714285714286,0.14285714285714285,0.54,0.11666666666666667,0.6162790697674418
2024-11-26 16:30:00,0.8171428571428572,0.19999999999999998,0.74,0.15,0.7248062015503876
2024-11-26 16:45:00,0.6685714285714286,0.22857142857142856,0.56,0.1,0.5852713178294573
2024-11-26 17:00:00,0.7257142857142858,0.17142857142857143,0.9,0.15,0.686046511627907
2024-11-26 17:15:00,0.7485714285714286,0.41428571428571426,0.58,0.16666666666666666,0.7093023255813953
2024-11-26 17:30:00,0.5599999999999999,0.4714285714285714,0.96,0.16666666666666666,0.6705426356589147
2024-11-26 17:45:00,0.7257142857142858,0.5285714285714286,0.46,0.16666666666666666,0.7015503875968991
2024-11-26 18:00:00,0.7485714285714286,0.5571428571428572,0.78,0.1,0.7713178294573643
2024-11-26 18:15:00,0.6571428571428571,0.34285714285714286,0.72,0.08333333333333333,0.6356589147286821
2024-11-26 18:30:00,0.6914285714285714,0.4857142857142857,0.76,0.15,0.7209302325581395
2024-11-26 18:45:00,0.42857142857142855,0.3142857142857143,0.28,0.3,0.437984496124031
2024-11-26 19:00:00,0.5371428571428571,0.12857142857142856,0.3,0.48333333333333334,0.507751937984496
2024-11-26 19:15:00,0.4342857142857143,0.3,0.38,0.11666666666666667,0.4147286821705426
2024-11-26 19:30:00,0.4685714285714286,0.12857142857142856,0.32,0.43333333333333335,0.4534883720930232
2024-11-26 19:45:00,0.42857142857142855,0.24285714285714285,0.26,0.5,0.4612403100775193
2024-11-26 20:00:00,0.49142857142857144,0.2571428571428571,0.36,0.15,0.44573643410852715
2024-11-26 20:15:00,0.48571428571428565,0.2714285714285714,0.3,0.21666666666666667,0.4496124031007751
2024-11-26 20:30:00,0.5828571428571429,0.2714285714285714,0.2,0.3833333333333333,0.5348837209302325
2024-11-26 20:45:00,0.5314285714285715,0.15714285714285714,0.28,0.45,0.5
2024-11-26 21:00:00,0.5314285714285715,0.2571428571428571,0.4,0.36666666666666664,0.5310077519379844
2024-11-26 21:15:00,0.5542857142857143,0.07142857142857142,0.24,0.2833333333333333,0.44573643410852715
2024-11-26 21:30:00,0.3257142857142857,0.18571428571428572,0.32,0.4666666666666667,0.3798449612403101
2024-11-26 21:45:00,0.5485714285714286,0.21428571428571427,0.24,0.5833333333333334,0.5503875968992248
2024-11-26 22:00:00,0.06857142857142857,0.07142857142857142,0.02,0.26666666666666666,0.0697674418604651
2024-11-26 22:15:00,0.02857142857142857,0.05714285714285714,0.02,0.6166666666666667,0.12015503875968991
2024-11-26 22:30:00,0.06285714285714286,0.05714285714285714,0.0,0.5833333333333334,0.1317829457364341
2024-11-26 22:45:00,0.06857142857142857,0.02857142857142857,0.0,0.2833333333333333,0.05813953488372092
2024-11-26 23:00:00,0.06857142857142857,0.0,0.0,0.45,0.08914728682170542
2024-11-26 23:15:00,0.06857142857142857,0.05714285714285714,0.02,0.4166666666666667,0.1007751937984496
2024-11-26 23:30:00,0.05714285714285715,0.02857142857142857,0.0,0.25,0.042635658914728675
2024-11-26 23:45:00,0.08571428571428572,0.0,0.02,0.2,0.046511627906976744
2024-11-27 00:00:00,0.06285714285714286,0.04285714285714286,0.0,0.4666666666666667,0.1007751937984496
2024-11-27 00:15:00,0.04571428571428572,0.02857142857142857,0.02,0.4666666666666667,0.08914728682170542
2024-11-27 00:30:00,0.05714285714285715,0.07142857142857142,0.0,0.43333333333333335,0.09689922480620153
2024-11-27 00:45:00,0.05714285714285715,0.02857142857142857,0.02,0.26666666666666666,0.05038759689922481
2024-11-27 01:00:00,0.04000000000000001,0.04285714285714286,0.0,0.43333333333333335,0.07751937984496124
2024-11-27 01:15:00,0.05714285714285715,0.07142857142857142,0.0,0.45,0.1007751937984496
2024-11-27 01:30:00,0.08571428571428572,0.02857142857142857,0.0,0.2833333333333333,0.0697674418604651
2024-11-27 01:45:00,0.04000000000000001,0.02857142857142857,0.0,0.26666666666666666,0.03488372093023255
2024-11-27 02:00:00,0.08,0.014285714285714285,0.0,0.6333333333333333,0.1434108527131783
2024-11-27 02:15:00,0.06285714285714286,0.014285714285714285,0.02,0.5333333333333333,0.1124031007751938
2024-11-27 02:30:00,0.04000000000000001,0.0,0.0,0.18333333333333332,0.00775193798449611
2024-11-27 02:45:00,0.06285714285714286,0.07142857142857142,0.02,0.48333333333333334,0.11627906976744184
2024-11-27 03:00:00,0.08,0.07142857142857142,0.02,0.3,0.08527131782945735
2024-11-27 03:15:00,0.034285714285714294,0.0,0.0,0.25,0.019379844961240303
2024-11-27 03:30:00,0.05714285714285715,0.05714285714285714,0.02,0.2833333333333333,0.06201550387596899
2024-11-27 03:45:00,0.08571428571428572,0.014285714285714285,0.0,0.3833333333333333,0.08914728682170542
2024-11-27 04:00:00,0.02857142857142857,0.05714285714285714,0.0,0.6,0.1124031007751938
2024-11-27 04:15:00,0.19428571428571428,0.19999999999999998,0.0,0.25,0.18217054263565893
2024-11-27 04:30:00,0.16,0.09999999999999999,0.06,0.16666666666666666,0.12403100775193798
2024-11-27 04:45:00,0.4114285714285714,0.11428571428571428,0.14,0.25,0.33333333333333337
2024-11-27 05:00:00,0.42857142857142855,0.2571428571428571,0.12,0.18333333333333332,0.3643410852713178
2024-11-27 05:15:00,0.2742857142857143,0.15714285714285714,0.14,0.25,0.25193798449612403
2024-11-27 05:30:00,0.38857142857142857,0.24285714285714285,0.12,0.21666666666666667,0.3410852713178294
2024-11-27 05:45:00,0.4114285714285714,0.2857142857142857,0.08,0.21666666666666667,0.36046511627906974
2024-11-27 06:00:00,0.4057142857142857,0.19999999999999998,0.02,0.2,0.3178294573643411
2024-11-27 06:15:00,0.3028571428571428,0.19999999999999998,0.0,0.25,0.2558139534883721
2024-11-27 06:30:00,0.29714285714285715,0.2571428571428571,0.14,0.21666666666666667,0.28682170542635654
2024-11-27 06:45:00,0.42857142857142855,0.22857142857142856,0.0,0.16666666666666666,0.3294573643410853
2024-11-27 07:00:00,0.18857142857142856,0.09999999999999999,0.02,0.21666666666666667,0.14728682170542634
2024-11-27 07:15:00,0.2742857142857143,0.2857142857142857,0.12,0.2,0.2713178294573644
2024-11-27 07:30:00,0.14285714285714285,0.12857142857142856,0.14,0.16666666666666666,0.13565891472868216
2024-11-27 07:45:00,0.2571428571428571,0.2714285714285714,0.08,0.16666666666666666,0.24031007751937986
2024-11-27 08:00:00,0.14857142857142855,0.19999999999999998,0.06,0.23333333333333334,0.15891472868217052
2024-11-27 08:15:00,0.13142857142857142,0.2571428571428571,0.1,0.16666666666666666,0.15503875968992248
2024-11-27 08:30:00,0.14857142857142855,0.21428571428571427,0.08,0.2,0.15891472868217052
2024-11-27 08:45:00,0.26857142857142857,0.2714285714285714,0.0,0.16666666666666666,0.23255813953488372
2024-11-27 09:00:00,0.2114285714285714,0.12857142857142856,0.04,0.21666666666666667,0.1744186046511628
2024-11-27 09:15:00,0.8342857142857143,0.7857142857142857,0.54,0.03333333333333333,0.8294573643410852
2024-11-27 09:30:00,0.9999999999999999,0.9857142857142857,0.58,0.016666666666666666,0.9999999999999999
2024-11-27 09:45:00,0.8228571428571428,0.5857142857142857,0.46,0.05,0.755813953488372
2024-11-27 10:00:00,0.9257142857142857,0.8571428571428571,0.54,0.05,0.9147286821705426
2024-11-27 10:15:00,0.7371428571428571,0.6428571428571428,0.44,0.05,0.7093023255813953
2024-11-27 10:30:00,0.9999999999999999,0.8857142857142857,0.52,0.06666666666666667,0.9728682170542636
2024-11-27 10:45:00,0.8628571428571429,0.7714285714285714,0.5,0.05,0.8410852713178294
2024-11-27 11:00:00,0.9485714285714285,0.8571428571428571,0.36,0.016666666666666666,0.8875968992248061
2024-11-27 11:15:00,0.9657142857142857,0.7571428571428571,0.2,0.05,0.8488372093023255
2024-11-27 11:30:00,0.8514285714285714,0.8714285714285714,0.32,0.05,0.8255813953488371
2024-11-27 11:45:00,0.8914285714285715,0.7571428571428571,0.22,0.016666666666666666,0.7945736434108527
2024-11-27 12:00:00,0.8171428571428572,0.6857142857142857,0.26,0.03333333333333333,0.7364341085271318
2024-11-27 12:15:00,0.7485714285714286,0.8571428571428571,0.54,0.03333333333333333,0.7906976744186046
2024-11-27 12:30:00,0.7885714285714286,0.9714285714285714,0.32,0.0,0.7984496124031008
2024-11-27 12:45:00,0.84,0.7285714285714285,0.44,0.03333333333333333,0.7984496124031008
2024-11-27 13:00:00,0.7257142857142858,0.8285714285714285,0.3,0.06666666666666667,0.7286821705426356
2024-11-27 13:15:00,0.8571428571428571,0.8285714285714285,0.3,0.06666666666666667,0.8178294573643411
2024-11-27 13:30:00,0.7942857142857143,0.8857142857142857,0.24,0.05,0.7751937984496123
2024-11-27 13:45:00,0.8914285714285715,0.7285714285714285,0.4,0.016666666666666666,0.821705426356589
2024-11-27 14:00:00,0.7542857142857142,0.6571428571428571,0.26,0.03333333333333333,0.686046511627907
2024-11-27 14:15:00,0.8228571428571428,0.8714285714285714,0.32,0.016666666666666666,0.7984496124031008
2024-11-27 14:30:00,0.8742857142857142,0.6571428571428571,0.4,0.016666666666666666,0.7906976744186046
2024-11-27 14:45:00,0.7371428571428571,0.9285714285714285,0.44,0.0,0.7751937984496123
2024-11-27 15:00:00,0.7371428571428571,0.9285714285714285,0.2,0.03333333333333333,0.7364341085271318
2024-11-27 15:15:00,0.38857142857142857,0.34285714285714286,0.08,0.0,0.31007751937984496
2024-11-27 15:30:00,0.33714285714285713,0.32857142857142857,0.42,0.016666666666666666,0.3410852713178294
2024-11-27 15:45:00,0.26285714285714284,0.3857142857142857,0.5,0.03333333333333333,0.32558139534883723
2024-11-27 16:00:00,0.42857142857142855,0.3142857142857143,0.34,0.0,0.3798449612403101
2024-11-27 16:15:00,0.32,0.37142857142857144,0.16,0.0,0.28682170542635654
2024-11-27 16:30:00,0.39999999999999997,0.34285714285714286,0.16,0.0,0.33333333333333337
2024-11-27 16:45:00,0.44,0.2857142857142857,0.3,0.03333333333333333,0.3798449612403101
2024-11-27 17:00:00,0.2742857142857143,0.39999999999999997,0.42,0.016666666666666666,0.3178294573643411
2024-11-27 17:15:00,0.36,0.41428571428571426,0.28,0.0,0.34883720930232553
2024-11-27 17:30:00,0.3314285714285714,0.39999999999999997,0.44,0.0,0.3565891472868217
2024-11-27 17:45:00,0.4057142857142857,0.42857142857142855,0.4,0.016666666666666666,0.4108527131782945
2024-11-27 18:00:00,0.3485714285714286,0.32857142857142857,0.2,0.0,0.3023255813953488
2024-11-27 18:15:00,0.2571428571428571,0.32857142857142857,0.02,0.0,0.2054263565891473
2024-11-27 18:30:00,0.3142857142857143,0.41428571428571426,0.44,0.03333333333333333,0.3565891472868217
2024-11-27 18:45:00,0.39999999999999997,0.37142857142857144,0.22,0.0,0.3527131782945736
2024-11-27 19:00:00,0.4342857142857143,0.3142857142857143,0.36,0.03333333333333333,0.39534883720930236
2024-11-27 19:15:00,0.16,0.08571428571428572,0.0,0.06666666666666667,0.08527131782945735
2024-11-27 19:30:00,0.09142857142857143,0.07142857142857142,0.12,0.25,0.1007751937984496
2024-11-27 19:45:00,0.09714285714285716,0.09999999999999999,0.02,0.03333333333333333,0.042635658914728675
2024-11-27 20:00:00,0.14857142857142855,0.08571428571428572,0.0,0.25,0.12015503875968991
2024-11-27 20:15:00,0.2057142857142857,0.11428571428571428,0.06,0.03333333333333333,0.12790697674418602
2024-11-27 20:30:00,0.10857142857142858,0.08571428571428572,0.1,0.18333333333333332,0.09689922480620153
2024-11-27 20:45:00,0.22857142857142854,0.08571428571428572,0.12,0.16666666666666666,0.17829457364341086
2024-11-27 21:00:00,0.10857142857142858,0.15714285714285714,0.12,0.03333333333333333,0.08527131782945735
2024-11-27 21:15:00,0.24,0.08571428571428572,0.04,0.2,0.17829457364341086
2024-11-27 21:30:00,0.23428571428571426,0.014285714285714285,0.02,0.06666666666666667,0.12015503875968991
2024-11-27 21:45:00,0.12000000000000001,0.04285714285714286,0.04,0.05,0.05038759689922481
2024-11-27 22:00:00,0.08571428571428572,0.05714285714285714,0.0,0.65,0.1627906976744186
2024-11-27 22:15:00,0.08571428571428572,0.014285714285714285,0.02,0.45,0.10852713178294573
2024-11-27 22:30:00,0.08,0.0,0.02,0.2833333333333333,0.06201550387596899
2024-11-27 22:45:00,0.034285714285714294,0.04285714285714286,0.02,0.31666666666666665,0.05038759689922481
2024-11-27 23:00:00,0.06857142857142857,0.07142857142857142,0.02,0.5166666666666666,0.12790697674418602
2024-11-27 23:15:00,0.08,0.05714285714285714,0.0,0.2,0.054263565891472854
2024-11-27 23:30:00,0.034285714285714294,0.014285714285714285,0.0,0.6333333333333333,0.1124031007751938
2024-11-27 23:45:00,0.04000000000000001,0.0,0.0,0.2833333333333333,0.031007751937984496
2024-11-28 00:00:00,0.07428571428571429,0.0,0.0,0.45,0.09302325581395349
2024-11-28 00:15:00,0.08,0.05714285714285714,0.0,0.23333333333333334,0.06201550387596899
2024-11-28 00:30:00,0.04571428571428572,0.02857142857142857,0.0,0.4666666666666667,0.08527131782945735
2024-11-28 00:45:00,0.07428571428571429,0.05714285714285714,0.02,0.3833333333333333,0.09689922480620153
2024-11-28 01:00:00,0.08571428571428572,0.0,0.0,0.18333333333333332,0.038759689922480606
2024-11-28 01:15:00,0.034285714285714294,0.05714285714285714,0.02,0.36666666666666664,0.06589147286821703
2024-11-28 01:30:00,0.05714285714285715,0.02857142857142857,0.0,0.3,0.054263565891472854
2024-11-28 01:45:00,0.06285714285714286,0.04285714285714286,0.0,0.5666666666666667,0.12403100775193798
2024-11-28 02:00:00,0.034285714285714294,0.02857142857142857,0.0,0.3,0.038759689922480606
2024-11-28 02:15:00,0.06857142857142857,0.05714285714285714,0.02,0.6333333333333333,0.1511627906976744
2024-11-28 02:30:00,0.08571428571428572,0.05714285714285714,0.02,0.4666666666666667,0.12403100775193798
2024-11-28 02:45:00,0.08,0.0,0.02,0.6166666666666667,0.13953488372093023
2024-11-28 03:00:00,0.02857142857142857,0.02857142857142857,0.02,0.5666666666666667,0.1007751937984496
2024-11-28 03:15:00,0.08,0.0,0.0,0.2833333333333333,0.05813953488372092
2024-11-28 03:30:00,0.05714285714285715,0.0,0.0,0.5,0.09302325581395349
2024-11-28 03:45:00,0.02857142857142857,0.02857142857142857,0.0,0.5166666666666666,0.08527131782945735
2024-11-28 04:00:00,0.07428571428571429,0.04285714285714286,0.0,0.2833333333333333,0.06589147286821703
2024-11-28 04:15:00,0.5257142857142857,0.3142857142857143,0.08,0.3,0.4651162790697674
2024-11-28 04:30:00,0.6057142857142856,0.17142857142857143,0.18,0.2833333333333333,0.49612403100775193
2024-11-28 04:45:00,0.5885714285714285,0.14285714285714285,0.1,0.2833333333333333,0.4612403100775193
2024-11-28 05:00:00,0.3942857142857143,0.34285714285714286,0.2,0.3333333333333333,0.4147286821705426
2024-11-28 05:15:00,0.6228571428571429,0.05714285714285714,0.16,0.3333333333333333,0.4844961240310077
2024-11-28 05:30:00,0.49142857142857144,0.22857142857142856,0.1,0.18333333333333332,0.39534883720930236
2024-11-28 05:45:00,0.3485714285714286,0.04285714285714286,0.18,0.31666666666666665,0.2945736434108527
2024-11-28 06:00:00,0.5657142857142857,0.45714285714285713,0.46,0.08333333333333333,0.5542635658914729
2024-11-28 06:15:00,0.7028571428571428,0.2571428571428571,0.62,0.05,0.6162790697674418
2024-11-28 06:30:00,0.6971428571428572,0.34285714285714286,0.54,0.0,0.6085271317829457
2024-11-28 06:45:00,0.7142857142857143,0.44285714285714284,0.44,0.0,0.627906976744186
2024-11-28 07:00:00,0.5885714285714285,0.18571428571428572,0.76,0.016666666666666666,0.5387596899224806
2024-11-28 07:15:00,0.6342857142857142,0.3142857142857143,0.74,0.03333333333333333,0.6046511627906976
2024-11-28 07:30:00,0.7885714285714286,0.39999999999999997,0.54,0.06666666666666667,0.7015503875968991
2024-11-28 07:45:00,0.6457142857142857,0.45714285714285713,0.42,0.08333333333333333,0.6007751937984496
2024-11-28 08:00:00,0.6628571428571428,0.5,0.64,0.0,0.6472868217054263
2024-11-28 08:15:00,0.5942857142857143,0.39999999999999997,0.78,0.03333333333333333,0.6085271317829457
2024-11-28 08:30:00,0.7428571428571429,0.15714285714285714,0.46,0.08333333333333333,0.5930232558139534
2024-11-28 08:45:00,0.5428571428571428,0.42857142857142855,0.58,0.03333333333333333,0.5426356589147286
2024-11-28 09:00:00,0.76,0.45714285714285713,0.52,0.06666666666666667,0.6937984496124031
2024-11-28 09:15:00,0.13714285714285712,0.12857142857142856,0.42,0.3833333333333333,0.2364341085271318
2024-11-28 09:30:00,0.17714285714285713,0.24285714285714285,0.14,0.5,0.2674418604651163
2024-11-28 09:45:00,0.2114285714285714,0.12857142857142856,0.74,0.4666666666666667,0.3682170542635659
2024-11-28 10:00:00,0.42857142857142855,0.08571428571428572,0.24,0.1,0.32170542635658916
2024-11-28 10:15:00,0.18285714285714286,0.3,0.56,0.1,0.27519379844961234
2024-11-28 10:30:00,0.22285714285714286,0.24285714285714285,0.54,0.5,0.375968992248062
2024-11-28 10:45:00,0.11428571428571428,0.17142857142857143,0.26,0.08333333333333333,0.1317829457364341
2024-11-28 11:00:00,0.17714285714285713,0.12857142857142856,0.18,0.5,0.24418604651162792
2024-11-28 11:15:00,0.3314285714285714,0.09999999999999999,0.2,0.48333333333333334,0.3410852713178294
2024-11-28 11:30:00,0.08571428571428572,0.07142857142857142,0.26,0.36666666666666664,0.1511627906976744
2024-11-28 11:45:00,0.2742857142857143,0.11428571428571428,0.12,0.3833333333333333,0.2674418604651163
2024-11-28 12:00:00,0.2057142857142857,0.09999999999999999,0.1,0.43333333333333335,0.22480620155038758
2024-11-28 12:15:00,0.17714285714285713,0.12857142857142856,0.26,0.48333333333333334,0.2558139534883721
2024-11-28 12:30:00,0.34285714285714286,0.14285714285714285,0.16,0.36666666666666664,0.32558139534883723
2024-11-28 12:45:00,0.2857142857142857,0.08571428571428572,0.1,0.45,0.2790697674418604
2024-11-28 13:00:00,0.3314285714285714,0.11428571428571428,0.3,0.5,0.3682170542635659
2024-11-28 13:15:00,0.08,0.37142857142857144,0.64,0.3,0.28682170542635654
2024-11-28 13:30:00,0.4514285714285714,0.15714285714285714,0.22,0.15,0.3643410852713178
2024-11-28 13:45:00,0.6,0.32857142857142857,0.68,0.15,0.6007751937984496
2024-11-28 14:00:00,0.23428571428571426,0.2857142857142857,0.36,0.08333333333333333,0.26356589147286824
2024-11-28 14:15:00,0.35428571428571426,0.17142857142857143,0.2,0.3333333333333333,0.3410852713178294
2024-11-28 14:30:00,0.2114285714285714,0.35714285714285715,0.4,0.31666666666666665,0.3294573643410853
2024-11-28 14:45:00,0.4685714285714286,0.24285714285714285,0.36,0.1,0.4147286821705426
2024-11-28 15:00:00,0.22857142857142854,0.34285714285714286,0.62,0.18333333333333332,0.34883720930232553
2024-11-28 15:15:00,0.42857142857142855,0.37142857142857144,0.7000000000000001,0.1,0.4883720930232558
2024-11-28 15:30:00,0.44571428571428573,0.2571428571428571,0.12,0.25,0.3914728682170543
2024-11-28 15:45:00,0.36,0.2714285714285714,0.3,0.18333333333333332,0.3565891472868217
2024-11-28 16:00:00,0.5485714285714286,0.5285714285714286,0.96,0.15,0.6744186046511628
2024-11-28 16:15:00,0.8228571428571428,0.45714285714285713,0.58,0.16666666666666666,0.7713178294573643
2024-11-28 16:30:00,0.7485714285714286,0.3,0.66,0.15,0.689922480620155
2024-11-28 16:45:00,0.5714285714285714,0.2857142857142857,0.46,0.11666666666666667,0.5193798449612402
2024-11-28 17:00:00,0.6857142857142857,0.17142857142857143,0.4,0.13333333333333333,0.5581395348837209
2024-11-28 17:15:00,0.6857142857142857,0.19999999999999998,0.52,0.08333333333333333,0.5775193798449612
2024-11-28 17:30:00,0.6457142857142857,0.39999999999999997,0.46,0.13333333333333333,0.6046511627906976
2024-11-28 17:45:00,0.6228571428571429,0.45714285714285713,0.9,0.1,0.6821705426356589
2024-11-28 18:00:00,0.6742857142857143,0.5285714285714286,0.92,0.13333333333333333,0.748062015503876
2024-11-28 18:15:00,0.6285714285714286,0.32857142857142857,0.44,0.11666666666666667,0.5658914728682171
2024-11-28 18:30:00,0.6057142857142856,0.35714285714285715,0.7000000000000001,0.16666666666666666,0.6201550387596899
2024-11-28 18:45:00,0.3485714285714286,0.11428571428571428,0.22,0.15,0.2829457364341085
2024-11-28 19:00:00,0.5599999999999999,0.17142857142857143,0.34,0.3833333333333333,0.5193798449612402
2024-11-28 19:15:00,0.5085714285714286,0.19999999999999998,0.28,0.4,0.4844961240310077
2024-11-28 19:30:00,0.5714285714285714,0.32857142857142857,0.3,0.3,0.5426356589147286
2024-11-28 19:45:00,0.2742857142857143,0.3142857142857143,0.28,0.5833333333333334,0.3992248062015503
2024-11-28 20:00:00,0.3942857142857143,0.14285714285714285,0.24,0.5333333333333333,0.4147286821705426
2024-11-28 20:15:00,0.3771428571428571,0.34285714285714286,0.3,0.43333333333333335,0.44573643410852715
2024-11-28 20:30:00,0.32,0.3,0.3,0.5333333333333333,0.41860465116279066
2024-11-28 20:45:00,0.5485714285714286,0.35714285714285715,0.36,0.13333333333333333,0.507751937984496
2024-11-28 21:00:00,0.5657142857142857,0.3142857142857143,0.2,0.23333333333333334,0.5
2024-11-28 21:15:00,0.4228571428571428,0.2857142857142857,0.3,0.3,0.43023255813953487
2024-11-28 21:30:00,0.37142857142857144,0.2857142857142857,0.22,0.23333333333333334,0.3643410852713178
2024-11-28 21:45:00,0.3942857142857143,0.22857142857142856,0.28,0.5666666666666667,0.4534883720930232
2024-11-28 22:00:00,0.08571428571428572,0.07142857142857142,0.0,0.35,0.09689922480620153
2024-11-28 22:15:00,0.06285714285714286,0.0,0.0,0.6,0.12015503875968991
2024-11-28 22:30:00,0.051428571428571435,0.04285714285714286,0.0,0.3333333333333333,0.06201550387596899
2024-11-28 22:45:00,0.051428571428571435,0.014285714285714285,0.02,0.5,0.09689922480620153
2024-11-28 23:00:00,0.06857142857142857,0.0,0.02,0.2,0.03488372093023255
2024-11-28 23:15:00,0.051428571428571435,0.0,0.0,0.23333333333333334,0.027131782945736427
2024-11-28 23:30:00,0.07428571428571429,0.07142857142857142,0.0,0.6666666666666666,0.1627906976744186
2024-11-28 23:45:00,0.06857142857142857,0.02857142857142857,0.0,0.3,0.06201550387596899
2024-11-29 00:00:00,0.051428571428571435,0.014285714285714285,0.02,0.5833333333333334,0.11627906976744184
2024-11-29 00:15:00,0.051428571428571435,0.02857142857142857,0.02,0.43333333333333335,0.08527131782945735
2024-11-29 00:30:00,0.06285714285714286,0.0,0.02,0.6166666666666667,0.12790697674418602
2024-11-29 00:45:00,0.051428571428571435,0.05714285714285714,0.02,0.5333333333333333,0.11627906976744184
2024-11-29 01:00:00,0.08,0.07142857142857142,0.0,0.2,0.05813953488372092
2024-11-29 01:15:00,0.034285714285714294,0.0,0.02,0.5166666666666666,0.08527131782945735
2024-11-29 01:30:00,0.04000000000000001,0.0,0.0,0.5333333333333333,0.08914728682170542
2024-11-29 01:45:00,0.04000000000000001,0.04285714285714286,0.0,0.5333333333333333,0.1007751937984496
2024-11-29 02:00:00,0.07428571428571429,0.05714285714285714,0.02,0.5166666666666666,0.12790697674418602
2024-11-29 02:15:00,0.06857142857142857,0.05714285714285714,0.02,0.3333333333333333,0.08139534883720931
2024-11-29 02:30:00,0.06857142857142857,0.0,0.0,0.36666666666666664,0.0697674418604651
2024-11-29 02:45:00,0.08,0.02857142857142857,0.02,0.2,0.05038759689922481
2024-11-29 03:00:00,0.07428571428571429,0.02857142857142857,0.02,0.31666666666666665,0.07364341085271317
2024-11-29 03:15:00,0.08,0.07142857142857142,0.0,0.43333333333333335,0.1124031007751938
2024-11-29 03:30:00,0.08,0.07142857142857142,0.02,0.5833333333333334,0.1511627906976744
2024-11-29 03:45:00,0.07428571428571429,0.0,0.0,0.3333333333333333,0.06589147286821703
2024-11-29 04:00:00,0.06285714285714286,0.0,0.0,0.5,0.09689922480620153
2024-11-29 04:15:00,0.6228571428571429,0.42857142857142855,0.18,0.11666666666666667,0.5387596899224806
2024-11-29 04:30:00,0.5542857142857143,0.24285714285714285,0.04,0.23333333333333334,0.4418604651162791
2024-11-29 04:45:00,0.2857142857142857,0.05714285714285714,0.14,0.21666666666666667,0.22480620155038758
2024-11-29 05:00:00,0.44,0.02857142857142857,0.08,0.23333333333333334,0.313953488372093
2024-11-29 05:15:00,0.3485714285714286,0.22857142857142856,0.18,0.31666666666666665,0.34496124031007747
2024-11-29 05:30:00,0.46285714285714286,0.07142857142857142,0.02,0.21666666666666667,0.32558139534883723
2024-11-29 05:45:00,0.5885714285714285,0.34285714285714286,0.04,0.31666666666666665,0.5116279069767441
2024-11-29 06:00:00,0.6114285714285714,0.42857142857142855,0.52,0.0,0.5697674418604651
2024-11-29 06:15:00,0.8114285714285714,0.44285714285714284,0.92,0.0,0.7868217054263565
2024-11-29 06:30:00,0.6342857142857142,0.2857142857142857,0.8,0.03333333333333333,0.6085271317829457
2024-11-29 06:45:00,0.76,0.18571428571428572,0.42,0.08333333333333333,0.6046511627906976
2024-11-29 07:00:00,0.7257142857142858,0.35714285714285715,0.8,0.03333333333333333,0.689922480620155
2024-11-29 07:15:00,0.6799999999999999,0.19999999999999998,0.62,0.06666666666666667,0.5891472868217054
2024-11-29 07:30:00,0.5771428571428572,0.3857142857142857,0.5,0.016666666666666666,0.5348837209302325
2024-11-29 07:45:00,0.5657142857142857,0.34285714285714286,0.58,0.08333333333333333,0.5465116279069767
2024-11-29 08:00:00,0.7714285714285715,0.44285714285714284,0.42,0.06666666666666667,0.6782945736434108
2024-11-29 08:15:00,0.6628571428571428,0.5,0.74,0.05,0.6782945736434108
2024-11-29 08:30:00,0.7428571428571429,0.32857142857142857,0.74,0.08333333333333333,0.6937984496124031
2024-11-29 08:45:00,0.8228571428571428,0.2857142857142857,0.6,0.08333333333333333,0.7093023255813953
2024-11-29 09:00:00,0.64,0.19999999999999998,0.78,0.0,0.5775193798449612
2024-11-29 09:15:00,0.19428571428571428,0.11428571428571428,0.46,0.21666666666666667,0.24031007751937986
2024-11-29 09:30:00,0.19999999999999998,0.19999999999999998,0.36,0.35,0.2790697674418604
2024-11-29 09:45:00,0.25142857142857145,0.014285714285714285,0.7000000000000001,0.3,0.3178294573643411
2024-11-29 10:00:00,0.18857142857142856,0.17142857142857143,0.7000000000000001,0.4166666666666667,0.34496124031007747
2024-11-29 10:15:00,0.12000000000000001,0.21428571428571427,0.5,0.1,0.19767441860465115
2024-11-29 10:30:00,0.5028571428571429,0.19999999999999998,0.2,0.4166666666666667,0.46899224806201545
2024-11-29 10:45:00,0.27999999999999997,0.34285714285714286,0.74,0.3333333333333333,0.4418604651162791
2024-11-29 11:00:00,0.15428571428571428,0.08571428571428572,0.2,0.3833333333333333,0.19379844961240308
2024-11-29 11:15:00,0.21714285714285714,0.09999999999999999,0.24,0.3833333333333333,0.24806201550387594
2024-11-29 11:30:00,0.10285714285714286,0.08571428571428572,0.3,0.3333333333333333,0.16666666666666666
2024-11-29 11:45:00,0.12000000000000001,0.07142857142857142,0.16,0.4166666666666667,0.16666666666666666
2024-11-29 12:00:00,0.2857142857142857,0.09999999999999999,0.16,0.45,0.2945736434108527
2024-11-29 12:15:00,0.37142857142857144,0.14285714285714285,0.16,0.4166666666666667,0.3565891472868217
2024-11-29 12:30:00,0.3485714285714286,0.14285714285714285,0.06,0.48333333333333334,0.33720930232558133
2024-11-29 12:45:00,0.3485714285714286,0.09999999999999999,0.3,0.43333333333333335,0.36046511627906974
2024-11-29 13:00:00,0.23428571428571426,0.08571428571428572,0.14,0.35,0.22868217054263565
2024-11-29 13:15:00,0.24,0.37142857142857144,0.12,0.3333333333333333,0.3023255813953488
2024-11-29 13:30:00,0.39999999999999997,0.2857142857142857,0.14,0.18333333333333332,0.3565891472868217
2024-11-29 13:45:00,0.4057142857142857,0.41428571428571426,0.3,0.31666666666666665,0.45736434108527124
2024-11-29 14:00:00,0.2914285714285714,0.19999999999999998,0.76,0.2,0.38372093023255816
2024-11-29 14:15:00,0.08,0.37142857142857144,0.72,0.2833333333333333,0.29844961240310075
2024-11-29 14:30:00,0.13714285714285712,0.2571428571428571,0.2,0.15,0.1744186046511628
2024-11-29 14:45:00,0.05714285714285715,0.17142857142857143,0.36,0.25,0.1511627906976744
2024-11-29 15:00:00,0.2742857142857143,0.3857142857142857,0.54,0.2833333333333333,0.3992248062015503
2024-11-29 15:15:00,0.5142857142857142,0.3142857142857143,0.56,0.15,0.5155038759689922
2024-11-29 15:30:00,0.1257142857142857,0.3857142857142857,0.64,0.16666666666666666,0.2906976744186046
2024-11-29 15:45:00,0.36,0.39999999999999997,0.62,0.25,0.46899224806201545
2024-11-29 16:00:00,0.6571428571428571,0.19999999999999998,0.5,0.13333333333333333,0.5658914728682171
2024-11-29 16:15:00,0.7942857142857143,0.39999999999999997,0.48,0.13333333333333333,0.7093023255813953
2024-11-29 16:30:00,0.6114285714285714,0.44285714285714284,0.86,0.13333333333333333,0.6705426356589147
2024-11-29 16:45:00,0.8228571428571428,0.39999999999999997,0.4,0.16666666666666666,0.7209302325581395
2024-11-29 17:00:00,0.72,0.41428571428571426,0.68,0.13333333333333333,0.7015503875968991
2024-11-29 17:15:00,0.5657142857142857,0.44285714285714284,0.8200000000000001,0.15,0.6356589147286821
2024-11-29 17:30:00,0.7771428571428571,0.42857142857142855,0.54,0.11666666666666667,0.7131782945736433
2024-11-29 17:45:00,0.64,0.14285714285714285,0.9400000000000001,0.15,0.627906976744186
2024-11-29 18:00:00,0.6114285714285714,0.18571428571428572,0.74,0.1,0.5697674418604651
2024-11-29 18:15:00,0.6971428571428572,0.5714285714285714,0.78,0.13333333333333333,0.748062015503876
2024-11-29 18:30:00,0.72,0.21428571428571427,0.62,0.1,0.627906976744186
2024-11-29 18:45:00,0.3485714285714286,0.11428571428571428,0.2,0.18333333333333332,0.28682170542635654
2024-11-29 19:00:00,0.32,0.32857142857142857,0.36,0.5666666666666667,0.44573643410852715
2024-11-29 19:15:00,0.2857142857142857,0.35714285714285715,0.26,0.43333333333333335,0.3798449612403101
2024-11-29 19:30:00,0.45714285714285713,0.32857142857142857,0.4,0.1,0.437984496124031
2024-11-29 19:45:00,0.39999999999999997,0.2857142857142857,0.38,0.31666666666666665,0.43410852713178294
2024-11-29 20:00:00,0.3028571428571428,0.24285714285714285,0.4,0.36666666666666664,0.37209302325581395
2024-11-29 20:15:00,0.3142857142857143,0.32857142857142857,0.22,0.43333333333333335,0.38372093023255816
2024-11-29 20:30:00,0.42857142857142855,0.3,0.22,0.11666666666666667,0.3798449612403101
2024-11-29 20:45:00,0.3942857142857143,0.12857142857142856,0.28,0.5833333333333334,0.43023255813953487
2024-11-29 21:00:00,0.29714285714285715,0.19999999999999998,0.22,0.26666666666666666,0.29844961240310075
2024-11-29 21:15:00,0.38857142857142857,0.12857142857142856,0.26,0.08333333333333333,0.3062015503875969
2024-11-29 21:30:00,0.42857142857142855,0.35714285714285715,0.38,0.43333333333333335,0.5
2024-11-29 21:45:00,0.44,0.18571428571428572,0.24,0.35,0.4147286821705426
2024-11-29 22:00:00,0.05714285714285715,0.05714285714285714,0.0,0.45,0.09689922480620153
2024-11-29 22:15:00,0.08571428571428572,0.02857142857142857,0.0,0.48333333333333334,0.11627906976744184
2024-11-29 22:30:00,0.04000000000000001,0.02857142857142857,0.0,0.65,0.12403100775193798
2024-11-29 22:45:00,0.02857142857142857,0.05714285714285714,0.02,0.21666666666666667,0.027131782945736427
2024-11-29 23:00:00,0.06285714285714286,0.0,0.02,0.48333333333333334,0.09689922480620153
2024-11-29 23:15:00,0.07428571428571429,0.0,0.0,0.5666666666666667,0.12015503875968991
2024-11-29 23:30:00,0.034285714285714294,0.07142857142857142,0.02,0.31666666666666665,0.05813953488372092
2024-11-29 23:45:00,0.06285714285714286,0.014285714285714285,0.0,0.2,0.031007751937984496
2024-11-30 00:00:00,0.04571428571428572,0.04285714285714286,0.02,0.2,0.031007751937984496
2024-11-30 00:15:00,0.08,0.02857142857142857,0.0,0.36666666666666664,0.08527131782945735
2024-11-30 00:30:00,0.04571428571428572,0.04285714285714286,0.0,0.65,0.1317829457364341
2024-11-30 00:45:00,0.04000000000000001,0.0,0.0,0.4,0.05813953488372092
2024-11-30 01:00:00,0.02857142857142857,0.04285714285714286,0.02,0.2,0.019379844961240303
2024-11-30 01:15:00,0.034285714285714294,0.05714285714285714,0.0,0.6333333333333333,0.12403100775193798
2024-11-30 01:30:00,0.07428571428571429,0.05714285714285714,0.0,0.5166666666666666,0.12403100775193798
2024-11-30 01:45:00,0.08,0.014285714285714285,0.0,0.5666666666666667,0.12790697674418602
2024-11-30 02:00:00,0.07428571428571429,0.014285714285714285,0.0,0.45,0.09689922480620153
2024-11-30 02:15:00,0.04571428571428572,0.0,0.0,0.43333333333333335,0.0697674418604651
2024-11-30 02:30:00,0.04000000000000001,0.02857142857142857,0.0,0.5833333333333334,0.10852713178294573
2024-11-30 02:45:00,0.05714285714285715,0.05714285714285714,0.0,0.2,0.038759689922480606
2024-11-30 03:00:00,0.02857142857142857,0.07142857142857142,0.0,0.55,0.10465116279069767
2024-11-30 03:15:00,0.051428571428571435,0.0,0.0,0.25,0.031007751937984496
2024-11-30 03:30:00,0.06285714285714286,0.0,0.0,0.26666666666666666,0.042635658914728675
2024-11-30 03:45:00,0.05714285714285715,0.04285714285714286,0.02,0.43333333333333335,0.09302325581395349
2024-11-30 04:00:00,0.08571428571428572,0.05714285714285714,0.0,0.5666666666666667,0.1434108527131783
2024-11-30 04:15:00,0.44,0.2857142857142857,0.2,0.18333333333333332,0.39534883720930236
2024-11-30 04:30:00,0.5371428571428571,0.09999999999999999,0.06,0.1,0.3643410852713178
2024-11-30 04:45:00,0.3942857142857143,0.41428571428571426,0.18,0.06666666666666667,0.3682170542635659
2024-11-30 05:00:00,0.5085714285714286,0.014285714285714285,0.02,0.23333333333333334,0.34496124031007747
2024-11-30 05:15:00,0.3314285714285714,0.17142857142857143,0.2,0.2833333333333333,0.313953488372093
2024-11-30 05:30:00,0.5485714285714286,0.05714285714285714,0.06,0.2,0.38372093023255816
2024-11-30 05:45:00,0.5771428571428572,0.12857142857142856,0.06,0.16666666666666666,0.4147286821705426
2024-11-30 06:00:00,0.6114285714285714,0.21428571428571427,0.48,0.016666666666666666,0.507751937984496
2024-11-30 06:15:00,0.8171428571428572,0.37142857142857144,0.5,0.0,0.689922480620155
2024-11-30 06:30:00,0.6285714285714286,0.2857142857142857,0.62,0.05,0.5736434108527131
2024-11-30 06:45:00,0.6857142857142857,0.15714285714285714,0.48,0.0,0.5387596899224806
2024-11-30 07:00:00,0.7714285714285715,0.5428571428571428,0.76,0.0,0.755813953488372
2024-11-30 07:15:00,0.8285714285714285,0.24285714285714285,0.7000000000000001,0.08333333333333333,0.7209302325581395
2024-11-30 07:30:00,0.8228571428571428,0.15714285714285714,0.84,0.03333333333333333,0.7093023255813953
2024-11-30 07:45:00,0.8285714285714285,0.3142857142857143,0.76,0.05,0.7441860465116279
2024-11-30 08:00:00,0.8114285714285714,0.45714285714285713,0.5,0.06666666666666667,0.7248062015503876
2024-11-30 08:15:00,0.76,0.5571428571428572,0.9,0.06666666666666667,0.7945736434108527
2024-11-30 08:30:00,0.8228571428571428,0.22857142857142856,0.98,0.016666666666666666,0.751937984496124
2024-11-30 08:45:00,0.7657142857142857,0.14285714285714285,1.0,0.03333333333333333,0.6976744186046511
2024-11-30 09:00:00,0.5942857142857143,0.35714285714285715,0.98,0.03333333333333333,0.6356589147286821
2024-11-30 09:15:00,0.4514285714285714,0.34285714285714286,0.24,0.4666666666666667,0.49224806201550386
2024-11-30 09:30:00,0.18857142857142856,0.11428571428571428,0.12,0.08333333333333333,0.13953488372093023
2024-11-30 09:45:00,0.22857142857142854,0.22857142857142856,0.12,0.35,0.2596899224806202
2024-11-30 10:00:00,0.29714285714285715,0.05714285714285714,0.72,0.23333333333333334,0.34883720930232553
2024-11-30 10:15:00,0.4514285714285714,0.17142857142857143,0.12,0.4666666666666667,0.42248062015503873
2024-11-30 10:30:00,0.2857142857142857,0.35714285714285715,0.66,0.35,0.437984496124031
2024-11-30 10:45:00,0.051428571428571435,0.21428571428571427,0.1,0.35,0.1317829457364341
2024-11-30 11:00:00,0.12000000000000001,0.11428571428571428,0.22,0.3333333333333333,0.17054263565891473
2024-11-30 11:15:00,0.3142857142857143,0.14285714285714285,0.18,0.45,0.3294573643410853
2024-11-30 11:30:00,0.1657142857142857,0.08571428571428572,0.14,0.4166666666666667,0.19767441860465115
2024-11-30 11:45:00,0.09714285714285716,0.12857142857142856,0.16,0.43333333333333335,0.17054263565891473
2024-11-30 12:00:00,0.30857142857142855,0.14285714285714285,0.22,0.5,0.34496124031007747
2024-11-30 12:15:00,0.24571428571428572,0.08571428571428572,0.28,0.4666666666666667,0.2906976744186046
2024-11-30 12:30:00,0.23428571428571426,0.12857142857142856,0.22,0.3833333333333333,0.26356589147286824
2024-11-30 12:45:00,0.18285714285714286,0.12857142857142856,0.16,0.3333333333333333,0.2054263565891473
2024-11-30 13:00:00,0.35428571428571426,0.12857142857142856,0.22,0.35,0.33720930232558133
2024-11-30 13:15:00,0.15428571428571428,0.2714285714285714,0.78,0.15,0.3023255813953488
2024-11-30 13:30:00,0.3314285714285714,0.17142857142857143,0.44,0.08333333333333333,0.313953488372093
2024-11-30 13:45:00,0.15428571428571428,0.41428571428571426,0.5,0.18333333333333332,0.2945736434108527
2024-11-30 14:00:00,0.44571428571428573,0.3142857142857143,0.8,0.3333333333333333,0.5581395348837209
2024-11-30 14:15:00,0.19999999999999998,0.19999999999999998,0.62,0.31666666666666665,0.32170542635658916
2024-11-30 14:30:00,0.5485714285714286,0.3142857142857143,0.78,0.31666666666666665,0.6201550387596899
2024-11-30 14:45:00,0.3257142857142857,0.41428571428571426,0.62,0.18333333333333332,0.43410852713178294
2024-11-30 15:00:00,0.08571428571428572,0.2714285714285714,0.5,0.13333333333333333,0.19767441860465115
2024-11-30 15:15:00,0.2114285714285714,0.3142857142857143,0.1,0.15,0.2209302325581395
2024-11-30 15:30:00,0.18285714285714286,0.24285714285714285,0.24,0.26666666666666666,0.2364341085271318
2024-11-30 15:45:00,0.5142857142857142,0.17142857142857143,0.4,0.25,0.46899224806201545
2024-11-30 16:00:00,0.7542857142857142,0.19999999999999998,0.8200000000000001,0.16666666666666666,0.7015503875968991
2024-11-30 16:15:00,0.6685714285714286,0.3,0.4,0.16666666666666666,0.5891472868217054
2024-11-30 16:30:00,0.5657142857142857,0.2714285714285714,0.78,0.15,0.5813953488372092
2024-11-30 16:45:00,0.8114285714285714,0.3,0.8,0.15,0.7596899224806201
2024-11-30 17:00:00,0.5714285714285714,0.5428571428571428,0.68,0.11666666666666667,0.631782945736434
2024-11-30 17:15:00,0.6799999999999999,0.32857142857142857,0.92,0.08333333333333333,0.686046511627907
2024-11-30 17:30:00,0.7428571428571429,0.2571428571428571,0.4,0.08333333333333333,0.6085271317829457
2024-11-30 17:45:00,0.5828571428571429,0.5,0.46,0.13333333333333333,0.5891472868217054
2024-11-30 18:00:00,0.5942857142857143,0.3,0.48,0.16666666666666666,0.5542635658914729
2024-11-30 18:15:00,0.7485714285714286,0.45714285714285713,0.52,0.13333333333333333,0.7015503875968991
2024-11-30 18:30:00,0.7371428571428571,0.32857142857142857,0.98,0.13333333333333333,0.748062015503876
2024-11-30 18:45:00,0.48571428571428565,0.2857142857142857,0.22,0.4166666666666667,0.4844961240310077
2024-11-30 19:00:00,0.5657142857142857,0.07142857142857142,0.32,0.26666666666666666,0.4651162790697674
2024-11-30 19:15:00,0.3142857142857143,0.3,0.26,0.1,0.3062015503875969
2024-11-30 19:30:00,0.5657142857142857,0.3142857142857143,0.22,0.21666666666666667,0.5
2024-11-30 19:45:00,0.27999999999999997,0.32857142857142857,0.2,0.4166666666666667,0.3527131782945736
2024-11-30 20:00:00,0.36,0.08571428571428572,0.3,0.5666666666666667,0.39534883720930236
2024-11-30 20:15:00,0.4742857142857143,0.18571428571428572,0.38,0.31666666666666665,0.45736434108527124
2024-11-30 20:30:00,0.33714285714285713,0.3142857142857143,0.32,0.26666666666666666,0.375968992248062
2024-11-30 20:45:00,0.3028571428571428,0.34285714285714286,0.28,0.4,0.38372093023255816
2024-11-30 21:00:00,0.35428571428571426,0.2714285714285714,0.24,0.15,0.33333333333333337
2024-11-30 21:15:00,0.38857142857142857,0.2857142857142857,0.36,0.11666666666666667,0.375968992248062
2024-11-30 21:30:00,0.5942857142857143,0.35714285714285715,0.32,0.3333333333333333,0.5775193798449612
2024-11-30 21:45:00,0.3314285714285714,0.21428571428571427,0.22,0.3833333333333333,0.3527131782945736
2024-11-30 22:00:00,0.08,0.05714285714285714,0.02,0.43333333333333335,0.1124031007751938
2024-11-30 22:15:00,0.05714285714285715,0.014285714285714285,0.0,0.5666666666666667,0.1124031007751938
2024-11-30 22:30:00,0.05714285714285715,0.07142857142857142,0.02,0.23333333333333334,0.054263565891472854
2024-11-30 22:45:00,0.08,0.04285714285714286,0.02,0.55,0.13565891472868216
2024-11-30 23:00:00,0.07428571428571429,0.05714285714285714,0.0,0.18333333333333332,0.046511627906976744
2024-11-30 23:15:00,0.051428571428571435,0.014285714285714285,0.0,0.45,0.08139534883720931
2024-11-30 23:30:00,0.08,0.0,0.0,0.6166666666666667,0.13565891472868216
2024-11-30 23:45:00,0.08,0.0,0.0,0.48333333333333334,0.10465116279069767
2024-12-01 00:00:00,0.07428571428571429,0.014285714285714285,0.0,0.5,0.10852713178294573
2024-12-01 00:15:00,0.08,0.04285714285714286,0.0,0.3,0.07364341085271317
2024-12-01 00:30:00,0.05714285714285715,0.02857142857142857,0.02,0.5666666666666667,0.12015503875968991
2024-12-01 00:45:00,0.06857142857142857,0.0,0.02,0.23333333333333334,0.042635658914728675
2024-12-01 01:00:00,0.04000000000000001,0.0,0.0,0.55,0.09302325581395349
2024-12-01 01:15:00,0.08571428571428572,0.0,0.02,0.3333333333333333,0.07751937984496124
2024-12-01 01:30:00,0.02857142857142857,0.02857142857142857,0.0,0.3,0.03488372093023255
2024-12-01 01:45:00,0.04571428571428572,0.04285714285714286,0.0,0.5166666666666666,0.1007751937984496
2024-12-01 02:00:00,0.02857142857142857,0.0,0.02,0.6333333333333333,0.10852713178294573
2024-12-01 02:15:00,0.08,0.014285714285714285,0.02,0.4666666666666667,0.10852713178294573
2024-12-01 02:30:00,0.08,0.05714285714285714,0.0,0.26666666666666666,0.0697674418604651
2024-12-01 02:45:00,0.06285714285714286,0.014285714285714285,0.0,0.25,0.042635658914728675
2024-12-01 03:00:00,0.06857142857142857,0.014285714285714285,0.0,0.5666666666666667,0.12015503875968991
2024-12-01 03:15:00,0.08,0.014285714285714285,0.0,0.35,0.07751937984496124
2024-12-01 03:30:00,0.02857142857142857,0.014285714285714285,0.0,0.65,0.1124031007751938
2024-12-01 03:45:00,0.06285714285714286,0.05714285714285714,0.0,0.25,0.054263565891472854
2024-12-01 04:00:00,0.04571428571428572,0.0,0.0,0.26666666666666666,0.031007751937984496
2024-12-01 04:15:00,0.5314285714285715,0.07142857142857142,0.02,0.2833333333333333,0.3875968992248062
2024-12-01 04:30:00,0.34285714285714286,0.14285714285714285,0.06,0.13333333333333333,0.25193798449612403
2024-12-01 04:45:00,0.5314285714285715,0.24285714285714285,0.0,0.3333333333333333,0.4418604651162791
2024-12-01 05:00:00,0.3142857142857143,0.2857142857142857,0.1,0.1,0.2713178294573644
2024-12-01 05:15:00,0.6,0.2571428571428571,0.2,0.18333333333333332,0.49612403100775193
2024-12-01 05:30:00,0.37142857142857144,0.18571428571428572,0.08,0.21666666666666667,0.3062015503875969
2024-12-01 05:45:00,0.52,0.17142857142857143,0.14,0.2833333333333333,0.43023255813953487
2024-12-01 06:00:00,0.7085714285714285,0.44285714285714284,0.72,0.016666666666666666,0.6821705426356589
2024-12-01 06:15:00,0.8057142857142857,0.39999999999999997,0.9400000000000001,0.05,0.7868217054263565
2024-12-01 06:30:00,0.7542857142857142,0.32857142857142857,0.54,0.0,0.6434108527131782
2024-12-01 06:45:00,0.72,0.39999999999999997,0.48,0.0,0.627906976744186
2024-12-01 07:00:00,0.7371428571428571,0.14285714285714285,0.88,0.0,0.6472868217054263
2024-12-01 07:15:00,0.5942857142857143,0.35714285714285715,0.48,0.0,0.5310077519379844
2024-12-01 07:30:00,0.5885714285714285,0.5,0.44,0.05,0.5697674418604651
2024-12-01 07:45:00,0.8057142857142857,0.19999999999999998,0.74,0.03333333333333333,0.689922480620155
2024-12-01 08:00:00,0.8114285714285714,0.3,0.8200000000000001,0.08333333333333333,0.748062015503876
2024-12-01 08:15:00,0.6,0.4857142857142857,0.7000000000000001,0.0,0.6124031007751938
2024-12-01 08:30:00,0.6,0.5714285714285714,1.0,0.03333333333333333,0.7015503875968991
2024-12-01 08:45:00,0.6742857142857143,0.17142857142857143,0.44,0.05,0.5387596899224806
2024-12-01 09:00:00,0.8,0.35714285714285715,0.4,0.08333333333333333,0.6744186046511628
2024-12-01 09:15:00,0.44,0.21428571428571427,0.32,0.48333333333333334,0.46899224806201545
2024-12-01 09:30:00,0.3257142857142857,0.02857142857142857,0.14,0.36666666666666664,0.2790697674418604
2024-12-01 09:45:00,0.4971428571428571,0.11428571428571428,0.22,0.35,0.43023255813953487
2024-12-01 10:00:00,0.17142857142857143,0.3142857142857143,0.44,0.3,0.2945736434108527
2024-12-01 10:15:00,0.3485714285714286,0.35714285714285715,0.26,0.21666666666666667,0.37209302325581395
2024-12-01 10:30:00,0.2571428571428571,0.02857142857142857,0.5,0.2,0.26356589147286824
2024-12-01 10:45:00,0.2571428571428571,0.3142857142857143,0.48,0.11666666666666667,0.3178294573643411
2024-12-01 11:00:00,0.2571428571428571,0.11428571428571428,0.1,0.4,0.2558139534883721
2024-12-01 11:15:00,0.2857142857142857,0.07142857142857142,0.1,0.35,0.25193798449612403
2024-12-01 11:30:00,0.26285714285714284,0.14285714285714285,0.28,0.4,0.3023255813953488
2024-12-01 11:45:00,0.1657142857142857,0.11428571428571428,0.28,0.35,0.21705426356589144
2024-12-01 12:00:00,0.11428571428571428,0.09999999999999999,0.1,0.3333333333333333,0.13953488372093023
2024-12-01 12:15:00,0.30857142857142855,0.09999999999999999,0.18,0.35,0.2906976744186046
2024-12-01 12:30:00,0.18857142857142856,0.14285714285714285,0.18,0.4,0.23255813953488372
2024-12-01 12:45:00,0.37142857142857144,0.14285714285714285,0.18,0.3833333333333333,0.3527131782945736
2024-12-01 13:00:00,0.3314285714285714,0.11428571428571428,0.26,0.36666666666666664,0.3294573643410853
2024-12-01 13:15:00,0.005714285714285717,0.34285714285714286,0.24,0.21666666666666667,0.1317829457364341
2024-12-01 13:30:00,0.5885714285714285,0.24285714285714285,0.32,0.26666666666666666,0.5271317829457364
2024-12-01 13:45:00,0.2057142857142857,0.2857142857142857,0.64,0.2,0.32558139534883723
2024-12-01 14:00:00,0.27999999999999997,0.14285714285714285,0.4,0.15,0.2790697674418604
2024-12-01 14:15:00,0.3142857142857143,0.2714285714285714,0.28,0.11666666666666667,0.3062015503875969
2024-12-01 14:30:00,0.5542857142857143,0.15714285714285714,0.18,0.18333333333333332,0.43410852713178294
2024-12-01 14:45:00,0.2571428571428571,0.34285714285714286,0.6,0.08333333333333333,0.3410852713178294
2024-12-01 15:00:00,0.11428571428571428,0.34285714285714286,0.38,0.16666666666666666,0.2209302325581395
2024-12-01 15:15:00,0.48571428571428565,0.35714285714285715,0.36,0.3333333333333333,0.5116279069767441
2024-12-01 15:30:00,0.46285714285714286,0.18571428571428572,0.54,0.18333333333333332,0.4496124031007751
2024-12-01 15:45:00,0.22285714285714286,0.2714285714285714,0.34,0.15,0.26356589147286824
2024-12-01 16:00:00,0.6914285714285714,0.34285714285714286,0.7000000000000001,0.13333333333333333,0.6666666666666666
2024-12-01 16:15:00,0.8057142857142857,0.37142857142857144,0.84,0.15,0.7829457364341085
2024-12-01 16:30:00,0.64,0.39999999999999997,0.66,0.16666666666666666,0.6472868217054263
2024-12-01 16:45:00,0.7942857142857143,0.5142857142857142,0.98,0.16666666666666666,0.8449612403100775
2024-12-01 17:00:00,0.7542857142857142,0.2714285714285714,0.46,0.15,0.6472868217054263
2024-12-01 17:15:00,0.6457142857142857,0.2714285714285714,0.96,0.08333333333333333,0.6550387596899224
2024-12-01 17:30:00,0.6514285714285715,0.3857142857142857,0.56,0.13333333333333333,0.624031007751938
2024-12-01 17:45:00,0.8228571428571428,0.37142857142857144,0.86,0.08333333333333333,0.7829457364341085
2024-12-01 18:00:00,0.64,0.4857142857142857,0.72,0.16666666666666666,0.6821705426356589
2024-12-01 18:15:00,0.6799999999999999,0.42857142857142855,0.88,0.16666666666666666,0.7248062015503876
2024-12-01 18:30:00,0.7771428571428571,0.5142857142857142,0.96,0.08333333333333333,0.810077519379845
2024-12-01 18:45:00,0.41714285714285715,0.08571428571428572,0.22,0.4666666666666667,0.39534883720930236
2024-12-01 19:00:00,0.5542857142857143,0.32857142857142857,0.32,0.4,0.5581395348837209
2024-12-01 19:15:00,0.5657142857142857,0.2571428571428571,0.36,0.3833333333333333,0.5503875968992248
2024-12-01 19:30:00,0.5142857142857142,0.12857142857142856,0.38,0.11666666666666667,0.42248062015503873
2024-12-01 19:45:00,0.5714285714285714,0.18571428571428572,0.24,0.3333333333333333,0.5
2024-12-01 20:00:00,0.5428571428571428,0.2571428571428571,0.32,0.5666666666666667,0.5697674418604651
2024-12-01 20:15:00,0.42857142857142855,0.19999999999999998,0.4,0.25,0.41860465116279066
2024-12-01 20:30:00,0.46285714285714286,0.11428571428571428,0.38,0.11666666666666667,0.38372093023255816
2024-12-01 20:45:00,0.5885714285714285,0.2857142857142857,0.28,0.25,0.5271317829457364
2024-12-01 21:00:00,0.3657142857142857,0.18571428571428572,0.26,0.13333333333333333,0.3178294573643411
2024-12-01 21:15:00,0.33714285714285713,0.19999999999999998,0.2,0.1,0.2829457364341085
2024-12-01 21:30:00,0.3771428571428571,0.19999999999999998,0.34,0.16666666666666666,0.3527131782945736
2024-12-01 21:45:00,0.32,0.12857142857142856,0.36,0.4,0.3527131782945736
2024-12-01 22:00:00,0.034285714285714294,0.05714285714285714,0.0,0.5166666666666666,0.09689922480620153
2024-12-01 22:15:00,0.06857142857142857,0.07142857142857142,0.0,0.23333333333333334,0.05813953488372092
2024-12-01 22:30:00,0.05714285714285715,0.07142857142857142,0.0,0.3,0.06589147286821703
2024-12-01 22:45:00,0.051428571428571435,0.02857142857142857,0.0,0.6666666666666666,0.13565891472868216
2024-12-01 23:00:00,0.04000000000000001,0.02857142857142857,0.02,0.4666666666666667,0.08527131782945735
2024-12-01 23:15:00,0.07428571428571429,0.0,0.02,0.6666666666666666,0.14728682170542634
2024-12-01 23:30:00,0.051428571428571435,0.07142857142857142,0.0,0.21666666666666667,0.042635658914728675
2024-12-01 23:45:00,0.07428571428571429,0.014285714285714285,0.0,0.43333333333333335,0.09302325581395349
2024-12-02 00:00:00,0.051428571428571435,0.0,0.0,0.5666666666666667,0.10465116279069767
2024-12-02 00:15:00,0.06857142857142857,0.07142857142857142,0.0,0.3833333333333333,0.09302325581395349
2024-12-02 00:30:00,0.08,0.014285714285714285,0.02,0.3,0.0697674418604651
2024-12-02 00:45:00,0.05714285714285715,0.07142857142857142,0.02,0.2,0.046511627906976744
2024-12-02 01:00:00,0.04571428571428572,0.02857142857142857,0.02,0.43333333333333335,0.08139534883720931
2024-12-02 01:15:00,0.05714285714285715,0.04285714285714286,0.0,0.5333333333333333,0.1124031007751938
2024-12-02 01:30:00,0.05714285714285715,0.0,0.02,0.21666666666666667,0.031007751937984496
2024-12-02 01:45:00,0.07428571428571429,0.07142857142857142,0.02,0.2,0.05813953488372092
2024-12-02 02:00:00,0.06857142857142857,0.014285714285714285,0.0,0.48333333333333334,0.1007751937984496
2024-12-02 02:15:00,0.02857142857142857,0.05714285714285714,0.0,0.31666666666666665,0.046511627906976744
2024-12-02 02:30:00,0.05714285714285715,0.0,0.0,0.3,0.046511627906976744
2024-12-02 02:45:00,0.034285714285714294,0.0,0.0,0.5833333333333334,0.09689922480620153
2024-12-02 03:00:00,0.08571428571428572,0.07142857142857142,0.02,0.5666666666666667,0.1511627906976744
2024-12-02 03:15:00,0.05714285714285715,0.07142857142857142,0.02,0.5333333333333333,0.12403100775193798
2024-12-02 03:30:00,0.06285714285714286,0.05714285714285714,0.02,0.6166666666666667,0.1434108527131783
2024-12-02 03:45:00,0.051428571428571435,0.014285714285714285,0.0,0.2,0.023255813953488358
2024-12-02 04:00:00,0.06285714285714286,0.05714285714285714,0.0,0.3,0.06589147286821703
2024-12-02 04:15:00,0.2914285714285714,0.3,0.06,0.0,0.22868217054263565
2024-12-02 04:30:00,0.41714285714285715,0.15714285714285714,0.2,0.3,0.37209302325581395
2024-12-02 04:45:00,0.44,0.41428571428571426,0.0,0.3333333333333333,0.4263565891472868
2024-12-02 05:00:00,0.5542857142857143,0.21428571428571427,0.04,0.11666666666666667,0.40697674418604646
2024-12-02 05:15:00,0.3657142857142857,0.19999999999999998,0.12,0.3,0.33333333333333337
2024-12-02 05:30:00,0.4685714285714286,0.34285714285714286,0.12,0.31666666666666665,0.44573643410852715
2024-12-02 05:45:00,0.4514285714285714,0.22857142857142856,0.2,0.08333333333333333,0.3643410852713178
2024-12-02 06:00:00,0.5942857142857143,0.5428571428571428,0.68,0.08333333333333333,0.6395348837209301
2024-12-02 06:15:00,0.8114285714285714,0.5428571428571428,0.46,0.05,0.7364341085271318
2024-12-02 06:30:00,0.7428571428571429,0.2714285714285714,0.96,0.08333333333333333,0.7209302325581395
2024-12-02 06:45:00,0.5485714285714286,0.32857142857142857,0.8200000000000001,0.08333333333333333,0.5775193798449612
2024-12-02 07:00:00,0.76,0.3,0.56,0.016666666666666666,0.6472868217054263
2024-12-02 07:15:00,0.7485714285714286,0.2857142857142857,0.64,0.016666666666666666,0.6511627906976744
2024-12-02 07:30:00,0.6742857142857143,0.2714285714285714,0.5,0.08333333333333333,0.5852713178294573
2024-12-02 07:45:00,0.5885714285714285,0.42857142857142855,0.92,0.08333333333333333,0.6511627906976744
2024-12-02 08:00:00,0.7028571428571428,0.21428571428571427,0.86,0.08333333333333333,0.6589147286821705
2024-12-02 08:15:00,0.7085714285714285,0.5285714285714286,0.8200000000000001,0.016666666666666666,0.7248062015503876
2024-12-02 08:30:00,0.6971428571428572,0.2571428571428571,0.56,0.05,0.6007751937984496
2024-12-02 08:45:00,0.7828571428571428,0.5285714285714286,0.92,0.05,0.8023255813953488
2024-12-02 09:00:00,0.8228571428571428,0.37142857142857144,0.92,0.016666666666666666,0.7790697674418604
2024-12-02 09:15:00,0.4114285714285714,0.18571428571428572,0.14,0.3833333333333333,0.38372093023255816
2024-12-02 09:30:00,0.18285714285714286,0.22857142857142856,0.26,0.48333333333333334,0.28682170542635654
2024-12-02 09:45:00,0.4228571428571428,0.11428571428571428,0.32,0.2,0.3643410852713178
2024-12-02 10:00:00,0.5257142857142857,0.02857142857142857,0.32,0.11666666666666667,0.3914728682170543
2024-12-02 10:15:00,0.09714285714285716,0.11428571428571428,0.62,0.13333333333333333,0.18604651162790695
2024-12-02 10:30:00,0.14857142857142855,0.32857142857142857,0.38,0.2,0.24806201550387594
2024-12-02 10:45:00,0.25142857142857145,0.3142857142857143,0.32,0.08333333333333333,0.27519379844961234
2024-12-02 11:00:00,0.15428571428571428,0.07142857142857142,0.06,0.35,0.15503875968992248
2024-12-02 11:15:00,0.19999999999999998,0.08571428571428572,0.22,0.4666666666666667,0.24806201550387594
2024-12-02 11:30:00,0.2114285714285714,0.08571428571428572,0.2,0.35,0.22480620155038758
2024-12-02 11:45:00,0.18285714285714286,0.12857142857142856,0.14,0.4166666666666667,0.2209302325581395
2024-12-02 12:00:00,0.22857142857142854,0.07142857142857142,0.1,0.4,0.22480620155038758
2024-12-02 12:15:00,0.33714285714285713,0.14285714285714285,0.08,0.4666666666666667,0.3294573643410853
2024-12-02 12:30:00,0.16,0.11428571428571428,0.12,0.3833333333333333,0.18992248062015502
2024-12-02 12:45:00,0.1657142857142857,0.08571428571428572,0.24,0.45,0.22480620155038758
2024-12-02 13:00:00,0.19999999999999998,0.12857142857142856,0.1,0.3333333333333333,0.2054263565891473
2024-12-02 13:15:00,0.33714285714285713,0.2714285714285714,0.44,0.2,0.37209302325581395
2024-12-02 13:30:00,0.5885714285714285,0.34285714285714286,0.68,0.11666666666666667,0.5891472868217054
2024-12-02 13:45:00,0.5885714285714285,0.24285714285714285,0.66,0.11666666666666667,0.5581395348837209
2024-12-02 14:00:00,0.2571428571428571,0.32857142857142857,0.42,0.18333333333333332,0.32558139534883723
2024-12-02 14:15:00,0.06285714285714286,0.3,0.2,0.26666666666666666,0.1627906976744186
2024-12-02 14:30:00,0.49142857142857144,0.3142857142857143,0.68,0.13333333333333333,0.5193798449612402
2024-12-02 14:45:00,0.48,0.2714285714285714,0.74,0.3,0.5503875968992248
2024-12-02 15:00:00,0.5885714285714285,0.17142857142857143,0.46,0.13333333333333333,0.5038759689922481
2024-12-02 15:15:00,0.38857142857142857,0.41428571428571426,0.46,0.11666666666666667,0.43023255813953487
2024-12-02 15:30:00,0.4057142857142857,0.39999999999999997,0.78,0.23333333333333334,0.5271317829457364
2024-12-02 15:45:00,0.08,0.21428571428571427,0.4,0.2833333333333333,0.19379844961240308
2024-12-02 16:00:00,0.5542857142857143,0.5285714285714286,0.96,0.15,0.6782945736434108
2024-12-02 16:15:00,0.6285714285714286,0.5142857142857142,0.8200000000000001,0.13333333333333333,0.6937984496124031
2024-12-02 16:30:00,0.7828571428571428,0.32857142857142857,0.46,0.1,0.6705426356589147
2024-12-02 16:45:00,0.7371428571428571,0.21428571428571427,0.58,0.13333333333333333,0.6395348837209301
2024-12-02 17:00:00,0.8057142857142857,0.2571428571428571,0.98,0.15,0.7790697674418604
2024-12-02 17:15:00,0.6914285714285714,0.34285714285714286,0.96,0.15,0.7209302325581395
2024-12-02 17:30:00,0.76,0.2571428571428571,0.54,0.1,0.6511627906976744
2024-12-02 17:45:00,0.7085714285714285,0.18571428571428572,0.86,0.1,0.6589147286821705
2024-12-02 18:00:00,0.6971428571428572,0.5,0.46,0.16666666666666666,0.6744186046511628
2024-12-02 18:15:00,0.7942857142857143,0.2857142857142857,0.44,0.11666666666666667,0.6666666666666666
2024-12-02 18:30:00,0.64,0.2714285714285714,0.62,0.11666666666666667,0.5930232558139534
2024-12-02 18:45:00,0.4685714285714286,0.14285714285714285,0.26,0.26666666666666666,0.40697674418604646
2024-12-02 19:00:00,0.4685714285714286,0.08571428571428572,0.36,0.5,0.4651162790697674
2024-12-02 19:15:00,0.5257142857142857,0.2571428571428571,0.2,0.4,0.49612403100775193
2024-12-02 19:30:00,0.3771428571428571,0.3,0.28,0.2,0.375968992248062
2024-12-02 19:45:00,0.52,0.34285714285714286,0.36,0.16666666666666666,0.49224806201550386
2024-12-02 20:00:00,0.48571428571428565,0.09999999999999999,0.34,0.5166666666666666,0.48062015503875966
2024-12-02 20:15:00,0.3942857142857143,0.08571428571428572,0.24,0.5666666666666667,0.40697674418604646
2024-12-02 20:30:00,0.30857142857142855,0.09999999999999999,0.3,0.3333333333333333,0.31007751937984496
2024-12-02 20:45:00,0.4685714285714286,0.15714285714285714,0.32,0.4666666666666667,0.46899224806201545
2024-12-02 21:00:00,0.3257142857142857,0.3142857142857143,0.4,0.3333333333333333,0.3992248062015503
2024-12-02 21:15:00,0.3771428571428571,0.22857142857142856,0.28,0.15,0.34496124031007747
2024-12-02 21:30:00,0.5314285714285715,0.12857142857142856,0.3,0.3,0.4612403100775193
2024-12-02 21:45:00,0.5028571428571429,0.11428571428571428,0.2,0.26666666666666666,0.4108527131782945
2024-12-02 22:00:00,0.06857142857142857,0.05714285714285714,0.0,0.6,0.13953488372093023
2024-12-02 22:15:00,0.06285714285714286,0.014285714285714285,0.02,0.48333333333333334,0.1007751937984496
2024-12-02 22:30:00,0.05714285714285715,0.02857142857142857,0.0,0.16666666666666666,0.023255813953488358
2024-12-02 22:45:00,0.02857142857142857,0.04285714285714286,0.02,0.3833333333333333,0.06201550387596899
2024-12-02 23:00:00,0.04000000000000001,0.05714285714285714,0.0,0.5166666666666666,0.1007751937984496
2024-12-02 23:15:00,0.08571428571428572,0.014285714285714285,0.02,0.4,0.09689922480620153
2024-12-02 23:30:00,0.034285714285714294,0.0,0.02,0.3833333333333333,0.054263565891472854
2024-12-02 23:45:00,0.051428571428571435,0.014285714285714285,0.02,0.2833333333333333,0.046511627906976744
2024-12-03 00:00:00,0.04000000000000001,0.07142857142857142,0.02,0.6333333333333333,0.13565891472868216
2024-12-03 00:15:00,0.05714285714285715,0.05714285714285714,0.02,0.48333333333333334,0.10852713178294573
2024-12-03 00:30:00,0.04000000000000001,0.05714285714285714,0.0,0.6666666666666666,0.13565891472868216
2024-12-03 00:45:00,0.034285714285714294,0.07142857142857142,0.0,0.36666666666666664,0.06589147286821703
2024-12-03 01:00:00,0.051428571428571435,0.07142857142857142,0.02,0.35,0.07751937984496124
2024-12-03 01:15:00,0.051428571428571435,0.04285714285714286,0.0,0.65,0.13565891472868216
2024-12-03 01:30:00,0.02857142857142857,0.05714285714285714,0.02,0.18333333333333332,0.019379844961240303
2024-12-03 01:45:00,0.034285714285714294,0.0,0.0,0.26666666666666666,0.023255813953488358
2024-12-03 02:00:00,0.04000000000000001,0.04285714285714286,0.0,0.65,0.12790697674418602
2024-12-03 02:15:00,0.034285714285714294,0.0,0.02,0.6,0.10465116279069767
2024-12-03 02:30:00,0.06285714285714286,0.02857142857142857,0.0,0.5833333333333334,0.12403100775193798
2024-12-03 02:45:00,0.06857142857142857,0.04285714285714286,0.02,0.6,0.13953488372093023
2024-12-03 03:00:00,0.04571428571428572,0.014285714285714285,0.02,0.21666666666666667,0.027131782945736427
2024-12-03 03:15:00,0.051428571428571435,0.07142857142857142,0.0,0.31666666666666665,0.06589147286821703
2024-12-03 03:30:00,0.06857142857142857,0.07142857142857142,0.02,0.25,0.06589147286821703
2024-12-03 03:45:00,0.08,0.04285714285714286,0.0,0.21666666666666667,0.054263565891472854
2024-12-03 04:00:00,0.08,0.04285714285714286,0.02,0.2,0.054263565891472854
2024-12-03 04:15:00,0.27999999999999997,0.21428571428571427,0.2,0.13333333333333333,0.2558139534883721
2024-12-03 04:30:00,0.5828571428571429,0.0,0.02,0.03333333333333333,0.34496124031007747
2024-12-03 04:45:00,0.6342857142857142,0.2857142857142857,0.1,0.23333333333333334,0.5193798449612402
2024-12-03 05:00:00,0.41714285714285715,0.02857142857142857,0.08,0.15,0.2790697674418604
2024-12-03 05:15:00,0.6057142857142856,0.3142857142857143,0.0,0.2,0.48062015503875966
2024-12-03 05:30:00,0.45714285714285713,0.3857142857142857,0.14,0.2833333333333333,0.44573643410852715
2024-12-03 05:45:00,0.5142857142857142,0.07142857142857142,0.18,0.3333333333333333,0.41860465116279066
2024-12-03 06:00:00,0.7885714285714286,0.4714285714285714,0.54,0.016666666666666666,0.7093023255813953
2024-12-03 06:15:00,0.7314285714285714,0.5714285714285714,0.74,0.0,0.7325581395348837
2024-12-03 06:30:00,0.6742857142857143,0.5285714285714286,0.68,0.06666666666666667,0.686046511627907
2024-12-03 06:45:00,0.7314285714285714,0.4857142857142857,0.72,0.016666666666666666,0.7093023255813953
2024-12-03 07:00:00,0.5485714285714286,0.2857142857142857,0.84,0.06666666666666667,0.5658914728682171
2024-12-03 07:15:00,0.8,0.14285714285714285,0.74,0.0,0.6627906976744186
2024-12-03 07:30:00,0.7771428571428571,0.5571428571428572,0.8,0.08333333333333333,0.7906976744186046
2024-12-03 07:45:00,0.7371428571428571,0.17142857142857143,0.44,0.03333333333333333,0.5775193798449612
2024-12-03 08:00:00,0.6914285714285714,0.14285714285714285,0.52,0.06666666666666667,0.562015503875969
2024-12-03 08:15:00,0.7485714285714286,0.3142857142857143,0.62,0.0,0.6511627906976744
2024-12-03 08:30:00,0.7028571428571428,0.37142857142857144,0.84,0.06666666666666667,0.6937984496124031
2024-12-03 08:45:00,0.5771428571428572,0.17142857142857143,0.56,0.06666666666666667,0.5
2024-12-03 09:00:00,0.7714285714285715,0.3857142857142857,0.72,0.03333333333333333,0.7131782945736433
2024-12-03 09:15:00,0.19999999999999998,0.2857142857142857,0.74,0.4666666666666667,0.4031007751937984
2024-12-03 09:30:00,0.04571428571428572,0.35714285714285715,0.66,0.2,0.24031007751937986
2024-12-03 09:45:00,0.07428571428571429,0.3142857142857143,0.52,0.16666666666666666,0.21317829457364337
2024-12-03 10:00:00,0.30857142857142855,0.07142857142857142,0.72,0.2,0.3527131782945736
2024-12-03 10:15:00,0.24571428571428572,0.12857142857142856,0.6,0.23333333333333334,0.31007751937984496
2024-12-03 10:30:00,0.4114285714285714,0.32857142857142857,0.28,0.3333333333333333,0.437984496124031
2024-12-03 10:45:00,0.06857142857142857,0.18571428571428572,0.26,0.45,0.18992248062015502
2024-12-03 11:00:00,0.17714285714285713,0.07142857142857142,0.28,0.4166666666666667,0.22868217054263565
2024-12-03 11:15:00,0.3142857142857143,0.14285714285714285,0.06,0.4666666666666667,0.31007751937984496
2024-12-03 11:30:00,0.1657142857142857,0.07142857142857142,0.08,0.48333333333333334,0.19767441860465115
2024-12-03 11:45:00,0.3314285714285714,0.07142857142857142,0.12,0.3333333333333333,0.2829457364341085
2024-12-03 12:00:00,0.24571428571428572,0.14285714285714285,0.26,0.3833333333333333,0.2829457364341085
2024-12-03 12:15:00,0.22285714285714286,0.07142857142857142,0.1,0.35,0.20930232558139536
2024-12-03 12:30:00,0.3257142857142857,0.07142857142857142,0.28,0.3833333333333333,0.32170542635658916
2024-12-03 12:45:00,0.18857142857142856,0.11428571428571428,0.3,0.45,0.2596899224806202
2024-12-03 13:00:00,0.12000000000000001,0.08571428571428572,0.18,0.48333333333333334,0.18992248062015502
2024-12-03 13:15:00,0.41714285714285715,0.32857142857142857,0.32,0.21666666666666667,0.42248062015503873
2024-12-03 13:30:00,0.6342857142857142,0.3,0.44,0.2833333333333333,0.6007751937984496
2024-12-03 13:45:00,0.5085714285714286,0.18571428571428572,0.22,0.26666666666666666,0.437984496124031
2024-12-03 14:00:00,0.26857142857142857,0.2714285714285714,0.52,0.16666666666666666,0.33333333333333337
2024-12-03 14:15:00,0.37142857142857144,0.18571428571428572,0.24,0.16666666666666666,0.32558139534883723
2024-12-03 14:30:00,0.1657142857142857,0.24285714285714285,0.42,0.23333333333333334,0.25193798449612403
2024-12-03 14:45:00,0.06285714285714286,0.2571428571428571,0.8,0.1,0.22868217054263565
2024-12-03 15:00:00,0.10857142857142858,0.2857142857142857,0.3,0.2833333333333333,0.21317829457364337
2024-12-03 15:15:00,0.09142857142857143,0.21428571428571427,0.66,0.2,0.23255813953488372
2024-12-03 15:30:00,0.5428571428571428,0.14285714285714285,0.36,0.11666666666666667,0.4418604651162791
2024-12-03 15:45:00,0.64,0.3142857142857143,0.22,0.08333333333333333,0.5193798449612402
2024-12-03 16:00:00,0.8,0.42857142857142855,0.8,0.13333333333333333,0.7829457364341085
2024-12-03 16:15:00,0.6171428571428571,0.5428571428571428,0.9,0.11666666666666667,0.7054263565891472
2024-12-03 16:30:00,0.6,0.44285714285714284,0.74,0.11666666666666667,0.6356589147286821
2024-12-03 16:45:00,0.6914285714285714,0.21428571428571427,0.52,0.1,0.5891472868217054
2024-12-03 17:00:00,0.5428571428571428,0.21428571428571427,0.58,0.11666666666666667,0.5038759689922481
2024-12-03 17:15:00,0.8114285714285714,0.39999999999999997,0.58,0.16666666666666666,0.748062015503876
2024-12-03 17:30:00,0.8057142857142857,0.3142857142857143,1.0,0.16666666666666666,0.8023255813953488
2024-12-03 17:45:00,0.8171428571428572,0.32857142857142857,0.54,0.08333333333333333,0.7054263565891472
2024-12-03 18:00:00,0.8228571428571428,0.24285714285714285,0.8200000000000001,0.15,0.755813953488372
2024-12-03 18:15:00,0.7485714285714286,0.45714285714285713,0.8200000000000001,0.11666666666666667,0.755813953488372
2024-12-03 18:30:00,0.5485714285714286,0.3142857142857143,0.66,0.15,0.5581395348837209
2024-12-03 18:45:00,0.4685714285714286,0.2571428571428571,0.26,0.5666666666666667,0.507751937984496
2024-12-03 19:00:00,0.2571428571428571,0.3,0.28,0.15,0.2829457364341085
2024-12-03 19:15:00,0.3314285714285714,0.32857142857142857,0.38,0.5666666666666667,0.45736434108527124
2024-12-03 19:30:00,0.38857142857142857,0.12857142857142856,0.22,0.08333333333333333,0.29844961240310075
2024-12-03 19:45:00,0.41714285714285715,0.18571428571428572,0.4,0.4166666666666667,0.44573643410852715
2024-12-03 20:00:00,0.3771428571428571,0.3142857142857143,0.24,0.23333333333333334,0.3798449612403101
2024-12-03 20:15:00,0.42857142857142855,0.24285714285714285,0.22,0.25,0.39534883720930236
2024-12-03 20:30:00,0.3257142857142857,0.3,0.2,0.5833333333333334,0.4147286821705426
2024-12-03 20:45:00,0.5428571428571428,0.24285714285714285,0.32,0.55,0.562015503875969
2024-12-03 21:00:00,0.5142857142857142,0.21428571428571427,0.36,0.15,0.4496124031007751
2024-12-03 21:15:00,0.5542857142857143,0.19999999999999998,0.3,0.5666666666666667,0.5581395348837209
2024-12-03 21:30:00,0.36,0.17142857142857143,0.3,0.5333333333333333,0.4108527131782945
2024-12-03 21:45:00,0.3942857142857143,0.07142857142857142,0.38,0.08333333333333333,0.3178294573643411
2024-12-03 22:00:00,0.05714285714285715,0.05714285714285714,0.02,0.35,0.07751937984496124
2024-12-03 22:15:00,0.06285714285714286,0.0,0.02,0.4,0.07751937984496124
2024-12-03 22:30:00,0.04000000000000001,0.0,0.0,0.2,0.011627906976744179
2024-12-03 22:45:00,0.04000000000000001,0.07142857142857142,0.0,0.3833333333333333,0.07364341085271317
2024-12-03 23:00:00,0.05714285714285715,0.02857142857142857,0.02,0.23333333333333334,0.042635658914728675
2024-12-03 23:15:00,0.02857142857142857,0.04285714285714286,0.0,0.3833333333333333,0.05813953488372092
2024-12-03 23:30:00,0.06285714285714286,0.02857142857142857,0.0,0.5833333333333334,0.12403100775193798
2024-12-03 23:45:00,0.04571428571428572,0.04285714285714286,0.0,0.36666666666666664,0.06589147286821703
2024-12-04 00:00:00,0.04571428571428572,0.0,0.0,0.5333333333333333,0.09302325581395349
2024-12-04 00:15:00,0.034285714285714294,0.014285714285714285,0.0,0.45,0.0697674418604651
2024-12-04 00:30:00,0.06857142857142857,0.014285714285714285,0.0,0.5333333333333333,0.1124031007751938
2024-12-04 00:45:00,0.034285714285714294,0.02857142857142857,0.0,0.2833333333333333,0.03488372093023255
2024-12-04 01:00:00,0.051428571428571435,0.014285714285714285,0.02,0.18333333333333332,0.023255813953488358
2024-12-04 01:15:00,0.06857142857142857,0.02857142857142857,0.0,0.55,0.12015503875968991
2024-12-04 01:30:00,0.05714285714285715,0.02857142857142857,0.02,0.6333333333333333,0.13565891472868216
2024-12-04 01:45:00,0.04571428571428572,0.05714285714285714,0.02,0.4,0.08139534883720931
2024-12-04 02:00:00,0.034285714285714294,0.07142857142857142,0.02,0.18333333333333332,0.027131782945736427
2024-12-04 02:15:00,0.04000000000000001,0.04285714285714286,0.0,0.36666666666666664,0.06201550387596899
2024-12-04 02:30:00,0.05714285714285715,0.014285714285714285,0.0,0.43333333333333335,0.08139534883720931
2024-12-04 02:45:00,0.04571428571428572,0.0,0.02,0.5666666666666667,0.10465116279069767
2024-12-04 03:00:00,0.06857142857142857,0.07142857142857142,0.0,0.25,0.06201550387596899
2024-12-04 03:15:00,0.08571428571428572,0.04285714285714286,0.02,0.43333333333333335,0.1124031007751938
2024-12-04 03:30:00,0.07428571428571429,0.05714285714285714,0.0,0.5,0.12015503875968991
2024-12-04 03:45:00,0.04000000000000001,0.014285714285714285,0.02,0.31666666666666665,0.046511627906976744
2024-12-04 04:00:00,0.08571428571428572,0.0,0.0,0.2,0.042635658914728675
2024-12-04 04:15:00,0.13714285714285712,0.14285714285714285,0.0,0.2,0.11627906976744184
2024-12-04 04:30:00,0.19428571428571428,0.2857142857142857,0.02,0.16666666666666666,0.18992248062015502
2024-12-04 04:45:00,0.4057142857142857,0.12857142857142856,0.14,0.21666666666666667,0.32558139534883723
2024-12-04 05:00:00,0.16,0.24285714285714285,0.0,0.21666666666666667,0.1627906976744186
2024-12-04 05:15:00,0.33714285714285713,0.19999999999999998,0.02,0.2,0.2713178294573644
2024-12-04 05:30:00,0.22285714285714286,0.09999999999999999,0.02,0.18333333333333332,0.1627906976744186
2024-12-04 05:45:00,0.2742857142857143,0.11428571428571428,0.08,0.25,0.22868217054263565
2024-12-04 06:00:00,0.39999999999999997,0.08571428571428572,0.14,0.21666666666666667,0.31007751937984496
2024-12-04 06:15:00,0.3142857142857143,0.15714285714285714,0.08,0.16666666666666666,0.24806201550387594
2024-12-04 06:30:00,0.17142857142857143,0.19999999999999998,0.04,0.23333333333333334,0.17054263565891473
2024-12-04 06:45:00,0.39999999999999997,0.2857142857142857,0.12,0.25,0.3682170542635659
2024-12-04 07:00:00,0.1257142857142857,0.14285714285714285,0.04,0.2,0.11627906976744184
2024-12-04 07:15:00,0.32,0.2857142857142857,0.14,0.23333333333333334,0.313953488372093
2024-12-04 07:30:00,0.38285714285714284,0.2857142857142857,0.1,0.25,0.3527131782945736
2024-12-04 07:45:00,0.21714285714285714,0.2571428571428571,0.12,0.23333333333333334,0.23255813953488372
2024-12-04 08:00:00,0.27999999999999997,0.14285714285714285,0.08,0.23333333333333334,0.2364341085271318
2024-12-04 08:15:00,0.14285714285714285,0.17142857142857143,0.02,0.23333333333333334,0.13953488372093023
2024-12-04 08:30:00,0.38285714285714284,0.11428571428571428,0.12,0.2,0.29844961240310075
2024-12-04 08:45:00,0.2857142857142857,0.24285714285714285,0.14,0.25,0.2829457364341085
2024-12-04 09:00:00,0.17714285714285713,0.2857142857142857,0.0,0.21666666666666667,0.18604651162790695
2024-12-04 09:15:00,0.9314285714285714,0.7857142857142857,0.2,0.0,0.821705426356589
2024-12-04 09:30:00,0.7428571428571429,0.8714285714285714,0.56,0.03333333333333333,0.7945736434108527
2024-12-04 09:45:00,0.9314285714285714,0.9714285714285714,0.54,0.03333333333333333,0.9457364341085271
2024-12-04 10:00:00,0.7657142857142857,0.6285714285714286,0.32,0.016666666666666666,0.6937984496124031
2024-12-04 10:15:00,0.8628571428571429,0.9,0.24,0.05,0.8255813953488371
2024-12-04 10:30:00,0.7771428571428571,0.7285714285714285,0.54,0.05,0.7790697674418604
2024-12-04 10:45:00,0.7942857142857143,0.6285714285714286,0.32,0.05,0.7209302325581395
2024-12-04 11:00:00,0.7257142857142858,0.9285714285714285,0.46,0.0,0.7713178294573643
2024-12-04 11:15:00,0.9999999999999999,0.6857142857142857,0.34,0.03333333333333333,0.875968992248062
2024-12-04 11:30:00,0.7714285714285715,0.9571428571428571,0.4,0.06666666666666667,0.813953488372093
2024-12-04 11:45:00,0.9028571428571428,0.8857142857142857,0.24,0.0,0.8372093023255813
2024-12-04 12:00:00,0.8171428571428572,1.0,0.3,0.0,0.821705426356589
2024-12-04 12:15:00,0.7371428571428571,0.6714285714285714,0.44,0.05,0.7170542635658914
2024-12-04 12:30:00,0.8971428571428571,0.7285714285714285,0.26,0.0,0.7945736434108527
2024-12-04 12:45:00,0.7485714285714286,0.7,0.3,0.016666666666666666,0.6976744186046511
2024-12-04 13:00:00,0.8114285714285714,0.7428571428571429,0.52,0.0,0.7906976744186046
2024-12-04 13:15:00,0.9657142857142857,0.7714285714285714,0.5,0.016666666666666666,0.9031007751937984
2024-12-04 13:30:00,0.7428571428571429,0.9857142857142857,0.4,0.016666666666666666,0.7906976744186046
2024-12-04 13:45:00,0.7828571428571428,0.7857142857142857,0.42,0.016666666666666666,0.7674418604651162
2024-12-04 14:00:00,0.7942857142857143,0.8428571428571429,0.28,0.03333333333333333,0.7674418604651162
2024-12-04 14:15:00,0.9999999999999999,0.7,0.34,0.0,0.872093023255814
2024-12-04 14:30:00,0.8457142857142858,0.8428571428571429,0.4,0.06666666666666667,0.8333333333333333
2024-12-04 14:45:00,0.7657142857142857,0.6142857142857142,0.54,0.05,0.7403100775193798
2024-12-04 15:00:00,0.9942857142857143,0.8571428571428571,0.24,0.0,0.8914728682170542
2024-12-04 15:15:00,0.4057142857142857,0.3,0.12,0.016666666666666666,0.32170542635658916
2024-12-04 15:30:00,0.30857142857142855,0.35714285714285715,0.38,0.016666666666666666,0.32170542635658916
2024-12-04 15:45:00,0.26285714285714284,0.2857142857142857,0.24,0.016666666666666666,0.24418604651162792
2024-12-04 16:00:00,0.41714285714285715,0.34285714285714286,0.38,0.03333333333333333,0.39534883720930236
2024-12-04 16:15:00,0.2571428571428571,0.34285714285714286,0.22,0.0,0.24806201550387594
2024-12-04 16:30:00,0.30857142857142855,0.35714285714285715,0.16,0.0,0.27519379844961234
2024-12-04 16:45:00,0.48571428571428565,0.3,0.0,0.0,0.34883720930232553
2024-12-04 17:00:00,0.4228571428571428,0.37142857142857144,0.42,0.03333333333333333,0.4147286821705426
2024-12-04 17:15:00,0.2914285714285714,0.3,0.08,0.016666666666666666,0.2364341085271318
2024-12-04 17:30:00,0.37142857142857144,0.35714285714285715,0.22,0.03333333333333333,0.33720930232558133
2024-12-04 17:45:00,0.27999999999999997,0.3857142857142857,0.42,0.03333333333333333,0.32170542635658916
2024-12-04 18:00:00,0.2742857142857143,0.3142857142857143,0.26,0.03333333333333333,0.2674418604651163
2024-12-04 18:15:00,0.30857142857142855,0.3857142857142857,0.1,0.03333333333333333,0.2790697674418604
2024-12-04 18:30:00,0.3314285714285714,0.42857142857142855,0.42,0.0,0.36046511627906974
2024-12-04 18:45:00,0.4685714285714286,0.3,0.32,0.0,0.3992248062015503
2024-12-04 19:00:00,0.3771428571428571,0.37142857142857144,0.38,0.016666666666666666,0.37209302325581395
2024-12-04 19:15:00,0.15428571428571428,0.07142857142857142,0.1,0.21666666666666667,0.1317829457364341
2024-12-04 19:30:00,0.17714285714285713,0.08571428571428572,0.14,0.03333333333333333,0.11627906976744184
2024-12-04 19:45:00,0.17142857142857143,0.14285714285714285,0.0,0.03333333333333333,0.1007751937984496
2024-12-04 20:00:00,0.19999999999999998,0.14285714285714285,0.1,0.16666666666666666,0.17054263565891473
2024-12-04 20:15:00,0.22285714285714286,0.08571428571428572,0.02,0.05,0.12790697674418602
2024-12-04 20:30:00,0.19999999999999998,0.08571428571428572,0.02,0.05,0.1124031007751938
2024-12-04 20:45:00,0.22857142857142854,0.02857142857142857,0.14,0.11666666666666667,0.15503875968992248
2024-12-04 21:00:00,0.22285714285714286,0.02857142857142857,0.12,0.08333333333333333,0.13953488372093023
2024-12-04 21:15:00,0.16,0.05714285714285714,0.08,0.08333333333333333,0.09689922480620153
2024-12-04 21:30:00,0.09714285714285716,0.07142857142857142,0.06,0.21666666666666667,0.08527131782945735
2024-12-04 21:45:00,0.16,0.07142857142857142,0.1,0.016666666666666666,0.08914728682170542
2024-12-04 22:00:00,0.02857142857142857,0.0,0.0,0.48333333333333334,0.0697674418604651
2024-12-04 22:15:00,0.08,0.04285714285714286,0.02,0.5833333333333334,0.1434108527131783
2024-12-04 22:30:00,0.02857142857142857,0.05714285714285714,0.0,0.5,0.08914728682170542
2024-12-04 22:45:00,0.04000000000000001,0.04285714285714286,0.02,0.4166666666666667,0.07751937984496124
2024-12-04 23:00:00,0.04000000000000001,0.014285714285714285,0.0,0.6666666666666666,0.12403100775193798
2024-12-04 23:15:00,0.08571428571428572,0.02857142857142857,0.0,0.31666666666666665,0.07751937984496124
2024-12-04 23:30:00,0.07428571428571429,0.05714285714285714,0.02,0.18333333333333332,0.05038759689922481
2024-12-04 23:45:00,0.08,0.014285714285714285,0.02,0.6166666666666667,0.1434108527131783
2024-12-05 00:00:00,0.04571428571428572,0.02857142857142857,0.0,0.4166666666666667,0.07364341085271317
2024-12-05 00:15:00,0.06285714285714286,0.05714285714285714,0.02,0.25,0.05813953488372092
2024-12-05 00:30:00,0.02857142857142857,0.05714285714285714,0.02,0.26666666666666666,0.038759689922480606
2024-12-05 00:45:00,0.07428571428571429,0.04285714285714286,0.0,0.31666666666666665,0.07364341085271317
2024-12-05 01:00:00,0.05714285714285715,0.07142857142857142,0.0,0.16666666666666666,0.03488372093023255
2024-12-05 01:15:00,0.051428571428571435,0.02857142857142857,0.02,0.36666666666666664,0.0697674418604651
2024-12-05 01:30:00,0.05714285714285715,0.0,0.0,0.25,0.03488372093023255
2024-12-05 01:45:00,0.06857142857142857,0.07142857142857142,0.0,0.35,0.08527131782945735
2024-12-05 02:00:00,0.051428571428571435,0.0,0.02,0.2,0.023255813953488358
2024-12-05 02:15:00,0.02857142857142857,0.014285714285714285,0.0,0.18333333333333332,0.003875968992248055
2024-12-05 02:30:00,0.07428571428571429,0.07142857142857142,0.0,0.3,0.07751937984496124
2024-12-05 02:45:00,0.04000000000000001,0.05714285714285714,0.0,0.18333333333333332,0.023255813953488358
2024-12-05 03:00:00,0.06857142857142857,0.0,0.02,0.5,0.10465116279069767
2024-12-05 03:15:00,0.08571428571428572,0.014285714285714285,0.0,0.4666666666666667,0.10852713178294573
2024-12-05 03:30:00,0.08,0.07142857142857142,0.02,0.6333333333333333,0.1627906976744186
2024-12-05 03:45:00,0.05714285714285715,0.0,0.0,0.6,0.11627906976744184
2024-12-05 04:00:00,0.02857142857142857,0.02857142857142857,0.0,0.5,0.08139534883720931
2024-12-05 04:15:00,0.3942857142857143,0.05714285714285714,0.08,0.21666666666666667,0.28682170542635654
2024-12-05 04:30:00,0.52,0.41428571428571426,0.12,0.2833333333333333,0.49224806201550386
2024-12-05 04:45:00,0.5942857142857143,0.22857142857142856,0.12,0.2,0.4728682170542635
2024-12-05 05:00:00,0.6171428571428571,0.08571428571428572,0.18,0.16666666666666666,0.4534883720930232
2024-12-05 05:15:00,0.48571428571428565,0.34285714285714286,0.16,0.3333333333333333,0.46899224806201545
2024-12-05 05:30:00,0.5771428571428572,0.2714285714285714,0.2,0.2833333333333333,0.507751937984496
2024-12-05 05:45:00,0.52,0.09999999999999999,0.12,0.06666666666666667,0.3565891472868217
2024-12-05 06:00:00,0.5542857142857143,0.3,0.84,0.05,0.5697674418604651
2024-12-05 06:15:00,0.7714285714285715,0.5,1.0,0.0,0.7906976744186046
2024-12-05 06:30:00,0.5714285714285714,0.4714285714285714,0.58,0.06666666666666667,0.5813953488372092
2024-12-05 06:45:00,0.7371428571428571,0.37142857142857144,0.54,0.016666666666666666,0.6472868217054263
2024-12-05 07:00:00,0.6742857142857143,0.5,0.9,0.016666666666666666,0.7093023255813953
2024-12-05 07:15:00,0.7028571428571428,0.44285714285714284,0.52,0.0,0.6356589147286821
2024-12-05 07:30:00,0.5714285714285714,0.45714285714285713,0.86,0.0,0.6162790697674418
2024-12-05 07:45:00,0.7542857142857142,0.18571428571428572,0.62,0.08333333333333333,0.6395348837209301
2024-12-05 08:00:00,0.8171428571428572,0.5285714285714286,0.92,0.03333333333333333,0.821705426356589
2024-12-05 08:15:00,0.5714285714285714,0.19999999999999998,0.7000000000000001,0.03333333333333333,0.5232558139534883
2024-12-05 08:30:00,0.8171428571428572,0.24285714285714285,0.84,0.08333333333333333,0.7403100775193798
2024-12-05 08:45:00,0.6342857142857142,0.3142857142857143,0.6,0.05,0.5813953488372092
2024-12-05 09:00:00,0.7885714285714286,0.39999999999999997,0.92,0.016666666666666666,0.7635658914728681
2024-12-05 09:15:00,0.14285714285714285,0.34285714285714286,0.26,0.21666666666666667,0.22868217054263565
2024-12-05 09:30:00,0.3942857142857143,0.32857142857142857,0.7000000000000001,0.16666666666666666,0.46899224806201545
2024-12-05 09:45:00,0.35428571428571426,0.07142857142857142,0.72,0.2833333333333333,0.4031007751937984
2024-12-05 10:00:00,0.30857142857142855,0.15714285714285714,0.66,0.4166666666666667,0.4147286821705426
2024-12-05 10:15:00,0.1657142857142857,0.3,0.78,0.26666666666666666,0.34496124031007747
2024-12-05 10:30:00,0.38285714285714284,0.34285714285714286,0.2,0.15,0.3643410852713178
2024-12-05 10:45:00,0.38857142857142857,0.17142857142857143,0.64,0.08333333333333333,0.3914728682170543
2024-12-05 11:00:00,0.12000000000000001,0.11428571428571428,0.16,0.4,0.1744186046511628
2024-12-05 11:15:00,0.24,0.07142857142857142,0.14,0.4666666666666667,0.2558139534883721
2024-12-05 11:30:00,0.16,0.14285714285714285,0.12,0.48333333333333334,0.2209302325581395
2024-12-05 11:45:00,0.19428571428571428,0.11428571428571428,0.26,0.3333333333333333,0.22868217054263565
2024-12-05 12:00:00,0.17714285714285713,0.07142857142857142,0.28,0.36666666666666664,0.21705426356589144
2024-12-05 12:15:00,0.2742857142857143,0.12857142857142856,0.3,0.4166666666666667,0.313953488372093
2024-12-05 12:30:00,0.18285714285714286,0.12857142857142856,0.2,0.5,0.25193798449612403
2024-12-05 12:45:00,0.27999999999999997,0.11428571428571428,0.08,0.45,0.2790697674418604
2024-12-05 13:00:00,0.08571428571428572,0.11428571428571428,0.3,0.43333333333333335,0.18604651162790695
2024-12-05 13:15:00,0.24,0.41428571428571426,0.56,0.15,0.3565891472868217
2024-12-05 13:30:00,0.26285714285714284,0.3857142857142857,0.2,0.3333333333333333,0.33720930232558133
2024-12-05 13:45:00,0.6228571428571429,0.15714285714285714,0.8,0.3333333333333333,0.6356589147286821
2024-12-05 14:00:00,0.38857142857142857,0.18571428571428572,0.38,0.15,0.36046511627906974
2024-12-05 14:15:00,0.13142857142857142,0.2714285714285714,0.54,0.08333333333333333,0.22480620155038758
2024-12-05 14:30:00,0.5714285714285714,0.2857142857142857,0.4,0.18333333333333332,0.5232558139534883
2024-12-05 14:45:00,0.36,0.34285714285714286,0.3,0.23333333333333334,0.3875968992248062
2024-12-05 15:00:00,0.6114285714285714,0.22857142857142856,0.6,0.18333333333333332,0.5736434108527131
2024-12-05 15:15:00,0.6571428571428571,0.42857142857142855,0.56,0.25,0.6666666666666666
2024-12-05 15:30:00,0.18857142857142856,0.3857142857142857,0.24,0.3,0.28682170542635654
2024-12-05 15:45:00,0.5085714285714286,0.24285714285714285,0.28,0.25,0.4612403100775193
2024-12-05 16:00:00,0.5828571428571429,0.39999999999999997,0.9,0.13333333333333333,0.6472868217054263
2024-12-05 16:15:00,0.5428571428571428,0.22857142857142856,0.98,0.11666666666666667,0.5852713178294573
2024-12-05 16:30:00,0.8,0.21428571428571427,0.4,0.15,0.6511627906976744
2024-12-05 16:45:00,0.7314285714285714,0.24285714285714285,0.44,0.13333333333333333,0.6162790697674418
2024-12-05 17:00:00,0.64,0.5142857142857142,0.8200000000000001,0.16666666666666666,0.7093023255813953
2024-12-05 17:15:00,0.6171428571428571,0.37142857142857144,0.52,0.13333333333333333,0.5891472868217054
2024-12-05 17:30:00,0.5485714285714286,0.2857142857142857,0.42,0.15,0.5038759689922481
2024-12-05 17:45:00,0.8228571428571428,0.4714285714285714,0.9,0.16666666666666666,0.8372093023255813
2024-12-05 18:00:00,0.7371428571428571,0.5,0.52,0.11666666666666667,0.7015503875968991
2024-12-05 18:15:00,0.5771428571428572,0.15714285714285714,0.9,0.15,0.5813953488372092
2024-12-05 18:30:00,0.6628571428571428,0.5285714285714286,0.68,0.1,0.686046511627907
2024-12-05 18:45:00,0.5257142857142857,0.18571428571428572,0.22,0.25,0.44573643410852715
2024-12-05 19:00:00,0.49142857142857144,0.24285714285714285,0.36,0.48333333333333334,0.5193798449612402
2024-12-05 19:15:00,0.29714285714285715,0.22857142857142856,0.26,0.31666666666666665,0.32558139534883723
2024-12-05 19:30:00,0.6,0.14285714285714285,0.2,0.3333333333333333,0.5
2024-12-05 19:45:00,0.3771428571428571,0.19999999999999998,0.34,0.5,0.43023255813953487
2024-12-05 20:00:00,0.48,0.35714285714285715,0.4,0.4,0.5310077519379844
2024-12-05 20:15:00,0.4685714285714286,0.22857142857142856,0.3,0.23333333333333334,0.43023255813953487
2024-12-05 20:30:00,0.5771428571428572,0.17142857142857143,0.32,0.15,0.4728682170542635
2024-12-05 20:45:00,0.41714285714285715,0.14285714285714285,0.38,0.3333333333333333,0.4108527131782945
2024-12-05 21:00:00,0.32,0.14285714285714285,0.32,0.45,0.36046511627906974
2024-12-05 21:15:00,0.3942857142857143,0.2714285714285714,0.3,0.4,0.43023255813953487
2024-12-05 21:30:00,0.2914285714285714,0.2857142857142857,0.22,0.4166666666666667,0.3527131782945736
2024-12-05 21:45:00,0.5771428571428572,0.3142857142857143,0.32,0.3,0.5465116279069767
2024-12-05 22:00:00,0.02857142857142857,0.014285714285714285,0.02,0.2,0.011627906976744179
2024-12-05 22:15:00,0.04000000000000001,0.05714285714285714,0.02,0.55,0.1124031007751938
2024-12-05 22:30:00,0.06285714285714286,0.05714285714285714,0.0,0.26666666666666666,0.05813953488372092
2024-12-05 22:45:00,0.07428571428571429,0.014285714285714285,0.0,0.3,0.06201550387596899
2024-12-05 23:00:00,0.08,0.02857142857142857,0.0,0.6,0.13953488372093023
2024-12-05 23:15:00,0.07428571428571429,0.05714285714285714,0.02,0.5833333333333334,0.1434108527131783
2024-12-05 23:30:00,0.06857142857142857,0.0,0.0,0.5166666666666666,0.10465116279069767
2024-12-05 23:45:00,0.07428571428571429,0.014285714285714285,0.0,0.26666666666666666,0.054263565891472854
2024-12-06 00:00:00,0.05714285714285715,0.05714285714285714,0.0,0.6166666666666667,0.13565891472868216
2024-12-06 00:15:00,0.034285714285714294,0.07142857142857142,0.0,0.23333333333333334,0.03488372093023255
2024-12-06 00:30:00,0.034285714285714294,0.07142857142857142,0.0,0.36666666666666664,0.06589147286821703
2024-12-06 00:45:00,0.04000000000000001,0.02857142857142857,0.02,0.6166666666666667,0.12015503875968991
2024-12-06 01:00:00,0.07428571428571429,0.014285714285714285,0.02,0.5666666666666667,0.12790697674418602
2024-12-06 01:15:00,0.08,0.014285714285714285,0.0,0.18333333333333332,0.038759689922480606
2024-12-06 01:30:00,0.034285714285714294,0.05714285714285714,0.02,0.43333333333333335,0.08139534883720931
2024-12-06 01:45:00,0.07428571428571429,0.04285714285714286,0.0,0.4666666666666667,0.10852713178294573
2024-12-06 02:00:00,0.04000000000000001,0.05714285714285714,0.02,0.6166666666666667,0.12790697674418602
2024-12-06 02:15:00,0.034285714285714294,0.014285714285714285,0.02,0.48333333333333334,0.08139534883720931
2024-12-06 02:30:00,0.08,0.07142857142857142,0.02,0.48333333333333334,0.12790697674418602
2024-12-06 02:45:00,0.07428571428571429,0.05714285714285714,0.0,0.18333333333333332,0.046511627906976744
2024-12-06 03:00:00,0.06285714285714286,0.05714285714285714,0.0,0.48333333333333334,0.10852713178294573
2024-12-06 03:15:00,0.08,0.05714285714285714,0.02,0.55,0.13953488372093023
2024-12-06 03:30:00,0.05714285714285715,0.04285714285714286,0.02,0.2,0.038759689922480606
2024-12-06 03:45:00,0.06285714285714286,0.05714285714285714,0.02,0.4666666666666667,0.10852713178294573
2024-12-06 04:00:00,0.034285714285714294,0.05714285714285714,0.0,0.3333333333333333,0.054263565891472854
2024-12-06 04:15:00,0.5028571428571429,0.05714285714285714,0.02,0.26666666666666666,0.36046511627906974
2024-12-06 04:30:00,0.6228571428571429,0.17142857142857143,0.14,0.3,0.5038759689922481
2024-12-06 04:45:00,0.2914285714285714,0.09999999999999999,0.1,0.3333333333333333,0.2596899224806202
2024-12-06 05:00:00,0.4971428571428571,0.32857142857142857,0.06,0.31666666666666665,0.4496124031007751
2024-12-06 05:15:00,0.5371428571428571,0.08571428571428572,0.12,0.11666666666666667,0.375968992248062
2024-12-06 05:30:00,0.5885714285714285,0.19999999999999998,0.12,0.15,0.4496124031007751
2024-12-06 05:45:00,0.3485714285714286,0.2857142857142857,0.04,0.26666666666666666,0.32170542635658916
2024-12-06 06:00:00,0.8114285714285714,0.37142857142857144,0.88,0.08333333333333333,0.7790697674418604
2024-12-06 06:15:00,0.7657142857142857,0.3857142857142857,0.58,0.016666666666666666,0.6782945736434108
2024-12-06 06:30:00,0.6514285714285715,0.44285714285714284,0.72,0.08333333333333333,0.6589147286821705
2024-12-06 06:45:00,0.6228571428571429,0.42857142857142855,0.42,0.03333333333333333,0.5658914728682171
2024-12-06 07:00:00,0.5599999999999999,0.3857142857142857,0.42,0.06666666666666667,0.5193798449612402
2024-12-06 07:15:00,0.5714285714285714,0.24285714285714285,0.58,0.06666666666666667,0.5193798449612402
2024-12-06 07:30:00,0.6799999999999999,0.41428571428571426,0.8200000000000001,0.016666666666666666,0.6744186046511628
2024-12-06 07:45:00,0.6457142857142857,0.2714285714285714,0.68,0.016666666666666666,0.5852713178294573
2024-12-06 08:00:00,0.5485714285714286,0.5285714285714286,0.64,0.0,0.5775193798449612
2024-12-06 08:15:00,0.5942857142857143,0.15714285714285714,0.96,0.016666666666666666,0.5736434108527131
2024-12-06 08:30:00,0.7885714285714286,0.17142857142857143,0.46,0.05,0.6201550387596899
2024-12-06 08:45:00,0.7885714285714286,0.5714285714285714,0.6,0.0,0.7441860465116279
2024-12-06 09:00:00,0.7028571428571428,0.22857142857142856,0.68,0.0,0.6085271317829457
2024-12-06 09:15:00,0.051428571428571435,0.35714285714285715,0.28,0.26666666666666666,0.18604651162790695
2024-12-06 09:30:00,0.5371428571428571,0.14285714285714285,0.22,0.25,0.4418604651162791
2024-12-06 09:45:00,0.35428571428571426,0.014285714285714285,0.44,0.23333333333333334,0.32170542635658916
2024-12-06 10:00:00,0.2114285714285714,0.02857142857142857,0.58,0.15,0.2364341085271318
2024-12-06 10:15:00,0.4971428571428571,0.04285714285714286,0.66,0.35,0.49612403100775193
2024-12-06 10:30:00,0.49142857142857144,0.22857142857142856,0.56,0.15,0.4767441860465116
2024-12-06 10:45:00,0.11428571428571428,0.12857142857142856,0.2,0.4666666666666667,0.19767441860465115
2024-12-06 11:00:00,0.18285714285714286,0.07142857142857142,0.24,0.48333333333333334,0.24031007751937986
2024-12-06 11:15:00,0.2857142857142857,0.08571428571428572,0.24,0.48333333333333334,0.313953488372093
2024-12-06 11:30:00,0.25142857142857145,0.11428571428571428,0.16,0.43333333333333335,0.2713178294573644
2024-12-06 11:45:00,0.3657142857142857,0.12857142857142856,0.06,0.3333333333333333,0.31007751937984496
2024-12-06 12:00:00,0.18857142857142856,0.08571428571428572,0.12,0.4,0.2054263565891473
2024-12-06 12:15:00,0.19999999999999998,0.11428571428571428,0.24,0.35,0.23255813953488372
2024-12-06 12:30:00,0.2742857142857143,0.07142857142857142,0.06,0.3333333333333333,0.23255813953488372
2024-12-06 12:45:00,0.09142857142857143,0.11428571428571428,0.08,0.4666666666666667,0.15503875968992248
2024-12-06 13:00:00,0.10857142857142858,0.09999999999999999,0.08,0.3333333333333333,0.1317829457364341
2024-12-06 13:15:00,0.24,0.34285714285714286,0.48,0.15,0.32170542635658916
2024-12-06 13:30:00,0.48571428571428565,0.42857142857142855,0.64,0.13333333333333333,0.5387596899224806
2024-12-06 13:45:00,0.6571428571428571,0.3,0.44,0.23333333333333334,0.6046511627906976
2024-12-06 14:00:00,0.6571428571428571,0.17142857142857143,0.8,0.21666666666666667,0.6356589147286821
2024-12-06 14:15:00,0.3485714285714286,0.19999999999999998,0.42,0.11666666666666667,0.33720930232558133
2024-12-06 14:30:00,0.48,0.34285714285714286,0.24,0.1,0.4263565891472868
2024-12-06 14:45:00,0.42857142857142855,0.24285714285714285,0.32,0.08333333333333333,0.375968992248062
2024-12-06 15:00:00,0.6228571428571429,0.3,0.2,0.15,0.5155038759689922
2024-12-06 15:15:00,0.5085714285714286,0.2857142857142857,0.14,0.16666666666666666,0.4263565891472868
2024-12-06 15:30:00,0.37142857142857144,0.2571428571428571,0.56,0.08333333333333333,0.3875968992248062
2024-12-06 15:45:00,0.2914285714285714,0.24285714285714285,0.3,0.13333333333333333,0.2906976744186046
2024-12-06 16:00:00,0.7771428571428571,0.21428571428571427,0.4,0.1,0.624031007751938
2024-12-06 16:15:00,0.8285714285714285,0.2714285714285714,0.92,0.11666666666666667,0.7790697674418604
2024-12-06 16:30:00,0.6514285714285715,0.5285714285714286,0.44,0.13333333333333333,0.6395348837209301
2024-12-06 16:45:00,0.7942857142857143,0.19999999999999998,0.88,0.08333333333333333,0.7209302325581395
2024-12-06 17:00:00,0.6,0.35714285714285715,0.92,0.1,0.6434108527131782
2024-12-06 17:15:00,0.76,0.21428571428571427,0.62,0.16666666666666666,0.6705426356589147
2024-12-06 17:30:00,0.7714285714285715,0.5,0.8200000000000001,0.08333333333333333,0.7751937984496123
2024-12-06 17:45:00,0.5599999999999999,0.34285714285714286,0.56,0.13333333333333333,0.5503875968992248
2024-12-06 18:00:00,0.7828571428571428,0.3857142857142857,0.6,0.08333333333333333,0.7093023255813953
2024-12-06 18:15:00,0.8228571428571428,0.18571428571428572,0.44,0.15,0.6666666666666666
2024-12-06 18:30:00,0.6914285714285714,0.5714285714285714,0.78,0.13333333333333333,0.7441860465116279
2024-12-06 18:45:00,0.41714285714285715,0.21428571428571427,0.28,0.4666666666666667,0.4418604651162791
2024-12-06 19:00:00,0.5542857142857143,0.21428571428571427,0.22,0.48333333333333334,0.5271317829457364
2024-12-06 19:15:00,0.52,0.3142857142857143,0.4,0.2,0.5
2024-12-06 19:30:00,0.6,0.34285714285714286,0.3,0.23333333333333334,0.5503875968992248
2024-12-06 19:45:00,0.5257142857142857,0.3142857142857143,0.34,0.21666666666666667,0.49612403100775193
2024-12-06 20:00:00,0.2742857142857143,0.2714285714285714,0.22,0.3,0.31007751937984496
2024-12-06 20:15:00,0.44,0.11428571428571428,0.34,0.48333333333333334,0.44573643410852715
2024-12-06 20:30:00,0.49142857142857144,0.34285714285714286,0.36,0.48333333333333334,0.5465116279069767
2024-12-06 20:45:00,0.5542857142857143,0.08571428571428572,0.28,0.5833333333333334,0.5271317829457364
2024-12-06 21:00:00,0.5942857142857143,0.08571428571428572,0.3,0.3,0.49224806201550386
2024-12-06 21:15:00,0.41714285714285715,0.22857142857142856,0.26,0.45,0.437984496124031
2024-12-06 21:30:00,0.3485714285714286,0.17142857142857143,0.32,0.55,0.4108527131782945
2024-12-06 21:45:00,0.5428571428571428,0.24285714285714285,0.3,0.36666666666666664,0.5155038759689922
2024-12-06 22:00:00,0.05714285714285715,0.014285714285714285,0.02,0.4166666666666667,0.08139534883720931
2024-12-06 22:15:00,0.06285714285714286,0.014285714285714285,0.0,0.55,0.1124031007751938
2024-12-06 22:30:00,0.08,0.05714285714285714,0.0,0.43333333333333335,0.10852713178294573
2024-12-06 22:45:00,0.02857142857142857,0.0,0.02,0.5666666666666667,0.09302325581395349
2024-12-06 23:00:00,0.051428571428571435,0.0,0.0,0.4666666666666667,0.08139534883720931
2024-12-06 23:15:00,0.04571428571428572,0.02857142857142857,0.0,0.36666666666666664,0.06201550387596899
2024-12-06 23:30:00,0.07428571428571429,0.07142857142857142,0.02,0.3333333333333333,0.08914728682170542
2024-12-06 23:45:00,0.07428571428571429,0.05714285714285714,0.0,0.3,0.07364341085271317
2024-12-07 00:00:00,0.034285714285714294,0.04285714285714286,0.0,0.43333333333333335,0.07364341085271317
2024-12-07 00:15:00,0.04571428571428572,0.014285714285714285,0.0,0.4,0.06589147286821703
2024-12-07 00:30:00,0.08,0.07142857142857142,0.02,0.25,0.07364341085271317
2024-12-07 00:45:00,0.034285714285714294,0.04285714285714286,0.02,0.4666666666666667,0.08527131782945735
2024-12-07 01:00:00,0.034285714285714294,0.014285714285714285,0.02,0.6666666666666666,0.12403100775193798
2024-12-07 01:15:00,0.07428571428571429,0.05714285714285714,0.02,0.4666666666666667,0.11627906976744184
2024-12-07 01:30:00,0.05714285714285715,0.02857142857142857,0.02,0.26666666666666666,0.05038759689922481
2024-12-07 01:45:00,0.08571428571428572,0.0,0.0,0.45,0.1007751937984496
2024-12-07 02:00:00,0.051428571428571435,0.07142857142857142,0.0,0.2833333333333333,0.05813953488372092
2024-12-07 02:15:00,0.034285714285714294,0.04285714285714286,0.02,0.16666666666666666,0.015503875968992248
2024-12-07 02:30:00,0.07428571428571429,0.07142857142857142,0.0,0.36666666666666664,0.09302325581395349
2024-12-07 02:45:00,0.04000000000000001,0.05714285714285714,0.0,0.26666666666666666,0.042635658914728675
2024-12-07 03:00:00,0.02857142857142857,0.02857142857142857,0.0,0.4,0.05813953488372092
2024-12-07 03:15:00,0.08571428571428572,0.0,0.02,0.6,0.13953488372093023
2024-12-07 03:30:00,0.08571428571428572,0.014285714285714285,0.0,0.48333333333333334,0.1124031007751938
2024-12-07 03:45:00,0.06285714285714286,0.05714285714285714,0.0,0.4,0.08914728682170542
2024-12-07 04:00:00,0.07428571428571429,0.04285714285714286,0.0,0.36666666666666664,0.08527131782945735
2024-12-07 04:15:00,0.4742857142857143,0.15714285714285714,0.2,0.05,0.3527131782945736
2024-12-07 04:30:00,0.6228571428571429,0.07142857142857142,0.18,0.11666666666666667,0.4418604651162791
2024-12-07 04:45:00,0.5599999999999999,0.04285714285714286,0.18,0.2833333333333333,0.43023255813953487
2024-12-07 05:00:00,0.4342857142857143,0.22857142857142856,0.14,0.23333333333333334,0.375968992248062
2024-12-07 05:15:00,0.5085714285714286,0.014285714285714285,0.18,0.05,0.33333333333333337
2024-12-07 05:30:00,0.2914285714285714,0.15714285714285714,0.18,0.25,0.2713178294573644
2024-12-07 05:45:00,0.42857142857142855,0.22857142857142856,0.1,0.16666666666666666,0.34883720930232553
2024-12-07 06:00:00,0.76,0.5,0.9400000000000001,0.06666666666666667,0.7868217054263565
2024-12-07 06:15:00,0.6742857142857143,0.3857142857142857,0.44,0.06666666666666667,0.6007751937984496
2024-12-07 06:30:00,0.6228571428571429,0.42857142857142855,0.72,0.03333333333333333,0.624031007751938
2024-12-07 06:45:00,0.6685714285714286,0.42857142857142855,0.74,0.03333333333333333,0.6589147286821705
2024-12-07 07:00:00,0.8171428571428572,0.14285714285714285,0.56,0.03333333333333333,0.6472868217054263
2024-12-07 07:15:00,0.6971428571428572,0.5428571428571428,0.96,0.0,0.7441860465116279
2024-12-07 07:30:00,0.6171428571428571,0.45714285714285713,0.88,0.016666666666666666,0.6550387596899224
2024-12-07 07:45:00,0.72,0.37142857142857144,0.8,0.016666666666666666,0.686046511627907
2024-12-07 08:00:00,0.5885714285714285,0.3857142857142857,0.88,0.08333333333333333,0.631782945736434
2024-12-07 08:15:00,0.5942857142857143,0.2714285714285714,0.98,0.05,0.6162790697674418
2024-12-07 08:30:00,0.6857142857142857,0.21428571428571427,0.56,0.05,0.5813953488372092
2024-12-07 08:45:00,0.7657142857142857,0.42857142857142855,0.7000000000000001,0.06666666666666667,0.7248062015503876
2024-12-07 09:00:00,0.5599999999999999,0.5,1.0,0.03333333333333333,0.6550387596899224
2024-12-07 09:15:00,0.33714285714285713,0.18571428571428572,0.8,0.2,0.41860465116279066
2024-12-07 09:30:00,0.4228571428571428,0.014285714285714285,0.2,0.5,0.38372093023255816
2024-12-07 09:45:00,0.2571428571428571,0.02857142857142857,0.14,0.23333333333333334,0.20155038759689922
2024-12-07 10:00:00,0.4514285714285714,0.2571428571428571,0.36,0.4666666666666667,0.49224806201550386
2024-12-07 10:15:00,0.5371428571428571,0.22857142857142856,0.78,0.43333333333333335,0.6162790697674418
2024-12-07 10:30:00,0.2114285714285714,0.04285714285714286,0.54,0.3,0.2674418604651163
2024-12-07 10:45:00,0.2742857142857143,0.02857142857142857,0.58,0.4,0.33720930232558133
2024-12-07 11:00:00,0.3314285714285714,0.14285714285714285,0.16,0.4666666666666667,0.3410852713178294
2024-12-07 11:15:00,0.10857142857142858,0.11428571428571428,0.06,0.3333333333333333,0.1317829457364341
2024-12-07 11:30:00,0.23428571428571426,0.11428571428571428,0.12,0.43333333333333335,0.25193798449612403
2024-12-07 11:45:00,0.08571428571428572,0.09999999999999999,0.16,0.43333333333333335,0.15503875968992248
2024-12-07 12:00:00,0.2057142857142857,0.11428571428571428,0.14,0.45,0.24031007751937986
2024-12-07 12:15:00,0.22285714285714286,0.07142857142857142,0.06,0.4666666666666667,0.22868217054263565
2024-12-07 12:30:00,0.16,0.08571428571428572,0.28,0.4666666666666667,0.23255813953488372
2024-12-07 12:45:00,0.14285714285714285,0.12857142857142856,0.14,0.4166666666666667,0.19379844961240308
2024-12-07 13:00:00,0.36,0.09999999999999999,0.1,0.4166666666666667,0.32558139534883723
2024-12-07 13:15:00,0.13142857142857142,0.41428571428571426,0.52,0.08333333333333333,0.2596899224806202
2024-12-07 13:30:00,0.52,0.2857142857142857,0.28,0.3,0.49224806201550386
2024-12-07 13:45:00,0.10857142857142858,0.21428571428571427,0.52,0.21666666666666667,0.2209302325581395
2024-12-07 14:00:00,0.37142857142857144,0.3,0.64,0.3,0.4651162790697674
2024-12-07 14:15:00,0.25142857142857145,0.3,0.22,0.3333333333333333,0.31007751937984496
2024-12-07 14:30:00,0.26285714285714284,0.3142857142857143,0.24,0.26666666666666666,0.31007751937984496
2024-12-07 14:45:00,0.4514285714285714,0.17142857142857143,0.3,0.25,0.40697674418604646
2024-12-07 15:00:00,0.5371428571428571,0.2571428571428571,0.14,0.3333333333333333,0.4767441860465116
2024-12-07 15:15:00,0.5771428571428572,0.14285714285714285,0.18,0.13333333333333333,0.43410852713178294
2024-12-07 15:30:00,0.005714285714285717,0.15714285714285714,0.68,0.3333333333333333,0.19379844961240308
2024-12-07 15:45:00,0.30857142857142855,0.41428571428571426,0.3,0.26666666666666666,0.3798449612403101
2024-12-07 16:00:00,0.7657142857142857,0.35714285714285715,0.8200000000000001,0.08333333333333333,0.7325581395348837
2024-12-07 16:15:00,0.5942857142857143,0.17142857142857143,0.98,0.1,0.6007751937984496
2024-12-07 16:30:00,0.6799999999999999,0.34285714285714286,0.9400000000000001,0.15,0.7093023255813953
2024-12-07 16:45:00,0.7428571428571429,0.41428571428571426,0.78,0.11666666666666667,0.7325581395348837
2024-12-07 17:00:00,0.7542857142857142,0.21428571428571427,0.74,0.11666666666666667,0.6782945736434108
2024-12-07 17:15:00,0.6514285714285715,0.39999999999999997,0.92,0.15,0.7015503875968991
2024-12-07 17:30:00,0.6971428571428572,0.3,0.56,0.08333333333333333,0.6201550387596899
2024-12-07 17:45:00,0.5942857142857143,0.5285714285714286,0.88,0.15,0.689922480620155
2024-12-07 18:00:00,0.8,0.3857142857142857,0.7000000000000001,0.11666666666666667,0.748062015503876
2024-12-07 18:15:00,0.7314285714285714,0.5142857142857142,0.56,0.1,0.7054263565891472
2024-12-07 18:30:00,0.76,0.2714285714285714,0.72,0.08333333333333333,0.686046511627907
2024-12-07 18:45:00,0.38857142857142857,0.07142857142857142,0.4,0.16666666666666666,0.33720930232558133
2024-12-07 19:00:00,0.44571428571428573,0.15714285714285714,0.28,0.55,0.4651162790697674
2024-12-07 19:15:00,0.48,0.11428571428571428,0.2,0.31666666666666665,0.40697674418604646
2024-12-07 19:30:00,0.5371428571428571,0.2714285714285714,0.36,0.4,0.5387596899224806
2024-12-07 19:45:00,0.27999999999999997,0.24285714285714285,0.28,0.13333333333333333,0.2790697674418604
2024-12-07 20:00:00,0.3028571428571428,0.2571428571428571,0.28,0.1,0.2906976744186046
2024-12-07 20:15:00,0.2914285714285714,0.22857142857142856,0.24,0.15,0.2790697674418604
2024-12-07 20:30:00,0.4114285714285714,0.08571428571428572,0.4,0.08333333333333333,0.33720930232558133
2024-12-07 20:45:00,0.45714285714285713,0.08571428571428572,0.36,0.2833333333333333,0.40697674418604646
2024-12-07 21:00:00,0.5714285714285714,0.19999999999999998,0.26,0.5333333333333333,0.5542635658914729
2024-12-07 21:15:00,0.52,0.3,0.22,0.4,0.507751937984496
2024-12-07 21:30:00,0.3485714285714286,0.3142857142857143,0.34,0.26666666666666666,0.3875968992248062
2024-12-07 21:45:00,0.4742857142857143,0.21428571428571427,0.38,0.23333333333333334,0.44573643410852715
2024-12-07 22:00:00,0.06285714285714286,0.014285714285714285,0.02,0.4,0.08139534883720931
2024-12-07 22:15:00,0.04571428571428572,0.014285714285714285,0.0,0.18333333333333332,0.015503875968992248
2024-12-07 22:30:00,0.04571428571428572,0.07142857142857142,0.02,0.3833333333333333,0.08139534883720931
2024-12-07 22:45:00,0.08,0.07142857142857142,0.0,0.6166666666666667,0.15503875968992248
2024-12-07 23:00:00,0.08,0.014285714285714285,0.0,0.5166666666666666,0.11627906976744184
2024-12-07 23:15:00,0.034285714285714294,0.07142857142857142,0.0,0.31666666666666665,0.054263565891472854
2024-12-07 23:30:00,0.07428571428571429,0.04285714285714286,0.0,0.5333333333333333,0.12403100775193798
2024-12-07 23:45:00,0.06857142857142857,0.014285714285714285,0.02,0.6333333333333333,0.13953488372093023
2024-12-08 00:00:00,0.06857142857142857,0.04285714285714286,0.0,0.3333333333333333,0.07364341085271317
2024-12-08 00:15:00,0.07428571428571429,0.05714285714285714,0.02,0.31666666666666665,0.08139534883720931
2024-12-08 00:30:00,0.08,0.04285714285714286,0.0,0.4,0.09689922480620153
2024-12-08 00:45:00,0.06285714285714286,0.04285714285714286,0.0,0.25,0.05038759689922481
2024-12-08 01:00:00,0.04000000000000001,0.07142857142857142,0.02,0.35,0.0697674418604651
2024-12-08 01:15:00,0.06857142857142857,0.04285714285714286,0.0,0.6,0.13565891472868216
2024-12-08 01:30:00,0.08,0.05714285714285714,0.02,0.35,0.09302325581395349
2024-12-08 01:45:00,0.04571428571428572,0.07142857142857142,0.0,0.3333333333333333,0.06589147286821703
2024-12-08 02:00:00,0.051428571428571435,0.0,0.02,0.6166666666666667,0.12015503875968991
2024-12-08 02:15:00,0.051428571428571435,0.07142857142857142,0.0,0.65,0.1434108527131783
2024-12-08 02:30:00,0.04571428571428572,0.014285714285714285,0.0,0.31666666666666665,0.046511627906976744
2024-12-08 02:45:00,0.07428571428571429,0.07142857142857142,0.02,0.4166666666666667,0.10852713178294573
2024-12-08 03:00:00,0.05714285714285715,0.014285714285714285,0.02,0.25,0.042635658914728675
2024-12-08 03:15:00,0.08,0.02857142857142857,0.0,0.5,0.11627906976744184
2024-12-08 03:30:00,0.07428571428571429,0.02857142857142857,0.02,0.45,0.10465116279069767
2024-12-08 03:45:00,0.04571428571428572,0.014285714285714285,0.0,0.6333333333333333,0.12015503875968991
2024-12-08 04:00:00,0.08,0.02857142857142857,0.0,0.5333333333333333,0.12403100775193798
2024-12-08 04:15:00,0.6342857142857142,0.0,0.02,0.15,0.40697674418604646
2024-12-08 04:30:00,0.3142857142857143,0.17142857142857143,0.16,0.25,0.28682170542635654
2024-12-08 04:45:00,0.44,0.21428571428571427,0.0,0.31666666666666665,0.3682170542635659
2024-12-08 05:00:00,0.35428571428571426,0.32857142857142857,0.14,0.05,0.3062015503875969
2024-12-08 05:15:00,0.30857142857142855,0.3857142857142857,0.2,0.3,0.36046511627906974
2024-12-08 05:30:00,0.3485714285714286,0.08571428571428572,0.18,0.08333333333333333,0.25193798449612403
2024-12-08 05:45:00,0.6571428571428571,0.14285714285714285,0.06,0.26666666666666666,0.49612403100775193
2024-12-08 06:00:00,0.6628571428571428,0.3142857142857143,0.6,0.0,0.5891472868217054
2024-12-08 06:15:00,0.7142857142857143,0.3857142857142857,0.78,0.08333333333333333,0.6976744186046511
2024-12-08 06:30:00,0.7657142857142857,0.44285714285714284,0.88,0.05,0.7596899224806201
2024-12-08 06:45:00,0.7085714285714285,0.19999999999999998,0.86,0.08333333333333333,0.6589147286821705
2024-12-08 07:00:00,0.72,0.39999999999999997,0.86,0.08333333333333333,0.7209302325581395
2024-12-08 07:15:00,0.6514285714285715,0.5571428571428572,0.48,0.016666666666666666,0.627906976744186
2024-12-08 07:30:00,0.7828571428571428,0.35714285714285715,0.68,0.08333333333333333,0.7170542635658914
2024-12-08 07:45:00,0.6742857142857143,0.3142857142857143,0.44,0.05,0.5775193798449612
2024-12-08 08:00:00,0.5771428571428572,0.2714285714285714,0.76,0.06666666666666667,0.5658914728682171
2024-12-08 08:15:00,0.6285714285714286,0.5571428571428572,0.4,0.03333333333333333,0.6007751937984496
2024-12-08 08:30:00,0.6057142857142856,0.24285714285714285,0.64,0.016666666666666666,0.5426356589147286
2024-12-08 08:45:00,0.7942857142857143,0.37142857142857144,1.0,0.05,0.7829457364341085
2024-12-08 09:00:00,0.6914285714285714,0.44285714285714284,0.96,0.03333333333333333,0.7209302325581395
2024-12-08 09:15:00,0.38857142857142857,0.3142857142857143,0.42,0.48333333333333334,0.48062015503875966
2024-12-08 09:30:00,0.13142857142857142,0.09999999999999999,0.5,0.3,0.2209302325581395
2024-12-08 09:45:00,0.14857142857142855,0.14285714285714285,0.8,0.15,0.2674418604651163
2024-12-08 10:00:00,0.26285714285714284,0.19999999999999998,0.66,0.23333333333333334,0.3527131782945736
2024-12-08 10:15:00,0.09714285714285716,0.09999999999999999,0.78,0.3833333333333333,0.2713178294573644
2024-12-08 10:30:00,0.23428571428571426,0.07142857142857142,0.22,0.35,0.24031007751937986
2024-12-08 10:45:00,0.38285714285714284,0.3142857142857143,0.42,0.45,0.46899224806201545
2024-12-08 11:00:00,0.37142857142857144,0.07142857142857142,0.1,0.48333333333333334,0.3410852713178294
2024-12-08 11:15:00,0.13142857142857142,0.12857142857142856,0.18,0.4,0.18992248062015502
2024-12-08 11:30:00,0.22285714285714286,0.07142857142857142,0.22,0.3833333333333333,0.24031007751937986
2024-12-08 11:45:00,0.1257142857142857,0.08571428571428572,0.26,0.5,0.21317829457364337
2024-12-08 12:00:00,0.08571428571428572,0.08571428571428572,0.12,0.3833333333333333,0.1317829457364341
2024-12-08 12:15:00,0.13714285714285712,0.09999999999999999,0.06,0.4666666666666667,0.17829457364341086
2024-12-08 12:30:00,0.08571428571428572,0.08571428571428572,0.1,0.45,0.1434108527131783
2024-12-08 12:45:00,0.34285714285714286,0.12857142857142856,0.3,0.36666666666666664,0.34883720930232553
2024-12-08 13:00:00,0.17714285714285713,0.07142857142857142,0.12,0.3333333333333333,0.17829457364341086
2024-12-08 13:15:00,0.5371428571428571,0.3,0.42,0.1,0.4883720930232558
2024-12-08 13:30:00,0.5485714285714286,0.3,0.68,0.3,0.5930232558139534
2024-12-08 13:45:00,0.5314285714285715,0.41428571428571426,0.68,0.2,0.5891472868217054
2024-12-08 14:00:00,0.6171428571428571,0.2857142857142857,0.14,0.21666666666666667,0.5116279069767441
2024-12-08 14:15:00,0.39999999999999997,0.34285714285714286,0.54,0.11666666666666667,0.43410852713178294
2024-12-08 14:30:00,0.3771428571428571,0.3,0.76,0.18333333333333332,0.4651162790697674
2024-12-08 14:45:00,0.6514285714285715,0.18571428571428572,0.64,0.11666666666666667,0.5813953488372092
2024-12-08 15:00:00,0.6228571428571429,0.15714285714285714,0.78,0.21666666666666667,0.6046511627906976
2024-12-08 15:15:00,0.5371428571428571,0.37142857142857144,0.16,0.18333333333333332,0.4767441860465116
2024-12-08 15:30:00,0.19428571428571428,0.17142857142857143,0.42,0.15,0.23255813953488372
2024-12-08 15:45:00,0.6228571428571429,0.37142857142857144,0.32,0.3333333333333333,0.6007751937984496
2024-12-08 16:00:00,0.6571428571428571,0.45714285714285713,0.78,0.15,0.6937984496124031
2024-12-08 16:15:00,0.7885714285714286,0.34285714285714286,0.7000000000000001,0.1,0.7248062015503876
2024-12-08 16:30:00,0.6628571428571428,0.39999999999999997,0.42,0.08333333333333333,0.5968992248062015
2024-12-08 16:45:00,0.7371428571428571,0.32857142857142857,0.56,0.16666666666666666,0.6744186046511628
2024-12-08 17:00:00,0.5599999999999999,0.18571428571428572,0.74,0.16666666666666666,0.5503875968992248
2024-12-08 17:15:00,0.6685714285714286,0.17142857142857143,0.96,0.16666666666666666,0.6627906976744186
2024-12-08 17:30:00,0.8,0.5571428571428572,0.46,0.1,0.7441860465116279
2024-12-08 17:45:00,0.5714285714285714,0.18571428571428572,0.96,0.16666666666666666,0.6007751937984496
2024-12-08 18:00:00,0.7942857142857143,0.18571428571428572,0.8,0.16666666666666666,0.7209302325581395
2024-12-08 18:15:00,0.5599999999999999,0.2571428571428571,0.8,0.08333333333333333,0.562015503875969
2024-12-08 18:30:00,0.6571428571428571,0.21428571428571427,0.68,0.13333333333333333,0.6046511627906976
2024-12-08 18:45:00,0.2914285714285714,0.2714285714285714,0.32,0.21666666666666667,0.32170542635658916
2024-12-08 19:00:00,0.2914285714285714,0.07142857142857142,0.34,0.23333333333333334,0.27519379844961234
2024-12-08 19:15:00,0.5885714285714285,0.21428571428571427,0.26,0.08333333333333333,0.4651162790697674
2024-12-08 19:30:00,0.3028571428571428,0.32857142857142857,0.28,0.5666666666666667,0.41860465116279066
2024-12-08 19:45:00,0.3028571428571428,0.18571428571428572,0.22,0.55,0.3643410852713178
2024-12-08 20:00:00,0.4057142857142857,0.34285714285714286,0.28,0.25,0.41860465116279066
2024-12-08 20:15:00,0.3657142857142857,0.11428571428571428,0.26,0.4666666666666667,0.375968992248062
2024-12-08 20:30:00,0.27999999999999997,0.12857142857142856,0.24,0.16666666666666666,0.24806201550387594
2024-12-08 20:45:00,0.48,0.09999999999999999,0.2,0.16666666666666666,0.3682170542635659
2024-12-08 21:00:00,0.6,0.2571428571428571,0.36,0.16666666666666666,0.5232558139534883
2024-12-08 21:15:00,0.46285714285714286,0.17142857142857143,0.34,0.3,0.43410852713178294
2024-12-08 21:30:00,0.44,0.09999999999999999,0.32,0.15,0.36046511627906974
2024-12-08 21:45:00,0.5542857142857143,0.07142857142857142,0.38,0.18333333333333332,0.4496124031007751
2024-12-08 22:00:00,0.06285714285714286,0.07142857142857142,0.0,0.35,0.08139534883720931
2024-12-08 22:15:00,0.034285714285714294,0.04285714285714286,0.02,0.65,0.12790697674418602
2024-12-08 22:30:00,0.07428571428571429,0.07142857142857142,0.0,0.18333333333333332,0.05038759689922481
2024-12-08 22:45:00,0.04000000000000001,0.0,0.02,0.5333333333333333,0.09302325581395349
2024-12-08 23:00:00,0.05714285714285715,0.05714285714285714,0.02,0.65,0.14728682170542634
2024-12-08 23:15:00,0.05714285714285715,0.05714285714285714,0.0,0.43333333333333335,0.09302325581395349
2024-12-08 23:30:00,0.04571428571428572,0.014285714285714285,0.0,0.5,0.08914728682170542
2024-12-08 23:45:00,0.04000000000000001,0.04285714285714286,0.0,0.4666666666666667,0.08527131782945735
2024-12-09 00:00:00,0.06857142857142857,0.02857142857142857,0.02,0.3333333333333333,0.07364341085271317
2024-12-09 00:15:00,0.051428571428571435,0.07142857142857142,0.02,0.55,0.12403100775193798
2024-12-09 00:30:00,0.06285714285714286,0.04285714285714286,0.02,0.18333333333333332,0.038759689922480606
2024-12-09 00:45:00,0.07428571428571429,0.02857142857142857,0.02,0.21666666666666667,0.05038759689922481
2024-12-09 01:00:00,0.04000000000000001,0.02857142857142857,0.02,0.2833333333333333,0.042635658914728675
2024-12-09 01:15:00,0.06857142857142857,0.05714285714285714,0.02,0.25,0.06201550387596899
2024-12-09 01:30:00,0.07428571428571429,0.014285714285714285,0.02,0.4166666666666667,0.09302325581395349
2024-12-09 01:45:00,0.08571428571428572,0.014285714285714285,0.02,0.16666666666666666,0.042635658914728675
2024-12-09 02:00:00,0.05714285714285715,0.014285714285714285,0.0,0.35,0.06201550387596899
2024-12-09 02:15:00,0.034285714285714294,0.04285714285714286,0.02,0.5666666666666667,0.10852713178294573
2024-12-09 02:30:00,0.08,0.0,0.02,0.21666666666666667,0.046511627906976744
2024-12-09 02:45:00,0.02857142857142857,0.04285714285714286,0.0,0.23333333333333334,0.023255813953488358
2024-12-09 03:00:00,0.06857142857142857,0.07142857142857142,0.02,0.2833333333333333,0.07364341085271317
2024-12-09 03:15:00,0.06285714285714286,0.014285714285714285,0.0,0.18333333333333332,0.027131782945736427
2024-12-09 03:30:00,0.034285714285714294,0.0,0.02,0.55,0.09302325581395349
2024-12-09 03:45:00,0.02857142857142857,0.07142857142857142,0.0,0.65,0.12790697674418602
2024-12-09 04:00:00,0.04000000000000001,0.04285714285714286,0.0,0.5333333333333333,0.1007751937984496
2024-12-09 04:15:00,0.5771428571428572,0.22857142857142856,0.2,0.16666666666666666,0.46899224806201545
2024-12-09 04:30:00,0.3657142857142857,0.2571428571428571,0.0,0.2,0.3023255813953488
2024-12-09 04:45:00,0.5599999999999999,0.37142857142857144,0.12,0.2,0.4883720930232558
2024-12-09 05:00:00,0.5371428571428571,0.35714285714285715,0.12,0.1,0.44573643410852715
2024-12-09 05:15:00,0.45714285714285713,0.12857142857142856,0.08,0.18333333333333332,0.3410852713178294
2024-12-09 05:30:00,0.5942857142857143,0.0,0.06,0.13333333333333333,0.38372093023255816
2024-12-09 05:45:00,0.5771428571428572,0.3857142857142857,0.02,0.1,0.4612403100775193
2024-12-09 06:00:00,0.7314285714285714,0.39999999999999997,0.62,0.05,0.6744186046511628
2024-12-09 06:15:00,0.5885714285714285,0.5571428571428572,0.68,0.08333333333333333,0.6395348837209301
2024-12-09 06:30:00,0.5485714285714286,0.17142857142857143,0.96,0.016666666666666666,0.5465116279069767
2024-12-09 06:45:00,0.8,0.15714285714285714,0.58,0.016666666666666666,0.6395348837209301
2024-12-09 07:00:00,0.6114285714285714,0.4714285714285714,0.58,0.05,0.6046511627906976
2024-12-09 07:15:00,0.6057142857142856,0.2571428571428571,0.64,0.06666666666666667,0.5581395348837209
2024-12-09 07:30:00,0.7314285714285714,0.5571428571428572,0.88,0.03333333333333333,0.7635658914728681
2024-12-09 07:45:00,0.6285714285714286,0.4857142857142857,0.74,0.08333333333333333,0.6589147286821705
2024-12-09 08:00:00,0.7428571428571429,0.5,0.76,0.05,0.7364341085271318
2024-12-09 08:15:00,0.7828571428571428,0.5714285714285714,0.56,0.05,0.7441860465116279
2024-12-09 08:30:00,0.6799999999999999,0.15714285714285714,0.54,0.03333333333333333,0.5542635658914729
2024-12-09 08:45:00,0.6685714285714286,0.41428571428571426,0.62,0.08333333333333333,0.6434108527131782
2024-12-09 09:00:00,0.5485714285714286,0.2714285714285714,0.46,0.08333333333333333,0.49224806201550386
2024-12-09 09:15:00,0.38285714285714284,0.07142857142857142,0.3,0.3333333333333333,0.3527131782945736
2024-12-09 09:30:00,0.5428571428571428,0.18571428571428572,0.46,0.15,0.48062015503875966
2024-12-09 09:45:00,0.15428571428571428,0.14285714285714285,0.66,0.13333333333333333,0.24031007751937986
2024-12-09 10:00:00,0.2114285714285714,0.35714285714285715,0.74,0.2,0.3682170542635659
2024-12-09 10:15:00,0.4342857142857143,0.35714285714285715,0.8,0.3333333333333333,0.562015503875969
2024-12-09 10:30:00,0.2914285714285714,0.2571428571428571,0.18,0.3833333333333333,0.3294573643410853
2024-12-09 10:45:00,0.4514285714285714,0.12857142857142856,0.62,0.2833333333333333,0.4651162790697674
2024-12-09 11:00:00,0.17714285714285713,0.12857142857142856,0.16,0.4666666666666667,0.23255813953488372
2024-12-09 11:15:00,0.15428571428571428,0.07142857142857142,0.22,0.45,0.20930232558139536
2024-12-09 11:30:00,0.12000000000000001,0.09999999999999999,0.3,0.45,0.20930232558139536
2024-12-09 11:45:00,0.1657142857142857,0.07142857142857142,0.1,0.36666666666666664,0.1744186046511628
2024-12-09 12:00:00,0.3485714285714286,0.12857142857142856,0.12,0.5,0.34883720930232553
2024-12-09 12:15:00,0.3657142857142857,0.14285714285714285,0.08,0.4,0.33333333333333337
2024-12-09 12:30:00,0.22285714285714286,0.09999999999999999,0.18,0.3333333333333333,0.22868217054263565
2024-12-09 12:45:00,0.3028571428571428,0.14285714285714285,0.1,0.45,0.3062015503875969
2024-12-09 13:00:00,0.1257142857142857,0.08571428571428572,0.28,0.5,0.21705426356589144
2024-12-09 13:15:00,0.08,0.3,0.5,0.25,0.22868217054263565
2024-12-09 13:30:00,0.19428571428571428,0.21428571428571427,0.6,0.13333333333333333,0.27519379844961234
2024-12-09 13:45:00,0.5942857142857143,0.3,0.2,0.2,0.507751937984496
2024-12-09 14:00:00,0.5028571428571429,0.14285714285714285,0.18,0.25,0.4108527131782945
2024-12-09 14:15:00,0.38857142857142857,0.22857142857142856,0.24,0.18333333333333332,0.3527131782945736
2024-12-09 14:30:00,0.6057142857142856,0.2571428571428571,0.58,0.26666666666666666,0.5930232558139534
2024-12-09 14:45:00,0.18285714285714286,0.2857142857142857,0.2,0.31666666666666665,0.25193798449612403
2024-12-09 15:00:00,0.3942857142857143,0.32857142857142857,0.26,0.3333333333333333,0.42248062015503873
2024-12-09 15:15:00,0.15428571428571428,0.39999999999999997,0.7000000000000001,0.1,0.31007751937984496
2024-12-09 15:30:00,0.1657142857142857,0.32857142857142857,0.38,0.2833333333333333,0.2790697674418604
2024-12-09 15:45:00,0.30857142857142855,0.35714285714285715,0.18,0.3333333333333333,0.3565891472868217
2024-12-09 16:00:00,0.8,0.17142857142857143,0.48,0.13333333333333333,0.6511627906976744
2024-12-09 16:15:00,0.6457142857142857,0.24285714285714285,0.56,0.13333333333333333,0.5813953488372092
2024-12-09 16:30:00,0.8,0.2857142857142857,0.9400000000000001,0.13333333333333333,0.7713178294573643
2024-12-09 16:45:00,0.7714285714285715,0.35714285714285715,0.92,0.16666666666666666,0.7751937984496123
2024-12-09 17:00:00,0.6571428571428571,0.5,0.86,0.11666666666666667,0.7131782945736433
2024-12-09 17:15:00,0.6914285714285714,0.34285714285714286,0.62,0.11666666666666667,0.6472868217054263
2024-12-09 17:30:00,0.5771428571428572,0.3142857142857143,0.86,0.08333333333333333,0.6007751937984496
2024-12-09 17:45:00,0.7542857142857142,0.5714285714285714,0.56,0.15,0.748062015503876
2024-12-09 18:00:00,0.5885714285714285,0.5714285714285714,0.5,0.1,0.6124031007751938
2024-12-09 18:15:00,0.7428571428571429,0.21428571428571427,1.0,0.1,0.7170542635658914
2024-12-09 18:30:00,0.6628571428571428,0.3,0.98,0.13333333333333333,0.689922480620155
2024-12-09 18:45:00,0.30857142857142855,0.08571428571428572,0.4,0.1,0.2713178294573644
2024-12-09 19:00:00,0.30857142857142855,0.18571428571428572,0.36,0.45,0.37209302325581395
2024-12-09 19:15:00,0.5599999999999999,0.09999999999999999,0.3,0.25,0.4612403100775193
2024-12-09 19:30:00,0.2914285714285714,0.19999999999999998,0.28,0.5166666666666666,0.3643410852713178
2024-12-09 19:45:00,0.5771428571428572,0.32857142857142857,0.24,0.15,0.5
2024-12-09 20:00:00,0.5942857142857143,0.07142857142857142,0.32,0.2833333333333333,0.4883720930232558
2024-12-09 20:15:00,0.6,0.07142857142857142,0.4,0.18333333333333332,0.4844961240310077
2024-12-09 20:30:00,0.46285714285714286,0.21428571428571427,0.3,0.3833333333333333,0.45736434108527124
2024-12-09 20:45:00,0.49142857142857144,0.2571428571428571,0.38,0.43333333333333335,0.5155038759689922
2024-12-09 21:00:00,0.5371428571428571,0.2714285714285714,0.3,0.4666666666666667,0.5426356589147286
2024-12-09 21:15:00,0.5028571428571429,0.19999999999999998,0.4,0.2833333333333333,0.4767441860465116
2024-12-09 21:30:00,0.48,0.35714285714285715,0.26,0.3833333333333333,0.5
2024-12-09 21:45:00,0.5828571428571429,0.21428571428571427,0.24,0.4,0.5310077519379844
2024-12-09 22:00:00,0.06285714285714286,0.07142857142857142,0.0,0.23333333333333334,0.054263565891472854
2024-12-09 22:15:00,0.051428571428571435,0.07142857142857142,0.02,0.3333333333333333,0.07364341085271317
2024-12-09 22:30:00,0.07428571428571429,0.04285714285714286,0.0,0.4,0.09302325581395349
2024-12-09 22:45:00,0.04000000000000001,0.04285714285714286,0.0,0.6666666666666666,0.1317829457364341
2024-12-09 23:00:00,0.051428571428571435,0.05714285714285714,0.02,0.45,0.09689922480620153
2024-12-09 23:15:00,0.07428571428571429,0.07142857142857142,0.02,0.25,0.0697674418604651
2024-12-09 23:30:00,0.02857142857142857,0.05714285714285714,0.02,0.3833333333333333,0.06589147286821703
2024-12-09 23:45:00,0.02857142857142857,0.07142857142857142,0.0,0.23333333333333334,0.031007751937984496
2024-12-10 00:00:00,0.051428571428571435,0.04285714285714286,0.0,0.4666666666666667,0.09302325581395349
2024-12-10 00:15:00,0.02857142857142857,0.02857142857142857,0.0,0.6333333333333333,0.1124031007751938
2024-12-10 00:30:00,0.08,0.0,0.0,0.5333333333333333,0.11627906976744184
2024-12-10 00:45:00,0.08571428571428572,0.04285714285714286,0.0,0.31666666666666665,0.08139534883720931
2024-12-10 01:00:00,0.07428571428571429,0.04285714285714286,0.0,0.23333333333333334,0.054263565891472854
2024-12-10 01:15:00,0.034285714285714294,0.02857142857142857,0.0,0.2,0.015503875968992248
2024-12-10 01:30:00,0.06857142857142857,0.014285714285714285,0.02,0.21666666666666667,0.042635658914728675
2024-12-10 01:45:00,0.02857142857142857,0.0,0.02,0.6,0.1007751937984496
2024-12-10 02:00:00,0.06857142857142857,0.0,0.0,0.5333333333333333,0.10852713178294573
2024-12-10 02:15:00,0.08571428571428572,0.07142857142857142,0.02,0.36666666666666664,0.10465116279069767
2024-12-10 02:30:00,0.04000000000000001,0.04285714285714286,0.0,0.2833333333333333,0.042635658914728675
2024-12-10 02:45:00,0.04571428571428572,0.0,0.0,0.5166666666666666,0.08914728682170542
2024-12-10 03:00:00,0.034285714285714294,0.014285714285714285,0.02,0.5833333333333334,0.10465116279069767
2024-12-10 03:15:00,0.07428571428571429,0.02857142857142857,0.0,0.31666666666666665,0.0697674418604651
2024-12-10 03:30:00,0.05714285714285715,0.0,0.02,0.4,0.07364341085271317
2024-12-10 03:45:00,0.051428571428571435,0.04285714285714286,0.0,0.4166666666666667,0.08139534883720931
2024-12-10 04:00:00,0.04000000000000001,0.0,0.02,0.26666666666666666,0.031007751937984496
2024-12-10 04:15:00,0.45714285714285713,0.34285714285714286,0.1,0.08333333333333333,0.3798449612403101
2024-12-10 04:30:00,0.3771428571428571,0.3142857142857143,0.1,0.03333333333333333,0.3062015503875969
2024-12-10 04:45:00,0.5885714285714285,0.05714285714285714,0.1,0.05,0.38372093023255816
2024-12-10 05:00:00,0.3314285714285714,0.41428571428571426,0.1,0.25,0.3527131782945736
2024-12-10 05:15:00,0.3257142857142857,0.17142857142857143,0.06,0.3,0.28682170542635654
2024-12-10 05:30:00,0.6457142857142857,0.21428571428571427,0.06,0.18333333333333332,0.4883720930232558
2024-12-10 05:45:00,0.48571428571428565,0.3,0.04,0.23333333333333334,0.4108527131782945
2024-12-10 06:00:00,0.7771428571428571,0.42857142857142855,0.62,0.016666666666666666,0.7054263565891472
2024-12-10 06:15:00,0.6914285714285714,0.44285714285714284,0.66,0.03333333333333333,0.6627906976744186
2024-12-10 06:30:00,0.6114285714285714,0.37142857142857144,0.6,0.06666666666666667,0.5852713178294573
2024-12-10 06:45:00,0.6114285714285714,0.17142857142857143,0.76,0.06666666666666667,0.562015503875969
2024-12-10 07:00:00,0.7942857142857143,0.19999999999999998,0.66,0.06666666666666667,0.6744186046511628
2024-12-10 07:15:00,0.6971428571428572,0.18571428571428572,0.72,0.016666666666666666,0.6046511627906976
2024-12-10 07:30:00,0.8057142857142857,0.14285714285714285,0.88,0.08333333333333333,0.7131782945736433
2024-12-10 07:45:00,0.8057142857142857,0.3142857142857143,0.52,0.06666666666666667,0.686046511627907
2024-12-10 08:00:00,0.5485714285714286,0.14285714285714285,0.96,0.08333333333333333,0.5542635658914729
2024-12-10 08:15:00,0.5657142857142857,0.2714285714285714,0.48,0.06666666666666667,0.5038759689922481
2024-12-10 08:30:00,0.8285714285714285,0.2857142857142857,0.86,0.0,0.7441860465116279
2024-12-10 08:45:00,0.6,0.5,0.9,0.03333333333333333,0.6627906976744186
2024-12-10 09:00:00,0.7657142857142857,0.21428571428571427,0.56,0.03333333333333333,0.631782945736434
2024-12-10 09:15:00,0.5371428571428571,0.24285714285714285,0.64,0.11666666666666667,0.5193798449612402
2024-12-10 09:30:00,0.09714285714285716,0.21428571428571427,0.14,0.31666666666666665,0.1627906976744186
2024-12-10 09:45:00,0.034285714285714294,0.17142857142857143,0.42,0.4,0.18217054263565893
2024-12-10 10:00:00,0.24,0.2857142857142857,0.36,0.26666666666666666,0.31007751937984496
2024-12-10 10:15:00,0.27999999999999997,0.014285714285714285,0.7000000000000001,0.43333333333333335,0.3682170542635659
2024-12-10 10:30:00,0.12000000000000001,0.22857142857142856,0.26,0.26666666666666666,0.19379844961240308
2024-12-10 10:45:00,0.5371428571428571,0.2571428571428571,0.78,0.31666666666666665,0.5968992248062015
2024-12-10 11:00:00,0.14857142857142855,0.12857142857142856,0.22,0.4666666666666667,0.22480620155038758
2024-12-10 11:15:00,0.10857142857142858,0.11428571428571428,0.26,0.3833333333333333,0.18217054263565893
2024-12-10 11:30:00,0.09142857142857143,0.09999999999999999,0.18,0.3333333333333333,0.13953488372093023
2024-12-10 11:45:00,0.3142857142857143,0.14285714285714285,0.1,0.4166666666666667,0.3062015503875969
2024-12-10 12:00:00,0.13714285714285712,0.12857142857142856,0.24,0.35,0.19379844961240308
2024-12-10 12:15:00,0.18285714285714286,0.09999999999999999,0.28,0.4666666666666667,0.25193798449612403
2024-12-10 12:30:00,0.2742857142857143,0.09999999999999999,0.22,0.36666666666666664,0.2790697674418604
2024-12-10 12:45:00,0.17142857142857143,0.07142857142857142,0.3,0.4166666666666667,0.22868217054263565
2024-12-10 13:00:00,0.2742857142857143,0.08571428571428572,0.2,0.4666666666666667,0.2945736434108527
2024-12-10 13:15:00,0.6228571428571429,0.2571428571428571,0.34,0.13333333333333333,0.5271317829457364
2024-12-10 13:30:00,0.5142857142857142,0.39999999999999997,0.44,0.15,0.5155038759689922
2024-12-10 13:45:00,0.3257142857142857,0.32857142857142857,0.76,0.31666666666666665,0.46899224806201545
2024-12-10 14:00:00,0.37142857142857144,0.39999999999999997,0.24,0.2,0.3914728682170543
2024-12-10 14:15:00,0.17142857142857143,0.2857142857142857,0.2,0.13333333333333333,0.20155038759689922
2024-12-10 14:30:00,0.3142857142857143,0.32857142857142857,0.2,0.3333333333333333,0.3565891472868217
2024-12-10 14:45:00,0.19999999999999998,0.3142857142857143,0.5,0.15,0.2906976744186046
2024-12-10 15:00:00,0.2742857142857143,0.3,0.12,0.18333333333333332,0.2713178294573644
2024-12-10 15:15:00,0.5371428571428571,0.22857142857142856,0.76,0.11666666666666667,0.5387596899224806
2024-12-10 15:30:00,0.46285714285714286,0.3,0.62,0.3,0.5232558139534883
2024-12-10 15:45:00,0.4228571428571428,0.39999999999999997,0.7000000000000001,0.21666666666666667,0.5193798449612402
2024-12-10 16:00:00,0.8057142857142857,0.35714285714285715,0.66,0.13333333333333333,0.7403100775193798
2024-12-10 16:15:00,0.6342857142857142,0.34285714285714286,0.72,0.1,0.624031007751938
2024-12-10 16:30:00,0.5828571428571429,0.19999999999999998,0.88,0.08333333333333333,0.5775193798449612
2024-12-10 16:45:00,0.6285714285714286,0.2857142857142857,0.54,0.15,0.5813953488372092
2024-12-10 17:00:00,0.6171428571428571,0.32857142857142857,0.86,0.1,0.6356589147286821
2024-12-10 17:15:00,0.5542857142857143,0.2857142857142857,0.62,0.08333333333333333,0.5310077519379844
2024-12-10 17:30:00,0.76,0.3857142857142857,0.42,0.11666666666666667,0.6666666666666666
2024-12-10 17:45:00,0.8057142857142857,0.18571428571428572,0.76,0.15,0.7170542635658914
2024-12-10 18:00:00,0.7657142857142857,0.4714285714285714,0.8200000000000001,0.11666666666666667,0.7713178294573643
2024-12-10 18:15:00,0.7142857142857143,0.34285714285714286,0.96,0.15,0.7364341085271318
2024-12-10 18:30:00,0.7428571428571429,0.44285714285714284,0.68,0.13333333333333333,0.7248062015503876
2024-12-10 18:45:00,0.5771428571428572,0.3142857142857143,0.32,0.3333333333333333,0.5542635658914729
2024-12-10 19:00:00,0.5942857142857143,0.32857142857142857,0.28,0.43333333333333335,0.5852713178294573
2024-12-10 19:15:00,0.5885714285714285,0.34285714285714286,0.38,0.16666666666666666,0.5426356589147286
2024-12-10 19:30:00,0.2571428571428571,0.22857142857142856,0.32,0.18333333333333332,0.2790697674418604
2024-12-10 19:45:00,0.5542857142857143,0.3142857142857143,0.34,0.16666666666666666,0.5038759689922481
2024-12-10 20:00:00,0.38285714285714284,0.35714285714285715,0.2,0.45,0.437984496124031
2024-12-10 20:15:00,0.49142857142857144,0.18571428571428572,0.36,0.21666666666666667,0.4418604651162791
2024-12-10 20:30:00,0.35428571428571426,0.2714285714285714,0.22,0.13333333333333333,0.32558139534883723
2024-12-10 20:45:00,0.32,0.19999999999999998,0.2,0.08333333333333333,0.2674418604651163
2024-12-10 21:00:00,0.5828571428571429,0.18571428571428572,0.28,0.4666666666666667,0.5465116279069767
2024-12-10 21:15:00,0.49142857142857144,0.07142857142857142,0.24,0.5666666666666667,0.46899224806201545
2024-12-10 21:30:00,0.5771428571428572,0.2571428571428571,0.26,0.45,0.5542635658914729
2024-12-10 21:45:00,0.5828571428571429,0.19999999999999998,0.2,0.3,0.49612403100775193
2024-12-10 22:00:00,0.06857142857142857,0.05714285714285714,0.02,0.3333333333333333,0.08139534883720931
2024-12-10 22:15:00,0.034285714285714294,0.05714285714285714,0.02,0.5,0.09689922480620153
2024-12-10 22:30:00,0.034285714285714294,0.05714285714285714,0.0,0.3833333333333333,0.06589147286821703
2024-12-10 22:45:00,0.06285714285714286,0.04285714285714286,0.02,0.6,0.13565891472868216
2024-12-10 23:00:00,0.034285714285714294,0.0,0.02,0.5,0.08139534883720931
2024-12-10 23:15:00,0.05714285714285715,0.05714285714285714,0.02,0.4166666666666667,0.09302325581395349
2024-12-10 23:30:00,0.06285714285714286,0.07142857142857142,0.0,0.45,0.10465116279069767
2024-12-10 23:45:00,0.051428571428571435,0.04285714285714286,0.02,0.25,0.046511627906976744
